cleaned_text,label
"waduh, tahu gini dulu kagak usah dinaturalisasi sih kalau minim kontribusi untuk timnas indonesia.",0
"tolol lu , terus lu sebagai exco pssi prestasi apa yang telah lu perbuat untuk timnas selain naturalisasi(?) fans timnas wajarlah ngamuk sementara pemecatan sty aja dadakan dan sangat tidak fair.",0
"klub pemain kita lainnya bisa nih kek gini... apalagi yang calon naturalisasi, biar mereka semakin mau bela timnas...",2
"wkwk ini pemain naturalisasi sampah bgt ga ada bagus2 nya buat sepakbola indonesia. di timnas gagal penalti, di liga ga respect, di socmed jg ngegas mulu lancar bener ngehujatnya",0
menurut gue kayanya gapapa deh timnas indo banyakin pemain naturalisasi yang penting bisa memperbaiki kualitas sepak bolanya soalnya dari dulu tu sepak bola indonesia gini gini aja mulai dari gue sd sampe udah kuliah,0
males nonton timnas sejak coachnya diganti. dgn sty setidaknya ada perencanaan dan proses jangka panjang. setuju2 aja dgn naturalisasi tp begitu ngeliat cuma 1 pemain homegrown yg maen ya sedih juga. keliatan bgt muatan politiknya dan pingin hasil instan.,0
banyak pemain naturalisasi di timnas indonesia tp yg di elu2 kan tetap asnawi. jd artinya apa bang messi?,0
"coba deh standar naturalisasi pemain bolanya ditingkatkan pak. pemain keturunan yg masih aktif main di kompetisi utama eropa / kompetisi teratas asia yg dinaturalisasi. syukur-syukur yang masih usia muda. pasti punya dampak buat timnas, pak.",2
"banyak skali keturunan indonesia yg ternyata bermain bagus dan bisa bersinar di luar negri. ok, gua gak muna gua setuju naturalisasi (demi prestasi timnas senior yg sudah memalukan) tapi, pertanyaan gua , berarti pelatihan dalam negri kita itu seburuk apa?",0
"wih negara-negara asean jadi pada gencar pemain naturalisasi ma keturunan, ini jadi menarik ketika timnas harus bersaing lagi nanti di wc 2030, apakah timnas kita akan tetep perform atau seperti biasa negara asean yang lain ngejar, menarik",2
"laku banget ya nigga² di indonesia, easy kentu. pantes banyak pemain timnas dari naturalisasi.",2
yagimana.. lo kan dari belom kena kopit aja udah jadi koordinator dajjal.. masa naturalisasi jadi timnas gamau sik?,0
makin ke bukti statement om rocky gerung “timnas indonesia hmpir 100% naturalisasi adalah produk penipuan bagi bangsa indonesia”.,0
"klo gaji club itu ud di rangkep bro selama kontrak,misal 2 thn ya bayar nya 2th lgsg itu+nilai kontrak si pemain,beda lg sm timnas yg sistem nya bulanan,klo sponsor club sm sponsor pemain kan beda lagi pemasukannya.coba situ liat pemain naturalisasi yg main di luar gabakal…",1
"saran jgn ada naturalisasi., progam naturalisasi ga pernah menghasilkan piala apapun buat timnas indonesia.",0
"belum dinaturalisasi, sandy walsh kecewa tak bisa bela timnas indonesia: calon pemain naturalisasi sandy walsh belum bisa memperkuat timnas indonesia saat melawan kuwait di kualifikasi piala asia 2023",1
"sakit yang tak berdarah yang terhormat pengurus federasi sepak bola indonesia, kira2 mau sampai kapan sepakbola kita seperti ini? bkn salah pelatih atau pemain, tp yg slh yg ngurus sepakbola..apa perlu kita naturalisasi pengurus sepakbola luar, biar ngurus sepakbola disini",0
fans fans fomo timnas indonesia ini ketagihan naturalisasi dan cara instan yang dikerjakan erick thohir ketika ada yang membahas roadmap soal pembinaan usia muda liga dan sebagainya mereka marah dan mereka akan kira yang mengkritik itu buzzer salah 1 pundit lucu sih,0
"ternyata timnas indonesia stuck disitu2 aja yaa, kirain ada perkembangan ya berarti gasalah sty mau banyak pemain naturalisasi, biar punya pemain timnas yg isi staminanya roti susu",0
naturalisasi pemain bukan satu-satunya opsi meningkatkan prestasi timnas indonesia,1
"tbh, gw sedikit bersyukur timnas gagal lolos ke pildun. biar pssi sadar diri, kalo naturalisasi aja ga cukup dan orang-orang yang berharap dapet “sesuatu” dari timnas akhirnya ga dapet apa-apa",0
"bawa timnas indonesia naik peringkat fifa ke 100. udah bisa lawan tim2 arab dengan bermodalkan pemain naturalisasi asli dari fm21. ezra walian, thom haye, elkan baggot, dan benjamin van leer jadi tumpuan.",2
semoga pemain timnas ini (khususnya yang naturalisasi) bisa terus main di liga eropa. asiancup2023,1
ntar kalo udah umur 30 belom nembus timnas belanda baru mau di naturalisasi lord wkkk,0
menolak mengakui hindia belanda sebagai indonesia yang menjadi wakil dari asia pertama di piala dunia sama dengan netizen yang menolak thom haye dkk berstatus sebagai pemain naturalisasi di timnas indonesia. source:,1
jadi kangen pemain naturalisasi timnas indon nyanyiin indonesia raya cuma bagian reffnya aj sisanya ngunyah2 permen karet,2
"gini pak coach, kalo udah ngomongin pemain timnas, gak ada istilahnya pemain naturalisasi atau pemain lokal. statusnya sama kok, pemain timnas indonesia. siapapun pemain timnas indonesia, kalo main jelek ya dibilang jelek. kalo main bagus ya dipuji main bagus.",0
"timnas akan segera dibentuk. terdiri pemain nasional akamsi yg berada di berbagai u. merekalah yg akan dicoach allout. pemain eredivisie naturalisasi sdh pulang semua ke negaranya masing2.akamsi: marselino,rizky r,ricky kambuaya,beckham putra, egy mv,witan,nadeo",1
"sekarang mah bakal lebih yakin dan percaya klu timnas rata2 di isi sama naturalisasi, wong lokal2 nya aja pada begini sikap dasar nya, ngerakeun pisan maneh erwin",2
ayo satukan mereka di timnas indonesia. siap naturalisasi,1
"saya lebih suka pakai term pemacu utk pemain2 naturalisasi keturunan di timnas indonesia. naturasilasi blm tentu bisa dilakukan terus menerus, banyak hal yg jadi alasan. pemain naturalisasi digunakan sbg pemacu pemain2 lokal utk menaikkan standarnya.",2
ronaldo siap di naturalisasi timnas indonesia hiburan dulu...,1
"pemain timnas indonesia harus bisa tunjukkan taringnya, baik naturalisasi maupun lokal! beritabola timnasindonesia",1
unpopular opinion: pergantian pelatih timnas indonesia dari sty ke pelatih staff asal belanda merupakan tekanan dari knvb ataupun pemerintah belanda sebagai politik balas budi dari pssi ke knvb/pemerintah belanda karena telah banyak membantu dalam proses naturalisasi ...,1
timnas indonesia bisa jadi juara kalau semua pemainnya naturalisasi.,2
"masih bnyak ya yg slalu berfikir naturalisasi itu utk timnas... padahal itu udh hak wna yg sudah memenuhi syarat utk berganti kewarganegaraan, bukan hnya tntang sepakbola.",0
"sangat mendukung program naturalisasi utk tim sepak bola indonesia yg lebih baik, kualitas passing pemain lokal msh jauh dr harapn sty, bgt jg dgn pola makan serta passing masih diajari, pemin liga 1 msh ada yg krupuk, pantas bapuk pph 21 towel mahfud md timnasday",2
"pundit asal amerika sampe bilang :  damn, hampir seluruh starting eleven u23 timnas indonesia itu ada piala asia senior kemarin   asian la masia bro  sampe mereka kira marselino juga naturalisasi dengerin tuh towel timnasday mnc group uzbek",1
"bagi fans yg anti pemain naturalisasi, noh lihat kelemahan kesalahan mental yg bikin timnasu20 kebobolan lagi! timnas timnasday timnasindonesia",0
"secara hukum, nol cuma berhak jadi warga negara hindia belanda yg kemudian jadi indonesia. lagian dia enggak pernah bela timnas manapun sebelumnya selain hindia. apa karena dia belanda totok, maka begitu bela timnas indonesia disebut naturalisasi?",0
"sah mah emang sah, yg dibahas ini kan tujuan naturalisasi nya. jadi bukan untuk memperkuat timnas, tapi biar club gak perlu pake jatah pemain asing untuk pemain yg punya kualitas pemain asing",0
"permainan u-16 sangat bagus.tentu cita2 mereka kelak mnjd tim di level lbh tinggi,mnjd tim senior.bisakah?belum tentu.program kini gencar berburu pemain naturalisasi utk membentuk timnas,dgn target juara di berbagai event.pilihannya: naturalisasi.",2
"segera benahi grassroot, tingkatkan kualitas liga lokal setelah itu jika kualitas pemain lokal sudah naik atau bahkan sudah bagus, program naturalisasi juga jangan dihentikan atau lebih ketat aja pemilihan pemainnya. kalo udah gitu timnas indonesia gaperlu lagi pelatih spesial",2
kalo di perhatikan dan di tampung baik federasi. emang kans sepakbola putri melaju ke pentas dunia itu bukan tdk mungkin ketimbang timnas putra. ga perlu naturalisasi pemain timnas putri pake pemain lokal aja kalo di tampung baik dgn federasi pasti bakal berhasil,2
gak sengaja lihat rencana naturalisasi pemain2 keturunan buat maen di timnas bola. akusih tim ga peduli ya klopun misal starting eleven pemain naturalisasi smua wkwk. trus pasti ada yg nyinyir lah beda kualitas lah sama pemain lokal gabisa disamain. laahh?? aneh wkwk,0
"kalau timnas di isi pemain keturunan dan naturalisasi, ada berapa ratus juta anak yang ingin berjuang masuk timnas tpi kalah sama jalur naturalisasi dan keturunan",0
timnas dan naturalisasi adalah akademi mbali united,1
"kalau maksudmu pemain pribumi, bukan naturalisasi, maka ramadhan sananta sepertinya pilihan terbaik buat striker timnas indonesia di 2025. dia satu-satunya penyerang asli indonesia di skuad terbaru, dengan 5 gol dari 14 caps. pemain lain seperti rafael struick, ole romeny, dan ragnar oratmangoen memang bagus, tapi mereka naturalisasi dari belanda. jadi, buat yang fokus ke talenta lokal, sananta jadi andalan utama saat ini.",2
"klo pebola mungkin kasusnya krn blom prnh dipanggil timnas senior negara lamanya. sesuai aturan fifa, mrk bs perkuat timnas senior negara lain lewat proses naturalisasi koh moen.",1
paling bener timnas mah kudu naturalisasi,2
baru tau gue bahwa timnas puteri juga proses naturalisasi. dan keren-keren pula.,2
"belain sesama naturalisasi nigeria yg gak ada kontribusinya sama timnas, ayo geng brazil mana suaranya?",0
"timnas u23 korea juga zero senior players kok. cuma kebanyakan udah banyak menit bermain aja di liga intinya erick thohir gblk. naturalisasi aja terus, grassroot gak dipikirin.",2
"tapi kalau dilihat dari sisi pure bola tanpa doi timnas gaakan sejauh ini, liga bakalan stuck kayak 2019, gaada pemain naturalisasi grade kayak diks,zay dll dan grade hubner aja bakalan 50/50 dan yang terpenting, sepakbola indo bakalan di ban dari fifa karena kanjuruhan kemaren.",0
"jujur sejak 2010 ak ikuti liat perkembangan timnas indonesia semakin tahun semakin peningkatan kok, gongnya itu di era sty, rasa permainan di lapangan sdah cukup bagus berkembang. saran aja buat cari lagi naturalisasi untuk bagian depan, untuk yg tdi udh bgus.",2
"aff 2016, zulham kena hate, yang defend bobotoh 2024, ferrari kena hate, yang defend the jak akhirnya emang yang peduli cuma supporter rootsnya karena udah tau susahnya survive di liga. itu timnas kalo proyek naturalisasi et mandek, yang berisik balik lagi nonton badminton.",0
"kenyataannya bener, belanda malah jadi talent-pool instan untuk timnas indonesia. awalnya udah bener naturalisasi beberapa posisi doang biar dipadukan dan transfer ilmu dan koneksi, tapi liganya aja gak beres, apa yang mau diserap? syukur aja rr menyerap dengan betul.",0
"nah, pengen tau juga, siapa pemain naturalisasi qatar generasi skrang yg di panggil ke timnas....",1
"proses naturalisasi memakan waktu lama,tahu2 gagal dan digagalkan,mereka mau dinaturalisasi ingin memperkuat timnas u20 indonesia di pildun u20.",1
"lgsg naturalisasi pemain liga arab yg udah pensiun dari timnas, jaminan bukan tim penggembira",1
"naturalisasi untuk kepentingan timnas naturalisasi untuk kepentingan klub circle family, klub exco, (digilir)",1
"striker timnas indonesia kurang tajam, besok naturalisasi aja mbappe dan halland sekalian bangun rumah untuk mereka berdua di cibinong.",1
timnas isinya pemain naturalisasi semua hahaha,0
"minimal separuh pemain timnas kaya elkan, adem keknya timeline. akhir² ini ngeliat anak² timnas mayoritas aktif dan muncul terus di sosmed pandanganku jadi beda ke mereka tidak sesuai ekspektasi pas awal² ramai naturalisasi.",0
"transfer pemain timnas lagi aja, full squad inti cadangan kalo bisa naturalisasi. udah 80%, nanggung ga 100% sekalian.",0
"kebalik ya skrg. timnas malay banyak naturalisasi nya. indonesia skrg malah ga ada ayo iso ayo iso. menang menang menang, lokal lebih bringas",0
plisss negara eropa mana aja dah naturalisasi gw jadi warga negara kalau pelatih timnas indo senior dari lokalan,0
nyesel gak ya yg udah join timnas jalur naturalisasi?,0
"jalan pintas ke pentas piala dunia yang bernama 'naturalisasi' itu ternyata gagal ! - bukan anti, hanya kadang liatnya anehnya aj, liat pemain timnas bule, malu ati, mereka tu bukan kita banget..",0
"gak perlu sih menurutku, indonesia ini cuma sering² ikut event internasional, buat timnas junior juga dan juga sering diikutin event inter. kompetsi sekolah dan universitasnya ditingkatin kyk dijepang. kualitas liga juga diperbaiki, naturalisasi itu cuma utk jangka pendek.",0
4 pemain naturalisasi yang siap diperkenalkan di timnas. semoga mereka bisa memberikan kontribusi positif bagi timnas indonesia. 1. jordi amat 2. sandy walsh 3. need hilgers 4. ragnar oratmangoen,1
emg sih bikin sedih liat pemain timnas hampir semua nya naturalisasi… klo kekurangan pemain lokal bibit unggul ya fokus dilatih? atau cari cabor lain yg bisa jd unggulan selain sepak bola kan bisa,0
ga bisa distop aja apa ya naturalisasi beginian? ga bikin timnas berprestasi juga,0
"gapernah bangga2 amat ama bola/timnas indo. gamau cape2 ngelatih, ngebentuk nunggu, jadinya naturalisasi terus. kasian malah, maksa banget menang tanpa lewatin proses.",0
"naturalisasi terbukti berdampak bagus di timnas indonesia. now, mari naturalisasi dpr dan jajaran menteri.",1
"gak gitu juga lah naturalisasi timnas bola itu wajar karena memiliki darah keturunan dan sangat memberikan kemajuan , sedangkan kita mau melakukan versi dokter? itu dokter kewarganegaraan asing yg keturunan or bukan? kenapa gak naikkan fleksibilitas dokter lokal.?",0
masih nggak paham urgensi naturalisasi marc klok buat timnas.,0
"hehhh...dari dulu gw pikir emang lucu sih sepak bola indonesia.. mau bangga dgn prestasi nya, tp kebanyakn star player nya import ato naturalisasi.. udah gtu klo ada pemain bule, aura pemain lokal nyungsep.. bahkn sekelas artis cwek indonesia pun banyk yg nempel ama pemain bule..",2
"pemain asing yg mau di naturalisasi knp pas di club mainnya 'agak' bagus. tp pas udh di naturalisasi dan main di timnas, mainnya b aja. timnas wakanda loh ya bukan timnas sini kok.",0
"this, udah lah, ga capek-capek ngingetin para produk naturalisasi atau keturunan untuk jauh-jauh dari liga indonesia!!! you guys will be okay out there, dan berkembanglah di sana untuk membangun timnas indonesia yang berkualitas tinggi!",2
"mon maap banget nih bang kameramen kalo indonesia raya lagi main, pemain timnas yang naturalisasi jangan disorot kelamaan. masih belom pada hapal lagunya ditambah grogi. kesian.",0
"dua kali kalah timnas dominasi naturalisasi gagal ke piala dunia 2026..jangan saling menyalahkan memang itulah yang mereka bisa btoo.erick .,?",0
"jangan bawa2 asia, nanti berisik lagi karena ga cocok sama pemain timnas yg banyak naturalisasi + target timnas yg pengen mendunia bukan sekelas asia",0
tergantung sudut pandang. apa bisa disebut sebagai naturalisasi seperti halnya indonesia merekrut personil timnas sepak bola?,1
ga capek ya orang2 overproud sama timnas yg digendong pemain naturalisasi,2
"boga pemaen label timnas dan naturalisasi, tapi strategina maen long ball-long ball bae. mending mun anu akuratmah, ieu mah asal ngangkat bola bae",0
"dari dulu juga pemain timnas indonesia sudah begitu…. apa bedanya sty dg pelatih lokal sekalipun kalau merasa kecewa tapi tidak bisa memperbaikinya, bahkan sdh pakai pemain keturunan/naturalisasi segala (kemewahan yg tdk didapat danurwindo dkk dulu)..?",0
"baru ada elkan timnas racikan sty udah keren, gimana kalau ditambah pemain naturalisasi lain ya",2
"sudah lah akui saja, nyatanya memang anjlok kualitas pemain lokal kalian. klo memang gak anjlok ngapain federasi sepak bola kalian ramai2 naturalisasi pemain, yg kualitasnya sama aja kayak pemain lokal. lawan timnas indo aja ketar ketir",0
"setelah menuhin slot timnas, sekarang mulai menjarah slot slot di liga, udahlah slot pemain asing ditambah sekarang slot pemain lokal juga diambil pemain naturalisasi",0
"naturalisasi calon pemain timnas bola makin gencar dilakukan ,bukan tidak mungkin seluruh pemain timnas yg berlaga nantinya 100 % produk instan naturalisasi. emang boleh? untuk membahas ini kami undang pelatih klub sepak bola inggris, coach erik den hag (dlm konfirmasi)",1
"memalukan! lebih baik kalah tapi dgn kekuatan sendiri, daripada menang dgn pemain impor berkedok naturalisasi. faktanya, tetap saja kalah. casing saja timnas indonesia, tapi isinya bule! bagaimana mereka bisa lolos naturalisasi instant begitu, meski tidak memenuhi syarat uu kewarganegaraan? salah satu syarat naturalisasi adalah harus bisa bahasa indonesia dan pernah tinggal di indonesia 5 tahun berturut-turut atau 10 thn tidak berturut-turut. sangat konyol memalukan bangsa sendiri, namanya pemain indonesia, tetapi saat konferensi pers, dan saat mereka diwawancara oleh jurnalis indonesia, di indonesia, mesti dgn bhs inggris. karena mereka tidak bisa bahasa indonesia.",0
pake naturalisasi semua aja timnas kalo pemain lokalnya ga profesional gini,0
"sdhlah sty jgn pikirkan timnas.kisah sty sdh berlalu. biarkan mncari pengganti patrick kluivert, utk latih akamsi.biarkan para naturalisasi eredivisie pulang ke negara asalnya. kita bina akamsi allout. harus bisa, harus bisa dan pasti bisa.",2
"bukan itu poinnya, ceng. naturalisasi mah bebas, hak dia. tp kalo naturalisasi terus ngarep masuk timnas waktu dianya aja jarang main dua-tiga musim. kan mending panggil yg lain. inget, keluarganya kontak pak hasani bilang jairo siap bela timnas. ga pernah main, ngapain?",0
pemain naturalisasi bukan jaminan jadi pilihan utama di timnas indonesia. bahkan ada yang hanya cicipi 2 laga.,1
knp banyak yg sebelah mata ke pemain yg mau ikut naturalisasi padahal mengorbankan privilege status warga negara terdahulunya (negara maju) demi main timnas bbrp tahun dan belum tentu prestasi juga + federasi dan pemerintah yg wkwkwk,0
coba naturalisasi pemain timnas kamboja.,1
"gambaran timnas indonesia klo yg rencananya mau di naturalisasi cepet terealisasi utama : paes sandy, amat, baggot nathan, tom haye, ivar, shayne struick, ragnar, marcelino cadangan ernando/margo ridho, jay idyes, baggot asnawi, kambuaya, hubner, arhan witan, sananta, saddil",1
"walau tidak menampilkan permainan mengesankan di ag tapi saya tetap berterimakasih dan dukung timnas indonesia. mau dilatih indra sjafri atau sty, mau pakai pemain naturalisasi atau lokal pret, bagi saya timnas ya tetep timnas. kalau kalah ya pasti bikin sedih.",2
baru tahu alasan kenapa eksekutor penalti semalam asnawi. ternyata memang diinstruksikan langsung oleh sty agar misal kalau gagal pun asnawi bisa mengemban tanggung jawabnya sebagai kapten timnas. seandainya yg ngambil struick atau mungkin pemain naturalisasi lainnya,2
messi suruh naturalisasi dlu ke timnas baru bisa kek gini,1
fokus naturalisasi jordy amat sandy walsh dan shane pattynama agar timnas garuda jangan jadi bulan2an di piala asia.bravo coach shin tae yong.pelatih hebat yg bisa menemukan strategi jitu utk garuda walaupun pemainnya berasal dari liga indonesia yg kurang bermutu,2
"panelisnya berkelas semua, ngebahas hottest issue in the street (naturalisasi dan timnas), dan yang di meja adalah orang-orang paling expert soal naturalisasi dan timnas, eh host-nya malah boomer yang gangerti apa-apa soa itu, such a waste.",2
"timnas piala asia 2007 tanpa naturalisasi pemain, dlu nonton sampai dredeg wkwk",1
mau nanya dong info a1 nanti timnas indonesia bakalan naturalisasi striker kelas a gak???,1
berharap jadwal kompetisi klub bertanding serentak sabtu minggu tdk hanya 1 musim hapus regulasi pemain asing 3+1 kompetisi segala usia di gulirkan aturan naturalisasi di perketat usia 18- 23 u timnas.. smg berprestasi,1
"agak kurang setuju dengan poin nomor 4. padahal sudah jadi rahasia umum kalau rata-rata market value gaji pemain lokal lebih mahal dibandingkan pemain asing yg belum pernah bermain di liga 1. ini belum termasuk pemain lokal yg ex/aktif di timnas dan naturalisasi, ya.",0
"hentikan sementara naturalisasi! menurutku, sisa pertandingan ini. tidak perlu lagi untuk naturalisasi. karena apa yang sudah kita lihat permainan timnas sudah sangat oke. agar tidak perlu lagi untuk menyesuaikan antar pemain. yang ada ini cukup ditingkatkan aja. gimana guys menurutmu? timnasday",0
"shin tae yong korsel garudamendunia era 70-an timnas garuda indonesia dikenal sangat tangguh, bahkan cukup disegani di asia dan ditakuti di asia tenggara, dikenal sebagai macan asia tanpa pemain naturalisasi. lalu apa kendalanya saat ini jika tanpa naturalisasi ?",0
pemain berlebel timnas can tentu alus di klub. percuma pemain naturalisasi nu timnas tapi kualitas kurang pantes. pilih sesuai kebutuhan dan karakter yang di butuhkan tim dan pelatih. tong loba teuing kalem kaburu meunang pemain sesa supres2maderpakerlah!,0
senoga cepat naturalisasi ke timnas as,1
"untuk urusan naturalisasi pemain saja federasi begitu cepat dan niat mengurus, bahkan sampai mengambil jalan pintas melalui kementerian dan dpr. kok untuk tanda tangan pelatih timnas indonesia yang prosesnya lebih mudah, masih belum dapat ?. lu serius kagak ?.",0
"usulan fifty-fifty bisa jadi strategi bijak untuk keseimbangan tim. namun, prioritas utama tetap pada meritokrasi, di mana talenta terbaik—baik asli maupun naturalisasi yang setia—dipilih demi prestasi maksimal. dukungan penuh 278 juta rakyat akan menguatkan timnas melawan irak, asal semangat kebangsaan menyatu di lapangan.",2
"akan jadi pertaruhan besar buat jordi amat ke jdt, selain buat pribadi, tapi buat timnas indonesia. simpelnya indonesia butuh bek berkualitas, dan jordi ga bisa mempertahankan kualitasnya, ya indonesia sia² naturalisasi dia.",1
stop naturalisasi pemain asing ke timnas indonesia. indonesia tidak kekurangan anak - anak berbakat dalam hal sepakbola.,2
"gua lagi bahas legal standingnya, bukan status ktp atau paspor mereka saat ini. ga semua pemain naturalisasi diperbolehkan fifa untuk membela timnas negara barunya! ga semua pemain naturalisasi yang ga punya darah keturunan negara barunya juga yang dilarang fifa untuk membela timnasnya.",0
"""harusnya sih jangan ya. soalnya proyek sty ini kan jangka panjang; banyak pemain muda di timnas biar pas di golden age jadi alias nyetel dan lagi mau naturalisasi pemain.""",0
target itu perbaiki liga sekelas liga eropa tier 2 timnas itu hsl dr liga ... bkn hsl naturalisasi masih mimpi aja .. jd capres,0
"woyy tiba2 baru liat plss, lu mau jdi tim naturalisasi timnas can ?",1
"pemain timnas naturalisasi sih ok ya, tapi ri1 naturalisasi?",1
beda kebijakan sih. di arab bisa aja langsung digaet. kayak dulu timnas qatar kan isinya beberapa naturalisasi. kalo ga salah jonathan soriano dah pemain qatar dulu hasil naturalisasi,0
"pergantian pelatih dan proses naturalisasi ugal²an ini ditempuh dgn tujuan mendapatkan hasil dg cara2 instan, gwe juga tentunya berhak menuntut hasil instan. gak tau kalo kalian. tim yg kemarin udah layak dijuluki timnas belanda b, bjirrr... dan lu secongor²nya ngomong progres",0
kaum 16% + 2% anak abah adalah kaum septik tank yang benci dengan kemajuan timnas indonesia mereka menolak gelaran piala dunia u20. ingat… rano karno juga anti naturalisasi. jangan di pilih.,0
"""total biaya program timnas era erick thohir mencapai rp800 miliar per tahun untuk seluruh aktivitas, termasuk rp277 miliar dari apbn khusus kualifikasi piala dunia 2026 yang fokus pada persiapan, travel, akomodasi, dan pelatihan. naturalisasi pemain tidak melibatkan pembayaran langsung ke atlet karena sukarela, tapi menambah beban operasional seperti gaji pelatih dan fasilitas. tambah jabatan tak akan ubah hasil; butuh reformasi struktural pssi dan pembinaan usia dini untuk sukses jangka panjang.""",2
"biaya agen naturalisasi, biaya pesawat ke indonesia, biaya htm ngisi list latihan bareng timnas, biaya hotel di indonesia dll bisa direfund ga?",1
tlong naturalisasi grilis biar maen di timnas sini aja bang,1
"kalo pun ada naturalisasi lagi, gue harap mereka ngga cepat cepat pindah ke liga 1. biar main di luar aja terus. yang kita perlukan buat naik level di timnas memang soal pengalaman main di liga yang sekompetitif eropa.",2
"sapri itu pelatih yang cuman cocok buat lawan2 asean. pelatih lokal ditambah pemain lokal, ya ampas. timnas memang butuh naturalisasi.",0
"kaya timnas langganan juara aja. kalo timnasnya berprestasi pakai lokal, terus naturalisasi jeblok, baru dah boleh marah-marah",0
"gw punya 2 bukunya tahun 2006 sprirtualitas sepakbola. gw bakal kasih ke yang kasih komentar terbaik soal kenapa program naturalisasi di timnas bola itu jangan dilanjutkan? . dok, tolong di-rt :) kalau ngga rt, tak culik koen",2
"iyaa naturalisasi, soalnya dia main sbg timnas bukan club aja(?)",0
"di komen2 pemain naturalisasi timnas yang baru2 itu baru ngeliat ‘ilmu padi ’ versi baru, yaitu ‘ilmu abah, tak mau kalah’, which is a read, a shade, and a compliment at the same time?? never thought football bros would be able to come up with those combo",1
tetap dukung apapun kelompok umurnya. menang disanjung kalah tetap didukung. lokal pret dan naturalisasi pret adalah benalu bagi kemajuan timnas indonesia.,2
"pantesan aja buat di level timnas nyari 11 pemain berkualitas dari jumlah penduduk indonesia yg 200 juta lebih orang itu susah, ya mending cari pemain keturunan/naturalisasi yg grade a aja kalo begitu mah mendingan nanti line up skuad nya",0
"tim sepakbola papua mainnya keren. tp orang² lbh memilih naturalisasi orang asing utk dijadikan pemain timnas. negeri yg embuh. ponxxpapua2021 disclaimer : tim sepakbola jabar dibantai 5-1, fyi.",1
"sejak 2010, timnas udah naturalisasi pemain. sejak christian gonzales, irfan bachdim, dll. tp prestasinya ga sampe level asia. udah 14th naturalisasi berjalan. udah banyak pemain dinaturalisasi. tapi baru 3 tahun terakhir prestasi timnas lumayan. terus masih raguin coach nya?",0
"bisa, klo misalnya dia punya dua kewarganegaraan bisa dinaturalisasi yg penting rank timnas indonesia nya udh diatas 100an biar pada mau di naturalisasi soalnya rata2 pemainnya dri eredivisie",1
"gak berharap apa apa sama timnas kali ini karena squad nya juga i know agak krik krik, tapi ya ga sejelek ini ajg malu maluin, mending udah full naturalisasi sama abroad aja gausah pake pemain dari club lokal yang kaya tai timnasday",0
"klau loe protes soal naturalisasi, lalu bertanya anak2 kita gmana?, mk seharusnya loe bina tuh anak2 kita spy kualitasnya setara dgn pemain naturalusasi, shg nanti pssi akn mengambil anak2 kita itu msk timnas indonesia. jgn sampai kejadian lg ada anak2 kita dibantai 0-10.",0
"positif thinking aja mas mungkin niatnya indra sjafri bagus pengen ngambil bakat muda kaya u-19 dulu , tapi itu dulu sekarang kebutuhan timnas kalo gaada naturalisasi gak juara sih",2
"kirain trend naturalisasi di timnas indonesia aja, ternyata di timnas lain pun termasuk dari negara asia tenggara sering juga ternyata. banyak nama baru soalnya di afc asian cup kali ini.",2
jaman timnas belom ada naturalisasi mainnya lebih greget.,2
"harusnya naturalisasi murni. tp naturalisasi murni itu tidak semudah cuma udah 5 tahun trus bisa jadi wni. kalo naturalisasi murni, ga perlu ke dpr, ga perlu dibantu menpora dan pssi. kecuali emang pssi mau mereka di timnas ya harus dibantuin biar cepet.",0
"katro,mental jadul. gausah sok,tim nasional peringkat 1 sampe 10 besarpun banyak pemain keturunan,kita siapa? timnas peringkat 160 aja kok belagu. baca berita bang,pemain naturalisasi yg dulu2 itu pemain mana? ya pemain tim liga indo,klub2 bobrok. jgn samain sama yg skrg",0
"banyaknya pemain naturalisasi di timnas indonesia memang meningkatkan daya saing, terlihat dari kemenangan seperti 2-1 atas kuwait. namun, dunia tampaknya masih memandang indonesia sebagai tim medioker di asia dan global, dengan ranking fifa ~152 dibanding uzbekistan (~75), yang sudah mapan sebagai negara sepakbola baru. uzbekistan konsisten lolos turnamen besar, sementara indonesia belum. jadi, meski ada progres, persepsi global belum berubah signifikan.",2
"sebangga itu loh pemain naturalisasi membela timnas indonesia, kok ya masih aja ada yg ga terima timnas berkembang. towel asu",0
"diplomasi bermuka dua indonesia thd rms pemain timnas sepakbola naturalisasi asal belanda opa omanya dianggap pengkhianat, tp kemudian mencari pembenaran menaturalisasi cucu2nya dgn alasan memiliki darah indonesia norak gak gentle sama sekali",0
timnas indonesia juga kalo gak ada imigran dari maluku ke belanda juga gak sebanyak ini naturalisasi dari belanda,0
"kalo menurut lu kita pengen instant. mungkin ezra, sandy dan naturalisasi lainnya masuk skuad timnas, bro wkwkw",0
"mungkin udh saatnya angkatan naturalisasi awal (jordi, shayne, walsh) mulai difokuskan untuk bantu timnas berprestasi di level asean. untuk level asia-eropa, serahkan ke jay idzes, diks, dkk. biar bagi2 tugas",1
"mohon percepat naturalisasi pemain keturunan indonesia u-20 ivar jenner, justin hubner rafael struick, yang terhormat pak , mereka punya darah indonesia punya hak yang sama untuk membela timnas indonesia, percepatnaturalisasi",1
kalau kayak gini kapan maju nya sepak bola indonesia. kayaknya ngga cuma pemain yang di naturalisasi tapi pengurus pssi juga perlu di naturalisasi harunaout,0
naturalisasi cinderace untuk memperkuat timnas,1
"tau ga, lurrr!!! dua punggawa timnas piala asia u23 hasil naturalisasi ternyata tidak hanya berdarah keturunan indonesia tapi lebih spesifik lagi yaitu keturunan semarang nobar yok, lurr timnasindonesia sepakbola afcasiancup2024 pialaasiau23 shintaeyong",1
"shin tae-yong bisa apa tanpa pemain naturalisasi ?.⁣ ⁣ lho, emang sepakbola indonesia dan timnas indonesia bisa apa tanpa pemain naturalisasi dan shin tae-yong ? .⁣",0
mantap krina udah mainnya indonesia. tambah naturalisasi untuk kiper. yang main di liga indonesia jangan dipanggil ke timnas sebelum liganya oke.,2
"betul naturalisasi nya tokcer. tapi gak lepas juga dari pembinaan usia dini-nya. kayaknya hampir semua pemain timnas yg masa kecilnya di indonesia ini jebolan dbl. duh, andai liga danone bisa se-rapih dbl.",2
belasan tahun main fm dan sering banget naturalisasi pemain untuk timnas indonesia tapi jordi amat ngga pernah masuk list. emang baru ketauan garis keturunannya ya?,0
"ezra di fm ini emang ajaib. di universe fm gue dia jadi topskor timnas karena didukung database pemain naturalisasi. pasokan bola ke dia jadi lancar, kalau udah depan kotak pinalti tajem banget.",2
"bisa tidak orang di federasi, pemerintah dan pelatih timnas yang meyakinkan pihak yang tidak setuju bahwa naturalisasi pemain lain atau yang selanjutnya tidak menimbulkan masalah baru ?. kalau tidak, kasihan pemain keturunan yang memang tulus ingin bermain untuk timnas indonesia.",0
wkwkwkwkwwk project naturalisasi timnas indonesia di masa depan yg cerah,2
"kalau jujur mau membangun sepak bola indonesia, dia ga akan jor-joran melakukan program naturalisasi. naturalisasi itu proyek jalan pintas/instan dia utk maju pada 2029. dia tahu apa yang harus dia perbuat di luar naturalisasi. dia khatam soal sepak bola!",2
"terima kasih! aff 2020 runner-up memang hasil sty dengan skuad lokal dominan, sebelum naturalisasi masif. lolos asian cup 2023 (pertama sejak 2007) dan 16 besar itu fondasi taktiknya yang elite, naikkan ranking fifa indo drastis. hodak kuat klub, tapi nol pengalaman timnas senior berisiko buat target kontinental—fakta prioritas impact nyata.",2
naturalisasi kan buat timnas bukan bukan buat liga,0
ga cuman timnas aja kuli skarang pun naturalisasi,0
"sepak bola indonesia, naturalisasi bukan solusi permanen kejar prestasi !",1
akankah kedantangan pemain naturalisasi bakal bawa konflik internal ke tubuh timnas indonesia?,1
"oalah, konteks utamanya itu, aku malah fokus di sepak bolanya saja, jadinya agak sarkas kalau sepak bola indonesia better karena naturalisasi",0
"lu bego atau bodoh, untuk bersaing ke timnas belgia dia sadar diri susah, tp untuk timnas indonesia ya di atas standard pemain liga dagelan lah, apa harus main di liga dagelan dulu baru dibantu naturalisasi nya.",0
"tanya pd diri anda. tanya pd hati anda. apkh betul kalian gembira timnas lolos k semifinal. adalah buah karya putra terbaik indonesia. pd wkt kalian cek, ternyata warna kulitnya berbeda dgn kalian. naturalisasi gagal sudah brp banyak?",2
"pemain naturalisasi dan pragmatisme di tubuh timnas indonesia sepak bola indonesia butuh waktu, bukan jalan pintas. sebab sepak bola, lebih dari sekadar olahraga, ia adalah cermin perihal siapa kita sebagai bangsa",2
ibarat panggilan timnas eh malah milih naturalisasi ke pluto ya pakpres,0
apa yg membanggakan dari timnas naturalisasi ini?,2
kok masih ga pada terima kekalahan ya. padahal semua pemain naturalisasi jelek dan semua pemain naturalisasi itu titipan politikus asu. timnas lu berasa tata surya kah,0
emang harus diakui.. pemain2 naturalisasi itu sedikit banyak mengubah gaya permainan timnas indonesia..,2
1. ratna sarumpet di gebukin 2. monas di gundulin 3. patung bambu bersetubuh di tengah kota jakarta 4. sumur resapan a.k.a kandang lele di tengah kota jakarta 5. pembayaran fee pormula eek yg masih misterius. 6. naturalisasi sungai menjadi pemaen timnas indonesia 7. ok oc,1
"ingat target tinggi di timnas, ekspektasi dari naturalisasi pun tinggi",2
"salah satu alasan knp saya ga begitu hype ngikutin timnas ya ini, meskipun dari kualitas pemain udah berkembang pesat karena naturalisasi, tapi tetep aja ga bikin seru buat diikutin ini timnas, selama fans2 sini mikirnya masih pada kolot ya bye, apa salahnya sih ngekritik sty?",0
sejauh ini pemain naturalisasi dengan caps terbanyak adalah gonzales. striker 46 tahun yang belum pensiun dari sepak bola profesional ini telah membela timnas indonesia 29 kali. ada pemain idola kalian lob? sumber : cnn indonesia bolalobfootball naturalisasi,1
sok paling tau keamanan di liga ini.. sok paling tau regulasi liga.. pake ngomong timnas naturalisasi.. makan tuh lokal pride,0
kalau ingin membangun rasa nasionalisme yg kuat sebaiknya pelatih pemain timnas harus di isi anak2 muda indonesia yg terbaik . karena sejujurnya ada rasa tidak puas jika timnas justru banyak diisi oleh pemain naturalisasi . seakan tak percaya dgn kemampuan anak bangsa sendiri .,0
"terserah kamilah atau siapa pun, tapi mengandalkan naturalisasi berlebih cuma tambal sulam sementara. bangun fondasi talenta lokal melalui akademi dan pembinaan pemuda itulah kunci kejayaan berkelanjutan. kalau tak, timnas bakal rapuh saat pemain import hilang—bangga sesaat, tapi akarnya kosong. apa rencana jangka panjang indonesia sebenarnya?",0
bedain aturan uu kewarganegaraan indonesia sm aturan fifa. klok lolos syarat naturalisasi dasar hukumnya uu kewarganegaraan tp ga lolos main di timnas krn terbentur aturan fifa. di gak bisa buktiin punya keturunan indo makanya harus munggu 5 taun br bisa main di timnas.,0
"emng indra sjafri setuju buat program naturalisasi?udah tau indra sjafri demennya pemain lokal,jadi gausah bahas naturalisasi klo indra sjafri masih di bagian timnas",2
indonesia gila bola ingin timnas indonesia berprestasi tapi ada naturalisasi banyak yang protes... jangan suka senggol naturalisasi kalau gak pengen... nyungsep ya... apa lagi kalau emak emak sudah turun bakal repot loe....,0
disindir gini malu gak sih ? yah kalau menang masih mending. udh banyak naturalisasi tapi masih kalah. malah dikatain kepala bgn timnas selalu kalah karena kurang gizi alias gizi buruk.,0
timnas u-19 butuh pemain naturalisasi,1
"setuju, sudah muak kita lihat timnas senior selalu kalah kalah,apalagi kalahnya lawan seasean, itu lbh menyakitkan, kemarin2 kurang lokal apalagi coba pemain2 timnas, tp hasilnya masih aja ampas. ranking 160an aja sok keras anti naturalisasi,pdhl mereka keturunan.",0
"unpopular opinion: timnas banyak naturalisasi pemain bukan hanya untuk memperbaiki kualitas individu di skuad, tapi juga untuk upgrade mental. dengan 6 pemain naturalisasi (54.5%) yg bermain selama di turnamen membantu menghilangkan mindset inferior saat melawan tim di atasnya.",1
kelakuan buzzer pks!!!!narasinya koq seperti menyudutkan bang doel konteknya kan pssi sedang rapat dengan komisi x dpr ri membahas sepak bola indonesia. komisi x mempertanyakan program naturalisasi yang dilakukan pssi. komisi x yang menanyakan bukan secara pribadi ya,0
"boleh sih bilang menpora yg skrg ga bener, tp jgn bilang bagusan menpora sebelumnya dong. yg itu kan udah korupsi, bisa2nya yg ga punya kualitas buat timnas malah dibantu naturalisasi. jgn2 …..",0
"konate daripada ga kepake buat timnasnya, mending kita naturalisasi buat timnas kita wkwk.",0
"saran gw, udah cukup naturalisasi buat timnas putra. mending switch cari diaspora pemain keturunan buat timnas putri. asli timnas putri (senior kelompok umur) malu-maluin. kompetisi putri juga ga jalan",0
"ya kalo ngga timnas suruh naturalisasi, biar menangin salah satu capres ,yg slogannya kepak sayap kebinekaan",0
"baru tau, naturalisasi ternyata kultur sepak bola indonesia",1
"gagalnya timnas melaju ke final, membuktikan kualitas sty dibawah kualitas pelatih lokal, pemain naturalisasi yg diandalkan tdk mampu mengangkat permainan timnas. buat apa ada liga klau selalu mengandalkan pemain yg dinaturalusasi dan pelatih asing...",0
"pak bilang belanda nyuri kekayaan indonesia rp 502.000 t, tapi dia lupa timnas indonesia dilatih orang belanda dan pemain timnas 95% naturalisasi dari belanda. piye ngene iki, wo?",0
"apapun hasilnya, good fight boyz! maap sty saatnya antum pulang ke korea, timnas butuh pelatih eropa khususnya belanda yg ngerti para pemain naturalisasi timnasday asiancup2023",2
"harusnya timnas konoha naturalisasi pemain yg main di liga inggris, spanyol, itali kayak gio panbrongkos, pan persi, raja naingolan, bukan naturalisi yg cuma bisa ngomong aku cinta konoha",0
untung aja ga gegabah ngambil tawaran naturalisasi hahaha skrg dipanggil timnas belanda deh. mantappss,2
pemain asing ojo gelem di naturalisasi nak timnas indonesia. rugi eman karir,0
prosper kurenggg yaa pemain naturalisasi di timnas,1
"kl orang blasteran tuh sbnrnya bukan di film doang ga sih? olahraga jg, kyk timnas bola isinya pemain naturalisasi semua, pdhl banyak pemain lokal yg lebih mumpuni tp slotnya diambil sm pemain blasteran",0
"liat betapa senengnya pas menang kemaren.. gua bangga bgt sama mereka.. liat juga yang cuma keturunan tapi mau bela indonesia. elkan baggott, ezra walian + igbonefo yg naturalisasi walau gaada keturunan indonesia mereka bangga bisa bela timnas :",2
"liat di bangku cadangan palace masih ada jairo reidewald jadi kepikiran kok dia kayaknya jatuh banget ya setelah dari ajax? di timnas belanda jg gk pernah dipanggil lagi keknya, kalo di coba buat diajak main buat timnas indonesia (naturalisasi tentunya) kira kira bakal mau gk ya?",0
"bayangin aja dulu... komisaris sebuah klub juga menjabat sebagai wakil ketua federasi... ada juga klub yg saat manager's meeting diwakilin sama ponakan ketum. trus dikasih timnas yg isinya banyak naturalisasi dan harapan buat lolos pildun, kita gak peduli sama yg di atas",0
"pemain lokalnya aja kaya gini dah gtu pengen komposisi timnas indonesia banyakin indonesia tulen, mau masuk pildun dengan komposisi banyak indonesia tulen? jangan harap lebih baik banyakin pemain naturalisasi aja lebih menjanjikan, gpp bukan indonesia tulen yg penting keturunan indonesia dan wni.",0
"baca baik2 komenan gw, gw malah nyaranin semua pemain timnas itu halfblood/full asing naturalisasi aja karena yg pribumi penyakit mentalnya ya masih begini ini...",0
"baru ditandatangani oleh pak terkait naturalisasi yg akan memperkuat timnas di ajang aff 2022 nanti. dan , keduanya keturunan indonesia dari neneknya. semoga rekomendasi tgipf tidak menghalangi semangat mrk membela indonesia!",2
"timnas mending full pakai pemain naturalisasi, biar ga ganggu mereka yg lagi berusaha meraih cita2 jadi polisi",0
"fyi pemain naturalisasi timnas indonesia angkat kualitas, pemain lokal wajib tunjukkan taring nih beritabola timnasindonesia sepakbola timnasday timnas beritasepakbola jumat persebaya",1
"kalo gtu ngapa pemain naturalisasi mau dibatesin di liga? wkwk di liga di bilang naturalisasi, di timnas wni kalo kata lilipaly",0
timnas indonesia kini sdh banyak pemain naturalisasi keturunan. terutama disektor tengah dan belakang. bagaimana pandangan mas charis yulianto tentang naturalisasi pemain keturunan khususnya disektor belakang??. padahal striker haus gol yg kurang (seperti bp).,0
pemain yg mau di naturalisasi = emang gua pemain bola apaan maen di timnas indo?,0
agak aneh klo naturalisasi cuma kebutuhan timnas doang klo ngga perform gmn?? ttep di pake di timnas?? naturalisasi sekalian yg mau aja ratusan bahkan ribuan pemain syaratnya pernah bermain di pro. biar bersaing secara bebas,0
sejauh ini blm nemu pemain naturalisasi baik timnas putra/putri yang roots nya dari banten,1
"ga suka sama program naturalisasi ini valid dan sah-sah aja tapi harus dibarengin sama kritik keras ke federasi harusnya soal ekosistem liga juga. karena timnas selama ini ditangani serasa nanganin klub, tiap mau fmd ada aja pemain barunya.",0
tsubasa ozora siap di naturalisasi timnas indonesia. yaszamzani via instagram,1
timnas arab ini pernah ada naturalisasi kah?,1
"timnas indonesia gagal ke piala dunia, lantas erick thohir bilang minta maaf, enak betul, dah mengabaikan pembinaan dengan naturalisasi nya, apakah pembinaan dijalankannya, tentu tidak, lalu selanjutnya akan seperti ini dengan janji janji manis ala kacung jokowi",0
"sty, erick, naturalisasi = trust. ketika akhir 2019 sty mulai melatih timnas, saya berfirasat dia bakal cocok melatih timnas dan akan sukses.",2
"tapi lu lebih tolol sih gabisa bedain keturunan sama naturalisasi, konsep itu aja dulu dah. baru jawab di timnas sekarang berapa pemain naturalisasi? nyampe gak otak loe",0
sty hanya mngandalkan pemain naturalisasi.kalo mereka batal? okezone bola: shin tae-yong buka suara soal proses naturalisasi 3 calon pemain timnas indonesia u-20 usai batal main di piala dunia u-20 2023. melalui,1
"sorry ya tapi timnas indonesia ini bener2 intelejensinya kurang banget. gua dititik yakin sty udh ngasih arahan bener, tapi timnasnya yg goblok2. makannya sty suka banyak naturalisasi. karna sorry again, pemain asli indonesia sangat2 tidak cerdas",0
"just info nih guys, pemain naturalisasi timnas indonesia angkat kualitas, pemain lokal wajib tunjukkan taring nih. beritabola timnasindonesia sepakbola timnasday timnas beritasepakbola",1
ini lebih kena ke pola pikir sih. kalo di kepala masih ada dikotomi lokal dan naturalisasi di timnas maka statement2 begini pasti akan terus keluar.,0
"timnas senior sekarang banyak dihuni pemain naturalisasi berhasil mengangkat level permainan sepak bola indonesia ke tingkat asia dan dunia sehingga patut didukung, apalagi melihat penampilan mereka yg tampil luar biasa, jadi tak diragukan lagi bahwa mereka memberikan yg terbaik",2
"1) negara kecil suriname pny potensi lolos ke piala dunia 2026. 2) tanpa gembar gembor, pemain naturalisasi, pelatih yg wah dst dst. 3) erick thohir gak malu? seharusnya et ke suriname belajar bgmn membina timnas.",2
usia 38 baru naturalisasi? pertanyaannya. ini buat kepentingan timnas atau kepentingan club (di bawah kasta liga 1) atau kepentingan pribadi pemain?,0
"don't get me wrong! naturalisasi or panggil pemain diaspora sah sah aja tapi kalau itu dijadiin cara or harapan utama buat timnas indonesia berprestasi or sepak bola kita kuat, ya sorry to say gak ada bedanya kalian fans yg spt itu dgn pengambil kebijakan yg suka shortcut",0
"daks. kalau pemain timnas yang melewati naturalisasi bisa dan jago bahasa sunda dan gak jauh dari tempat duduk kalian sekarang... urang mah rek nanya: a salami ieu, di dm panen tit ataw nen?",0
"semakin yakin bahwa timnas memang perlu diisi banyak pemain keturunan dan naturalisasi berkualitas yang berkompetisi di luar negeri, terutama eropa.",2
"hal2 kaya gini yang bikin local pret besar kepala, berlaku juga untuk pemain timnas vs pemain naturalisasi.",0
kushyeda bisa jadi solusi nih biar timnas ga ngandelin striker naturalisasi mulu,1
"hal seperti ini kok disambungin sama timnas. pantes dari dulu sebelum era naturalisasi beberapa tahun ini, timnas kita jelek terus. ternyata yang dari ssb aja sudah rusak semua. lucu",0
netizen: pemain timnas yg naturalisasi hapal indonesia raya gak tuh? kalo gak hapal maka nasionalisme layak diragukan. sementara itu menpora nkri:,0
"maap² nih bg, pengertian naturalisasi apaan yak? bukannya jenner, amat, pattynama, rafael, dll itu dipanggil timnas karna mereka masih punya darah keturunan indonesia yah?. jadi naturalisasinya bagian mana ya bg?",0
hahaha ajg cape2 naturalisasi eh ga bisa bela timnas gitulah pemain mata duitan,0
euforia timnas maen ke pildun udahan ya ini? trus gmna nasib pemain naturalisasi nya et,0
"naturalisasi hadir untuk mengangkat kualitas, tapi pemain lokal timnas indonesia wajib buktikan kalau mereka tetap tunjukan taring! beritabola timnasindonesia naturalisasi",1
gapapa. nanti mail kita naturalisasi buat jadi timnas sepak bola indonesia.,0
"malu maluin lo bukannya fokus perbaiki liga malah yg kritik di banned. ngaca kalian semua kalau kompetisi kita bagus starting line up timnas full dari liga 1, ga tiap tahun sidang ke dpr buat ngajuin naturalisasi. kamibersamayuran",0
kalau sudah di naturalisasi kan bisa dititipkan di timnas belanda pung,1
"dampak terbesar naturalisasi bukan peluang lolos piala dunia. dampak terbesarnya adalah berkobarnya mimpi anak-anak indonesia, dan terbangunnya rasa percaya para orang tua bahwa sepak bola indonesia punya masa depan. pemerintah hanya perlu memastikan naturalisasi ini sementara.",2
"haters sty, haters timnas indonesia, haters naturalisasi .. di cariin coachi ni , kalian kemana masuk goa kah.. trutama si towel udh masuk gua mungkin sama pengikut nya sin tae yong towel pssi",0
udah bener timnas ambil pemain naturalisasi aja terus bubarin aja ini liga sampah,0
"naturalisasi baru paham kenapa anies pakai istilah naturalisasi, ternyata itu terkait dg layar belakang keluarga yg dinaturalisasi jadi wni. apakh itu sprt pemain bola yg dinaturalisasi jd pemain timnas? pertanyaan yg publik belum tahu, kakek anies dinaturalisasi dr negara apa?",0
"kamu di naturalisasi timnas indonesia aja gimana ay? kalo kata anak-anak timnas chemistry nya bagus, terus kapten kita jay idzes",2
"naturalisasi kebutuhan klub cepet, giliran naturalisasi keturunan rekomendasi dari pelatih timnas lamanya kek puasa emyu",0
"terakhir kali pemain timnas indonesia non naturalisasi yg sering shoot tajam ke pojok2 gawang setelah gocek lawan seperti yg dilakukan pemain2 timur tengah itu rasanya boaz solossa ya. setelahnya ada el loco dan beto, tapi keduanya naturalisasi.",2
"artinya dia sebenarnya mau naturalisasi bukan pure untuk bela timnas indonesia. kita suporter mau dia bela timnas dengan tetap menjaga kualitasnya bermain di liga yang oke dan lebih kompetitif. kalo cuma buat pribadinya dia, ya mending develop rizki ridho aja sama baggot.",2
timnas era naturalisasi part 1 adalah sebenar-benar generasi emas timnas indonesia. nepi selebrasi irfan bachdim dijadikeun koreo praktek senam pas aing sma ku si diddo.,1
main di liga 1 - kualias turun - gak dipanggil timnas - timnas nyari naturalisasi lagi,0
ayo naturalisasi jerome supaya jadi wib untuk timnas yg tangguh,1
"timnas garuda kini sdh full berisi pemain2 naturalisasi.satu pemain lokal dimasukan hny utk basa basi.skuad ini bukan timnas lagi tapi tim eredivisie belanda.pasti juara aff,pasti lolos kualifikasi piala dunia.",2
wkwkw kemarin niru erick thohir gimana cara buat timnas jadi jago? pakai naturalisasi sekarang niru gimana cara memperbaiki citra nama? pakai buzzer anjir sesat et,0
"gak mau ambil timnas junior putri afganistan? cabor sepk bola, udah jadi tinggal naturalisasi",0
"jago dari mana? dari hulu ke hilir jelek bgt timnas kita, sorry to say. dari pemain, banyak bgt naturalisasi. pengurusnya kek tai, mainnya? jelek. prestasi? mandek ga ada yang bikin wow.",0
"jika naturalisasi pemain timnas indonesia bisa, dan di harapkan lebih baik dan instan, apakah bisa naturalisasi pejabat agar lebih baik dan instan ? indonesia butuh pejabat naturalisasi !! agar bisa mengatasi harga minyak goreng, bbm, cabe, membuka pekerjaan dll timnas",0
biar timnas naturalisasi,1
"kalo naturalisasi pemain asing buat kepentingan klub gampang bgt, giliran naturalisasi pemain keturunan di usia produktif susahnya minta ampun, pake bilang tidak laku lagi hey kamu siapa?? sekjen organisasi timnas peringkat 170an dunia, yunus nusi",0
"naah dapat pemain timnas tanpa naturalisasi ,ide cemerlang ...",2
"lupakan dulu target timnas juara di turnamen level asteng. benahi dulu liga, pembinaan usia dini. sering adakan turnamen² amatir ditiap daerah, agar bakat² yg muncul bisa diserap oleh klub bola. stop naturalisasi.",1
"kalo gonzales msh muda udah di naturalisasi, pasti lebih jagor maen di timnas",2
assalamu'alaikum wr wb selamat pagi p presiden joko widodo mhn izin pa coba d bantu buat naturalisasi pemain timnas indonesia yg d panggil oleh coach shin tae yong ini pa kurang lebih ada 7 pemain muda yg sangat brillian d club eropa nya nih pa. supaya kmajuan footballny,1
coba kalian cek di transfermarkt para pemain naturalisasi dari timnas negara-negara yg tidak menganut dwi kewarganegaraan pasti bendera negara sebelumnya tetap tercantum.,1
"nunggu sikap dari ketum federasi sih terkait situasi di liga 2 maupun liga 1 selama berberapa hari terakhir, tapi gak mungkin sih ketumnya cuma tau soal timnas, cuma bisa naturalisasi pemain, gitu doang. jangan berharap lebih sama orang yang tujuannya 2029. sekian",0
"pendekatan instan dg pemain naturalisasi dan diaspora,gagal memberikan kejutan,tapi di sisi lain,memupuskan harapan banyak pemain asli,produk lokal, yg ingin mencapai puncak karier di timnas. terus kemudian, apa tujuan paripurna dari diputarnya kompetisi sepak bola tanah air?",0
"kalau mau naikin level timnas secara cepat, naturalisasi pemain yg main di eropa, cari pemain keturunan yg potensial, kesampingin yg main di liga lokal dan ambil pemain2 yg main di liga luar, agar pemain lokal terpacu untuk terus berkembang (kecuali pemain lokal lg top perform).",2
"naturalisasi tidak akan menyelesaikan persoalan timnas indonesia. itu hanya permen saja, sekejap saja efeknya.",0
"semisal pemain2 naturalisasi nya sudah underperform , dan utk pengganti nya dari timnas kelompok umur jg kurang bagus",0
"bisa ga sih orang yang pemerintah itu diganti sama orang naturalisasi yang kompeten, biar kaya timnas indonesia kita, timnasnya jago pemerintahnya juga jago",0
kebalikan man city 2009-2011 yg isinya striker semua. timnas ngincer naturalisasi bek semua,0
"cameron burgess diayam2in sama nwaneri, padahal pas lawan timnas solid banget. emang sejauh itu ges kualitas bal2an republik, bayangin ga ada naturalisasi haha",2
skuad timnas aff ini gak ada pemain naturalisasi ya?,0
"berita timnas kemarin2 rame soal perekrutan naturalisasi, terus pemain indonesia yg main di luar negeri, kirain dgn begitu timnas nya ada perubahan membaik, ga taunya kok malah tambah jelek sih?",0
"...ada baiknya mmg mereka ini dipantau dan diseleksi utk naturalisasi, toh mereka punya hak juga membela timnas, di sisi lain kompetisi nasional utk usia 18-20 thn tetap jalan biar ada iklim kompetisi dari kategori ini jadi ya hanya yg terbaik utk membela timnas (u19 s/d u21)..",2
liga domestik separoh gagal karena tak sepenuhnya berkontribusi menyumbang pemain timnas meskipun eks naturalisasi sebagaimana mark klok yg hanya duduk manis dibangku cadangan selama piala asia 2023 qatar naturalisasi saja semua keturunan sampai timnas 100% sty natura ...,0
"beda kelas,beda ranking sngt jauh.digasak ausie 4-0.pdhl diperkuat 6 pemain naturalisasi.kurang bnyk? jepang ausie pemain2 nya diaspora.indonesia hny me-naturalisasi. tanpa pemain naturalisasi,entah nasib timnas.",0
"jika bener yang dikataian pak ini bahwa federasi sepakbola di semua negara hanya fokus ngurus timnas, maka pssi ga akan bisa mendapatkan thom haye, shayne pattynama, noa leatomu, estella loupatty dan semua pemain naturalisasi untuk timnas indonesia saat ini. karena mereka semua adalah produk kepedulian knvb terhadap sebuah kompetisi yang profesional.",2
buat yang familiar sama pssi/sepak bola indonesia: pemain naturalisasi itu mereka naturalisasi jadi wni nya lewat prosedur normal kah? ato ada semacam fast track/jalur khusus?,1
"trus lu mau ngarahin ke siapa? mo ngarahin pemilih ke anes?? apa prestasinya??dia anti berkelanjutan... ok klo lu kritik ya kririk smua ... klo kririk cm 2..ya brarti lu berpihak.. klo masih lapar,jngan triak2... logika termudah nya ckup pemakn timnas aja yg naturalisasi...oke",0
menurutku timnas ini pilihan mas sapri terlihat anak emas nurhidayat dan sedikit pemain naturalisasi + keturunan kalau sin pasti macam dutra lilipaly guy viscara dipanggil bersamaan + yg di luar negri tau sendiri dia anti pemain gituan,2
timnas indonesia tidak peduli siapa yg bermain. selama dia bertekad membela panji merah putih demi lambang garuda di dada. bahkan jika pemain naturalisasi lebih baik kenapa tidak secara penampilan. dan jika pemain lokal tetap gitu² aja juga gpp gak masuk timnas.,0
"lah emang tujuannya gitu bang, pemain asing di naturalisasi demi kepentingan klub bukan demi timnas. jadi jangan heran naturalisasi jordi bakaaln di percept biar bisa di here we go salah satu tim liga terbaik sejagad alam semesta",2
"just wondering, pemain timnas naturalisasi pda bisa bahasa indonesia g ya? masa iya di timnas ngobrolnya pake bahasa inggris",1
"kesalahan erick thohir dalam membangun timnas - memperpanjang kontrak sty dan memecat sty ditengah kompetisi - menambah pemain naturalisasi tiap match - merekrut pelatih berdasarkan bersedia di interview waktu natal - percaya sama omongan arya sinulingga, towel dan coach justin",1
"satu dekade sebelum piala aff 2022, saat pemain naturalisasi tak mampu selamatkan timnas indonesia",1
pantes timnas butut loba naturalisasi. lolonana pemaen lokal ngan bisa tackle lumpat,0
ngene iki kualitase liga 1. bener emang timnas diisi oleh para pemain naturalisasi saja.,0
harapan dan untuk dua pemain naturalisasi indonesia yang diproyeksikan memperkuat timnas u-20. kalo harapan jebreeeteam apa nih?,1
simple aja 5 timnas 2 naturalisasi 4 asing gitu ya dik rumus lu dulu?,0
naturalisasi pemaen gaada darah keturunan atau tinggal lama dari kecil jatohnya kek klub bukan timnas,0
gak ngerti ini berita bagus apa buruk tapi yang jelas keterusan naturalisasi gak bikin timnas langsung jadi hebat,0
"demi prestasi timnas, pssi melakukan naturalisasi pemain. program ini udah dilakukan lebih dari satu dekade. hasilnya, belum tampak. mungkin, karena yg lebih perlu dinaturalisasi adalah pengurus federasi dan para wasit serta asisten wasit. parah bener kinerjanya.",0
kalo timnas sepak bola nya fokus naturalisasi aja. apa itu program ke klub sepak bola yang ada di liga? naturalisasi selamanya.,0
bapak kementerian mempora ri terhormat mauya 11 pemain keturunan darah indonesia segera di naturalisasi dan jadi wni untuk sekuat timnas u-19 bapak kementerian mempora ri terhormat,1
krg beruntung aja psj.suka bget lht komposisi skuadnya.mainin pemain lokal 10org.mana beknya anak timnas dan mantan timnas smua.keren abis doll.klo aja byk pelatih spt ini pst timnas akan lbh mudah cari pemain.jdny pemain naturalisasi murni abroad smua ga ada dr liga lokal lg,2
"timnas indonesia menang itu tentu sebagai warga negara pasti senang, namun kritik tetaplah perlu. naturalisasi yang tepat mungkin bagus untuk short term. sedangkan untuk long term pemain timnas harus lahir dari sebuah kompetisi domestik yang sehat dan terkelola dengan baik.",2
"...gw gak nonton 1 detik pun match timnas lawan arab saudi irak. dari tahun lalu gw emang dah utarakan bahwa gak kepengen timnas lolos pildun 2026. yg bertanggungjawab ma tragedi kanjuruhan aja gak ada yg mundur/dipecat. so, mampus lah pssi dgn proyek naturalisasi... (``,)",0
"waktunya serius berbenah,masih ada kejuaran dunia sepakbola di indonesia,serahkan timnas u19 ke coach yg lain,biar sin ta yong fokus ke u23 senior atau out,bangun training centre,lanjutkan naturalisasi dan perbaiki kompetisi.",1
"singapore sepakbolanya lebih baik aja lakukan naturalisasi, disini malah di tentang habisan, ya karena disini kebanyakan yang naturalisasi hanya untuk kepentingan klub dan pemain bukan timnas, sedangkan kekurangan pemain indonesia ada di masalah disiplin dan star syndrome.",0
"saya bukan tidak suka naturalisasi, tapi apabila satu klub pemain naturalisasinya banyak bagaimana. sepak bola indonesia harus kita dukung agar bisa masuk ke piala dunia revolusisepakbola bongkar total pssi",0
"sepak bola indonesia udah sering diselamatkan et. dia yg temui presiden gianni pasca kanjuruhan, lobi fifa pasca pembatalan wc u-20, masih dpt host wc u-17 satset naturalisasi. di saat kelakuan bahrain ini, kita berharap sekali lagi tuah et. ngomong gini dikira buzzer gak?",0
pssi jadi naturalisasi pemain untuk timnas indonesia atau tidak?,1
"perlu tambah pemain naturalisasi, serta pembenahan strategi taktik, lawan2x timnas di piala dunia itu berat. timnasday",1
"pak erick thohir , tolong sampein ke coach sty rekomendasikan untuk panggil  kevin diks / thom haye delano ladan / jelte pal  ke timnas indonesia lewat jalur naturalisasi untuk berlaga di afc asian cup 2023. dia pemain yg sangat luar biasa terimakasih",2
"regulasi eligibility tiap olahraga itu menarik. rugby cukup menarik, bagi para “pecinta” naturalisasi atau pemain rasa asing di timnas, timnas rugby ini adalah salah satu yg cocok. yg di foto di bawah ini adalah timnas indonesia dua2nya.",2
"kalau bisa naturalisasi pemain umur dibawah 27, karirnya masih panjang untuk timnas.",1
"jepang bangun timnas dari sekolah, kita dari jalur naturalisasi pernah mikir kenapa timnas jepang bisa sejajar sama negara top dunia? bukan karena pemain naturalisasi. tapi karena sistem pembinaan yang serius, rapi, dan panjang. sementara kita... lebih sering cari yang instan.",0
"kalo aturan fiba diterapkan di fifa untuk naturalisasi, mungkin pemain macam ander herrera, pascal gross, inaki williams bisa dinaturalisasi ke timnas indonesia wkwk",2
"penerimaan pemain keturunan ke timnas jerman juga minim (kasus asamoah), malah fokus naturalisasi pemain asing yang kualitasnya medioker.",1
"boleh nambahin, kayaknya naturalisasi skrg urgent, soalnya 2 pilar timnas yg punya postur lg masa pemulihan, dan kalo mau ngandalin vincent aja di posisi 5 bakal susah karena pasti kena rotasi. prosper jg lg ada isu gk sedap di timnas",0
dia tuh bisa naturalisasi case nya kayak ole gitu kah. mukanya bule banget buat timnas indonesia.,0
"ya, benar. kepala bgn, dadan hindayana, pada 22 maret 2025 bilang timnas sulit menang karena kurang gizi dan banyak pemain dari desa, sesuai laporan dia juga sebut pemain naturalisasi dari belanda bantu tingkatkan performa.",1
"beda nya mereka itu, di kelompok umur mereka masih kurang, pembinaan pemain muda nya masih kurang, tapi kalo timnas senior nya memang bagus soalnya banyak naturalisasi, mungkin beberapa tahun ke depan mereka bakal down utk timnas seniornya",0
"ada yang masih ingat dengan jhonny van beukering? ya, dia adalah mantan pemain naturalisasi timnas indonesia. lama tak terdengar, beukering kini menjadi perbincangan. terkait pengakuannya saat ini yang bekerja sebagai satpam di klub striptis.",1
"naturalisasi menunjukan dia mencintai tanah moyangnya dengan bangga nya , eh ada komentator yg berusaha bikin panggung untuk menghujat kerangka yg mau dibuat untuk timnas indonesia benahi dulu pikiran dan datamu sebelum menghujat bung",0
"hal baik yang dilakukan dan paling dirasa cuman naturalisasi doang, tapi dia gak banyak ngurusin grassroots atau hal yang lebih penting daripada timnas buat jangka panjang",2
"cristian gonzales butuh waktu 5 tahun jadi wni tapi ternyata pemain naturalisasi pertama timnas indonesia bukan el loco, melainkan sosok...: cristian gonzales kerap disematkan sebagai sosok pemain naturalisasi pertama timnas indonesia. padahal fatkanya…",1
"masalahnya, demi national pool yang siap juara, naturalisasi saja kurang. coba buka database fm nya deh. atau minimal rasakan dulu: pemain regen blasteran indonesia-inggris menolak dipanggil timnas indonesia dan lebih pilih menunggu timnas inggris satu kata: mampus.",0
"kalo timnas bola idn didominasi pemain naturalisasi or keturunan. vibesnya tuh kyk jaman hindia-belanda tau gk, pas ikut pildun '38. lama-lama warlok yg dominan 'mini' gk bakal kepake wkwk",0
"baru tau ternyata ronaldo udh di naturalisasi dr timnas portugal ke timnas indonesia, rambutnya juga berubah",1
"jordi amat (rayo vallecano / tim la liga spanyol, ex timnas spanyol u19) - calon pemain naturalisasi timnas sepakbola indonesia. ga bisa bayangin, klo lini pertahanan timnas diisi elkan baggot - sandy walsh - jordi amat - mees hilgers - kevin diks",1
bacot lu... kayk tau aja bola... warga kita ini semua serba salah nengok timnas gk maju2 salah.. dibnyakin naturalisasi biar maju salah.. noh liat perancis berapa org pemain keturunan nya... gk sibuk masyarakat nya,0
setuju2 aja klo emang pssi thn dpn mau stop dulu naturalisasi. setidaknya di thn ini udh 3 bahkan lebih (termasuk yg u20 nanti) yg bakal gabung timnas. biar pemain2 ini buktikan dulu kontribusinya di timnas ubah stigma negatif org ttg pemanggilan keturunan. win2 solution.,2
"bukannya benerin liga jdi standart timnas naturalisasi yg kualitas eropa, malah degradasi kualitas timnas masuk liga jelek",0
"yhaaa kirain naturalisasi dia untuk timnas, ternyata untuk kepentingan klub lokal lagi wkwkwkwk",0
taisei marukawa cocok nih di naturalisasi. duet timnas bareng marselino ferdinan,2
naturalisasi dari timnas persib ke timnas indonesia.,1
push rank timnas tiap fifa match day menambah naturalisasi utk jangka pendek mengakomodir pemain yg mau abroad merubah sistem liga seperti mls dan fokus entertaint oriented memberikan reward kepada asprov yg berhasil menyelenggarakan kompetisi ku secara rutin,1
keburu umur 30+ baru bisa bela timnas kok pemain naturalisasi indo tua2 wkwk,0
"kelassss..witann.. awal2 2 kubu msh grogi. lini tengah dikuasai timnas, transisi baik, passing2 progress nya baik, chemistry smakin terbentuk. baru pemain naturalisasi korea yg kliatan dri singa. taktik sty msh tepat. timnasday indonesiaaa !!!!!",2
"bang terus bgimana kelanjutan dari proses naturalisasi 3 pemain keturunan indonesia dr belanda itu : justin hubner, ivan jenner, dan sturick, apakah dihentikan atau dilanjutkan? kami mohon utk dilanjutkan saja, utk timnas senior di piala asia? kasihan mereka?",0
"timnas negara kuat aja masih pake naturalisasi, sedangkan di belahan dunia lain masih ada timnas peringkat 149 dunia yang menolak naturalisasi, kurang belagu apa negara ituu wkwk pantes ga maju2",0
"aku pemain ke 17.. aku universal anti rasis, jadi kami dukung naturalisasi dan normalisasi pemilu aman adalah kemenangan indonesia, timnas menang adalah kemenangan indonesia selamat merayakan 17 ramadhan",2
rohit sudah pernah bela timnasnya bang..percuma naturalisasi kalo gak tembus timnas indonesia.,0
tolong di baca yaaa para mbak2 mas2 penyembahh naturalisasi timnas sepakbola pria. kalau ada berita gini sepi beda kalau akun ava presiden korut ngetwt membanggakan tentang timnas sepakbola. mirissss :(,0
sudah yg kesekian kalinya naturalisasi pemain timnas tp kejuaraan yg di ikuti blm juga dpt diraih naturalisasibukansolusi,1
"gabisa di stop,kalo misal pemainnya itu udh lebih dari 5 tahun. dia berhak mengajukan ke kemenkumham, lagian naturalisasi nggak selalu untuk timnas. naturalisasi untuk kemudahan pemain kalo mengurus ini itu di negara ini",0
"harusnya jersey timnas kita hari ini, terinspirasi skuad naturalisasi 1938",1
"netizen otak dungu bung towel pengen pssi membina pemain usia muda, ssli indonesia bukan cuma naturalisasi doank, ank tk pun juga bisa jadi pelatih timnas kalo isi timnas orang2 eropa semua",0
itu fredi samba pemaen timnas naturalisasi dari rio de janeiro ya?,1
"pas adu penalti, terlihat wajah asli para pemain timnas indonesia yang naturalisasi, ternyata.... wajah wajah mereka natural indonesia asli nggak pake polesan, jadi saya nggak ragu, bahwa jiwa nasionalismenya pun pasti indonesia. tetap semangat dan go to be legend",2
"dari ignya pak ha, “menatap harapan bersama netizen timnas (naturalisasi please )” si bapak mungkin berharap dari joe biden buat menemukan para pemain ncaa buat timnas putri",1
"emang dia janji ngasih piala? dan mulai kapan pemain naturalisasi hadir? dan berapa tahun sty yang aktif melatih timnas? menurut gua wajar, sty emang di kontrak sebagai pelatih, tetapi jobdesk nya bukan pelatih lagi dengan kondisi sepak bola indonesia saat ini",0
"gua udah liat komentar utuh dia. overall, pernyataan dia walaupun agak ngeledek, tapi ada benernya. naturalisasi itu wajar, umum dan dilakukan banyak negara. yang ga wajar, memperlakukan timnas kayak klub. pemain2 naturalisasi diincer kayak bursa transfer.",0
naturalisasi hanya strategi sty menambal kekurangan timnas garuda. toh ada indonesia dalam darah mereka. dari tahun ke tahun pemain dan timnas jadi kambing hitam. saat ini alasan itu tidak dapat diterima. indonesia harus lolos piala dunia 2026! kitagaruda,0
sepakbola indonesia tapi menurut saya pemain darah keturunan indonesia dan pemain uda di naturalisasi dan pemain lokal di satukan di timnas indonesia pasti timnas indonesia sangat mengerikan di level timnas u16 dan timnas u-19 dan timnas u23 dan timnas senior pasti timnas indones,0
"pssi harusnya bikin program sekolah atlet sepak bola yg berbakat dan prestasi ke akademi² luar negeri, utama eropa. dari pada pakai pemain naturalisasi. ke belanda, jerman, inggris, prancis. mulai dari usia 12thn. mereka ini yg dipersiapkan jadi timnas.",1
kapan naturalisasi pemain play makers buat timnas pk timnas butuh 2 pemain yg bisa ngatur permainan dan operan2 di depan..,1
bukti pemain naturalisasi yg benar benar cinta indonesia saat timnas menang mereka terlihat saaaangat gembira natural sekali kegembiraan mereka maaf ya towel kebanggaan kami menang,2
naturalisasi buat pemain timnas aja mas,1
kalo kata sty ga ada yg layak cm asnawi doang yg berhak di timnas cm peman naturalisasi,0
"1 pemain naturalisasi di klub luar 'dijemput' sty dan izin ke club. 9 pemain lokal (5 diantaranya main reguler) diambil ikut timnas tanpa ada komunikasi dengan pelatih kepala dan club, di ajak zoom yang join cuma assisten. sty dan penyepongnya sama² sombong.",0
"bosan dgn narasi asli pribumi. siapapun boleh secara konstitusi. negara sudah diatur undang2. jgn bodoh. apakah ahok jg dibenci krn cina? menurut anda? sama halnya pemain timnas bola yg naturalisasi, apakah harus di olok2?",0
"menurut uu kewarganegaraan indonesia, syarat naturalisasi wni antara lain harus bisa berbahasa indonesia, dan sudah tinggal di indonesia selama 5 tahun berturut-turut atau 19 tahun tidak berturut-turut. dua syarat ini tidak dipenuhi oleh para pemain naturalisasi timnas indonesia. syarat2 tsb memang bisa dikecualikan, yaitu melalui naturalisasi istimewa yg diberikan oleh presiden karena dianggap berjasa besar bagi negara indonesia. tetapi itu pun tidak dipenuhi mereka. jadi, sesungguhnya naturalisasi mereka tidak sah secara hukum. motivasinya pun hanya semata-mata demi mereka bisa bermain bola atas nama indonesia dan demi uang.",0
"padahal kalau hasil pertandingan pelatih tersebut jelek karena pemain intinya di panggil timnas dan kemudian pelatih tersebut di pecat, palingan dan gg bakal ngapa2in. emang udah bener sih klow di indo gg usah ada naturalisasi dan pelatih asing.",0
"mungkin di korsel naturalisasi dianggap tabu, di timnas korsel mana ada pemain naturalisasi. hal itu mungkin terbawa ke pribadi sty, buktinya skuad timnas 100% lokal. makanya sty 1,5 tahun melatih gak minta naturalisasi pemain ke pssi.",0
"bahkan putri malu (mimosa pudica) yang banyak tumbuh liar di pinggiran jalan itu pun, adalah hasil introduksi. tumbuhan dari amerika tengah dan amerika selatan. setidaknya sudah ada di jawa di akhir abad 19. sebelum naturalisasi (timnas), sudah ada naturalisasi (tumbuhan).",2
di timnas indonesia saat ini ada pemain naturalisasi ya bang?,1
"pelatih sudah kualitas tinggi, ada pemain naturalisasi, tapi timnas tetap gak juara. sebenarnya, salahnya di mana sih?",0
"kalo udah wni mah mau di timnas atau klub ya status nya sama, sama sama wni! bukan naturalisasi lagi..",0
"dimana-mana juga harus percaya proses, gua dukung banget naturalisasi keturunan, tp dengan lo ngetawain soal percaya proses tuh geli banget. dikira pemain eropa main buat timnas indonesia juga gabakal proses gitu? bakal tune in gitu aja sama cuaca, strategi dan lingkungan asia?",0
"boleh naturalisasi mbappe atau minimal kolo muani gak, bung macron? atau zidane deh ngelatih timnas",1
klo naturalisasi hasil liga indo yah sama aja pak. yang butuh diubah di timnas bukan pemain tapi mentalitas. sepakbola udah berubah ga bisa lagi andelin mentalitas main fisik kaya dulu.,0
"pelatih tarkam gak mampu nyumbang 3 pemainnya utk kepentingan timnas indonesia, padahal masih punya 23 pemainnya apa timnas indonesia perlu panggil pemain naturalisasi..? barito putera ratu tisha erick thohir shin tae-yong kitagaruda",1
kira2 yg naturalisasi di timnas siapa ya? emang naturalisasi itu apa? kira2 marc klok atau elkan termasuk naturalisasi?,0
"menurut gue, komposisi pemain timnas skrg tuh makin bagus: ada diaspora, ada pemain abroad, ada yg performa bagus di liga lokal yg dipanggil, pemain2 muda cukup dominan di skuad. suka heran aja sm yg dikit2 teriak naturalisasi gini. dikira 23 pemain naturalisasi semua kali.",0
tijjani reijnders kalo waktu itu jadi di naturalisasi setelah pindah ke milan jadi grade s pasti di timnas indonesia,2
"setidaknya jgn terlalu banyak jg utk naturalisasi, pemain2 muda asli indonesia yg bagus jg banyak, seperti egy,witan,asnawi,bagus kahfi,brylian,david maulana, kalo bisa sih 2-4 pemain naturalisasi aja yg sesuai dgn kebutuhan timnas",2
"yg niat pengen naturalisasi biar bisa timnas berprestasi dpersulit dgn alibi pribumi lbh baik, nah yg pribumi sdh dplih malah indisipliner. jgnkan main ngegym aja pada loyo",0
jepang gasak timnas indonesia yang didominasi anak anak naturalisasi dengan pelatih kebanggaan si erick thohir dengan skore telak 6 -0 skore kekalahan terbesar yang diperolehnya setelah 5-0 didepak australia.skore sebesar itu sepertinya langka di saat timnas diasuh sty..,0
gini logikanya: pemain naturalisasi ini di negaranya ga layak masuk timnas mereka krn kualitas mereka jauh di bawah standar. nah apa mungkin pemain bola dgn kualitas seperti ini bisa bawa timnas indonesia ke piala dunia? bahkan jika pep guardiola pun jadi pelatih ga akan bisa.,0
"udah wni mah wni aja gausah dipilah lagi, kenapa baru pd skrg rewel? dulu juga banyak ampasan tbtb naturalisasi tbtb timnas pd diem",0
"sulit mas netizen kita dikasih penjelasan detail gini. lebih suka pukul rata lalu loncat ke kesimpulan klo naturalisasi yg g ada efeknya. padahal gonzales di aff '10, lilipaly aff '16, beto di ag terbukti bs angkat permainan timnas. pokoknya g juara = naturalisasi gagal.",0
"kalo 3 naturalisasi gabung + yang abroad eropa n asia di ijinkan oleh klubnya yang artinya full skuad terbaik timnas , saya optimis. . tapi kalo pake full lokal pride ya optimis gak optimis. wkwk",2
"tijani emang nolak, ragnar pengen skuad timnas semuanya main di eropa baru mau naturalisasi, emil bapaknya yg nolak, hilgers masalah di dwi kewarganegaraan dan mungkin setelah melihat pemain naturalisasi lainnya di eropa mereka merubah keputusannya, yg lain gk ada masalah apa2.",0
"appi emang kocak, protes liga 2 gak usah pemain asing.. lihat tuh timnas indonesia, berapa banyak pemain keturunan yang masuk radar untuk di naturalisasi dan langsung masuk skuad.",0
timnas sekarang kan isinya pemaen naturalisasi! goblok!,0
"sandy walsh dan kevin diks ini ingin jadi wni dan perkuat timnas, usia mereka belum 30, performa di kompetisi eropa lagi gacor, tapi kenapa gak jadi prioritas buat di naturalisasi ya? apa mau nunggu mereka umur 35+ dulu?",0
"meski endingnya awikwok demi alpart, kita musti mengakui awal mula euforia terhadap timnas indonesia ya dari sini. apalagi ada faktor naturalisasi chrisgon dan bachdim bule ternyata orang indo bikin naiknya antusias masyarakat umum terhadap timnas, ga cuma pecinta bola lokal",2
bapak ga liat dokumen naturalisasi ditahan sm dept bapak ? nyata didepan mata timnas mau dibantai,0
"ya padahal udah ada si best player senior hasil naturalisasi, dia ngapain aja? kalo gue jadi rio fahmi sih ga bakal down, lagian yang bully juga bukan supporter timnas indonesia, tapi supporter timnas myanmar.",0
"tolong ya itu timnas yg naturalisasi jgn di suruh joget tiktok, pas elkan dulu kesel bgt di eropa gaada begitu. mana gaada privasi",0
"apresiasi atas policy pak jadikan sbg menpora. buktikan kompetensimu rik utk timnas garuda olga lainnya berjaya di level dunia atau anda hny ahli : 1. naturalisasi, menang pun tdk. 2. bagi2 jabatan komisaris di bumn. 3. foto anda di layar atm bank bumn.",1
"nonton timnas u17 main, gw jadi ngerti kenapa naturalisasi di senior semuanya di lini belakang.. masalah banget emng ini di kita. gwijangge gw pikir oke mainnya, ternyata lobangnya di dia.",0
sepak bola indonesia tidak akan maju selama: 1. wasite buluk 2. gelat gelut wae 3. supporter do padu 4. supporter kencing sembarangan di stadion 5. klébété ra paham offside 6. pssi masih kayak gitu 7. kalah ngamuk 8. stres naturalisasi 9. tambahono dewe sakterusé...jik akeh,0
"knp naturalisasi timnas idn, sukses dibanding mas? ya krn fakta diaspora kt di dunia sgt byk dibanding mas. jd tinggal menjalankan ketentuan yg sdh dibuat fifa, secara jujur transparan. nah sptnya mas, tdk menjalankan naturalisasi ini secara jujur transparan",0
tembus rank 100 fifa bukan target dipaksakan tapi disiapkan naturalisasi mulai dari timnas u-17: feike muller eizar jacob lionel de troy floris de pagter noha pohan jona gaselink azadin ayoub deston hoop nicholas timnas indonesia,1
"yth presiden kami bapak mohon dengan sangat pak, proses naturalisasi pemain sepak bola shayne pattinama dipercepat agar bisa membela timnas indonesia di piala aff sebelumnya terima kasih bapak presiden",1
gak heran kalau dari tv si paling beda ini liat aja kalau bikin acara diskusi tentang timnas yg diundang pasti pundit yg selalu bikin rusuh. waktu afc u-23 kemarin pas lagi rame-ramenya nih tv beberapa kali bikin acara bahas timnas tapi yg isu yg diangkat cuma naturalisasi wkwkwk,2
"nah gini dong, jangan dkit2 naturalisasi. bakat sendiri harus diutamakan. plt menpora ri muhadjir effendy menegaskan bahwa naturalisasi merupakan jalan terakhir dalam memperkuat timnas.",1
emang susah ya? 4 pemain asing + 1 naturalisasi? si ijo malah gak ada 1 asingnya + irianto lagi ke timnas + kiper cadangan ketiga,0
"entah kenapa udh ga peduli lg sama sepakbola indo, pemain timnas nya udh naturalisasi masih aja ga bs menang2 di region asia tenggara",0
"tapi bener emang paling gacor striker naturalisasi ya beliau, umur sudah masuk masa pensiun aja masih oke kok maen di timnas maupun liga indonesia. dan beneran cinta indonesia",2
"tapi fakta, asal bisa lari kenceng, main ngotot, bisa gocek dikit auto dianggep jago wkwkwk makanya pemain lokal kalah saing kalo sama pemain luar, di timnas juga kegusur ama pemain keturunan/naturalisasi wkwkwkw",0
"jadi menurut saya inti kesimpulan nya, bukan memperbanyak terus naturalisasi pemain luar negeri, tetapi merekrut pelatih top dunia utk mendampingi melatih mereka sejak usia u16, u19, u23 utk timnas indonesia, niscaya akan banyak trophy diangkat..",2
"kalau proses 4 pemain naturalisasi sukses, bukan tdk mungkin pemain2 keturunan indonesia yg main di top tier liga eropa akan tertarik juga untuk memperkuat timnas indonesia, nama2 sprti ragnar oeratmangoen emil mulyadi.",2
omw ngemute fans2 timnas yg ngotak2in naturalisasi dan lokal. u guys can piss tf off...,0
"yang keren, pak punya strategi yg bagus krn dngn adanya pembinaan atlit dari daerah2 utk timnas dpt mengurangi ketergantungan pada naturalisasi. era baru pssi bersihberprestasi",2
timnas.. penyerang muda nasional itu langka.. masa mau ngandelin pemain naturalisasi terus... itupun lewat masa keemasan,0
"nanya deh bang,leon ini pemain naturalisasi yaa? kok baru joint thn 2019 with timnas volley polska?",0
cocok. makin banyak pemain naturalisasi di timnas pssi. cabor lain? yntkts.,1
"kedalaman skuad timnas indonesia sekarang lebih baik daripada 2017, dengan tambahan pemain naturalisasi seperti emil audero, dean james, dan joey pelupessy, plus talenta muda seperti ragnar oratmangoen dan marselino ferdinan. ini beri opsi lebih banyak di berbagai posisi. soal milla, performanya dulu campur aduk (1,33 poin/laga), tapi dengan skuad lebih kuat, dia bisa lebih baik jika diberi waktu. tapi sulit prediksi pasti, tergantung adaptasi. kamu pikir gimana?",2
yang harus di pecat sebenernya ya ini! selain naturalisasi gak ada upaya lain yang dilakuin dia buat ngebagusin sepak bola indonesia! pecat bapak naturalisasi indonesia erick tohir,0
"iya gakpapa wkwk justru semakin banyak supporter semakin bagus dong, btw pemain naturalisasi itu warga negara asing yg merubah statusnya jadi wni biar bisa main di timnas",2
"4 asing, 2 naturalisasi, lokalnya hampir semua pemain berlabel timnas semua. tapi kgak ada variasi strategi. pak dirman kandangin aja dah dihotel, suruh fp susun strategi, sapa tau hoki dia. persijaday",1
"bapak teralau pokus sama naturalisasi di timnas indonesia ... sampai sampai di pertamina pertalite dinaturalisasi jadi pertamax bapak kaga tahu.... kaga tahu apa emang kaga tahu pak... sok iye sih rangkap rangkap jabatan, kaya kerja udah bener ajah... indonesiagelap",0
dia itu jatohnya naturalisasi apa ketururnan sih bang? soalnya kan kaya jepang tuh kalo gasalah timnas futsalnya ada kiper asing asal eropa atau amerika latin kalo gasalah deh,0
"ini pemain kayaknya sudah niat banget main buat timnas indonesia, dan dia juga main di kompetisi top eropa, lalu apa yang jadi kendala pssi sehingga tidak 'gercep' buat bantu naturalisasi sandy walsh ya?",1
"200juta penduduk indonesia, buat cari pemain timnas harus sampai naturalisasi. para pejabat di pssi mereka bisa berpikir maju ga sih. oiyaya ngurus/mengawasi liga indonesia aja ga bisa, pantes nyari pemain timnas lewat jalur naturalisasi terus.",0
udeh timnas naturalisasi aje semuanya.,0
"gw salut banget sm blio, bcs of karna sbnrny kalo ga naturalisasi pun sgt bisa kepanggil di timnas walanda",2
"ga ada naturalisasi yang sia-sia, karena kalau ga bisa membela timnas ya maju aja jadi kepala daerah misalnya daftar jadi bupati di ntt sana..",0
"tentu aja cukup. dia yang milih buat belajar di argentina dan akhirnya milih buat naturalisasi dan gabung team sana, trus akhirnya bisa masuk timnas... usaha dia selama ini ga sia2 dan dia deserve banget dengan takdirnya yang dipilih dia ini",2
"nih colokin ke bacot buzzer² pks yang memfitnah bang doel menolak naturalisasi dan dianggap tidak mendukung timnas. mereka malu jika secara langsung mengkampanyekan ridwan kamil dan kader pks, karena dulunya mereka menghujat ridwan kamil sebagai gubernur gagal dan menganggap pks sebagai ikhwanul muslimin pengusung khilafah. makanya mereka bisanya cuma menjelek²an dan memfitnah duet mas pram - bang doel. jakartamenyala prakaruntukjakarta",0
org yg dulu naturalisasi karna mau masuk timnas trus akhirnya ngga ngapa2in jadi pada nyesel ga ya?,0
kaya gini masih ada yang bilang timnas naturalisasi ampun-ampunan emang lokal pret itu,0
"bagus banget… kita harus dorong semoga menteri jg boleh wna, wapres boleh wna, presiden jg boleh dong.. masa timnas aja naturalisasi semua tapi yg dituduh antek asing cuma pendemo",0
"stop polemik naturalisasi, lihatlah dari timnas prancis!",1
"ngga ada naturalisasi diplomat apa ya? seperti gagal jadi diplomat indonesia, lulusan hi ini memutuskan mendaftar sbg diplomat di negara x di eropa kaya pemain bola kalo ngga masuk timnas asalnya maka milih timnas lain, yg penting main bola internasional",0
"pak , timnas sudah berkembang pesat di bawah asuhan sty. terimakasih untuk naturalisasi dan membawa diaspora main untuk timnas. permintaan selanjutnya: 1. kasih sty kontrak baru 2. tolong perbaiki liga dalam negeri. semua akan sia sia kalau liga masih bobrok",0
kalau nyari menejer baru sih ole gunnar solskjaer yg cocok sih sama permainan timnas indonesia. ada chance gede jg buat naturalisasi haaland karna faktor sekampung. plus chance indonesia jd runner up premier league juga gede.,2
"saatnya timnas sepak bola indonesia le stelan awal, pelatih lokal dengan pemain non naturalisasi. karena setlah dilatih beberapa pelatih asing dan selalu menaturalisasi pemain hampir tiap tahun tp hasilnya tetap aja zonk",0
"piala asia dong, timnas di situ harusnya udah mencapai top perform, chemistry para pemain udah solid. beberapa pemain yg saat ini masih muda memasuki usia emasnya. piala asia nanti bisa aja jadi penghakiman buat lanjut atau gaknya program naturalisasi diaspora.",2
timnas bisa naturalisasi murdyk,1
let’s move on. (1) paspor indonesia buat jordi amat will not make your life miserable - unless you have no life. (2) paspor indonesia buat jordi amat mungkin lebih berguna buat timnas dibandingkan dengan naturalisasi pemain asing untuk klub indonesia,1
"kayaknya bisa sih bang, tapi harus di naturalisasi dulu jadi wni, kaya pemain bola dari ln, di naturalisasi jadi wni dulu baru bisa join timnas...",1
"ya dia ngerti lah, naturalisasi di indo awalnya karena indo jadi tuan rumah pilduni u 20. sekarang batal, lah buat apa main di indo senior. benefitnya ga ada. ya walaupun belum tentu realistis masuk timnas inggris senior, tp peluangnya tetep ada. lagi juga masi muda ckckckck",2
bener. ini bahasan ga penting. timnas lagi bagus-bagusnya. pemain naturalisasi atau keturunan juga ada di berbagai negara lain. ini sih mau nyari rame aja. haduh.,0
statistik. kalo begini butuh 6 pemain naturalisasi lagi buat u23. hehe tetap semangat masih ada perebutan juara 3 buat lolos olimpiade paris 2024. ayo timnas indonesia!,2
"waktu nyamperin mau ajak dan ngundang jadi narsum diskusi, bilangnya tema timnas u-17, naturalisasi dan kinerja ketum pssi pas nemu e-flyernya eh temanya et layak jadi wapres serem amat sepakbola konohaharigini yagwcanceldong",0
buat apa? nanti ujungnya yg main di timnas juga naturalisasi,0
"saya pikir naturalisasi atlet seperti mauro zijlstra dan miliano jonathans bisa memperkuat timnas indonesia, membawa skill baru untuk kompetisi internasional. tapi, sebaiknya diimbangi dengan pengembangan talenta lokal agar berkelanjutan. pendapatmu gimana?",0
"kontribusi pemain naturalisasi bagi timnas masih minim. dengan kondisi kompetisi lokal yang belum mature, berusaha keras agar pemain indonesia maupun keturunan yang berkompetisi di ln bisa dipanggil dan bergabung timnas adalah salah satu strategi terbaik.",2
"menurut kalian seberapa besar kebutuhan timnas indonesia akan striker naturalisasi? dalam wawancara terbarunya, erick tohir katakan akan mendukung coach shin tae-yong yang akan bergriliya untuk mencari striker dispora di luar negeri.",1
andai semua pemain bola di dunia bisa di naturalisasi. sebut 3 nama pemain yang kamu pengen buat berkostum timnas indonesia! sejamsebelumbuka,1
bapak kementerian mempora ri terhormat mauya ronaldo kwateh dan hugo samir dan altah ballah mauya mereka di naturalisasi dan jadi wni dan di panggil ke timnas u-19 dan mauya mereka di panggil ke timnas u-19 dan mereka trio timnas u-19 nantik di piala asia u-19 bapak kementerian,1
realistis aja timnas indonesia ga cocok masuk piala dunia walopun naturalisasi ya ttp gabakal kuat saing sama timnas lain yg pakenya pemain kualitas liga utama,0
terus indonesia harus ngestuck aja di asean? rebutin piala aff? gimana mau berkembang sepak bola indonesia kalo naturalisasi aja masih di debatin. heran deh ada aja ujiannya timnas mau masuk pildun. stop diskriminasi!!!,0
"pildun u17 di ri bukan level asean. timnas dari negara2 di 5 benua yg lolos ke pildun u17 di ri adl tim2 kuat, bkualitas. perlu memperkuat tim pelatih. berpengalaman, memahami level dunia. timnas u17 indonesia perlu diperkuat, ber-sama2 para pemain naturalisasi yg berkualitas.",2
"liat konten2 timnas, karena mungkin lagi rame jadi muncul terus (gue ga ngikutin timnas) trus bingung kenapa timnas kok banyak yg kayak bukan org indo. pas search, oh naturalisasi dan emang mereka ada keturunan indonya wkwk maaf kudet but congrats buat timnas indonesia keren",2
"ini juga yang saya bingung,banyak yg pakai kata naturalisasi padahal itu kan orang indonesia yang dulunya dimigrasi ke belanda/negara lain,trus punya keturunan dinegara itu,pengen balik bela indonesia,kaya orang jawa transmigrasi ke sumatera, banyak jg yang merasa masih org jawa",0
"kasihan sandy walsh sama shayne pattynama yg kena imbas nya, padahal mereka itu tulus loh di naturalisasi dukung timnas indonesia",0
gua sih tetep nyalahin federasi yang membiarkan klub bosok bisa ikut kompetisi. lu pikir pemain-pemain naturalisasi timnas indonesia dari belanda itu bagus bukan karena ketegasan knvb terhadap syarat-syarat klub ikut kompetisi?,0
"halo , urusen ligamu ojo timnas ro naturalisasi wae. liga muarane ki timnas, nek ligamu ora mbok urus yo jancok koen",0
sejak awal program naturalisasi diaspora dsb. atau istilah apapun: itu gak bagus selama pembinaan sepak bola nasional tdk bagus. jatuhnya hanya menjatuhkan mental pemain lokal (pemain timnas dan liga).,0
"orang ini berbicara tentang counter attack yang justru tim yang dia asuh kalah lewat gol counter attack sore tadi. juga bicara tentang local pride saat shin tae yong bisa membawa timnas indonesia ke level yang baru dengan pemain naturalisasi. have some shame, coach",2
semua orang harus tauuuu jake keren bangetttt yuk bisa yuk naturalisasi timnas halo pssi wkwkwkwkwk,2
"dalam konteks mas arthur, kalau ada penilaian positif itu sarkas. kalau negatif, ya jujur. sumber kita ya data statistik dan performa dia selama bermain. karena kita mikirnya, timnas adalah kumpulan pemain terbaik dr sabang sampai merauke (atau naturalisasi). gt aja kok.",2
"timnas indonesia senior mayoritas diisi pemain keturunan atau naturalisasi. namun, pemain yang lahir dan besar di indonesia—banyaknya muda—tetap jadi mayoritas di kelompok usia. mereka juga pemain muda yang udah reguler di klub masing-masing. liganya jalan, jadi bisa bersaing.",2
"et ketua bagus? emang taek isi otak lu, taek taek di mana bagusnya et kocak? mana roadmap sepakbola indo? mana piala indonesia, mana liga wanita, lu di nina bobokin sama timnas senior doang kocak, itu juga di bantu pemain naturalisasi, isi otak lu emang taek semua",0
"minta 11 naturalisasi. sampai d sini makin paham, shin tae yong emang ga ambil pusing soal timnas yg disupport pemain lokal. dia mau jalan pintas buat nyelamatin karirnya. tanpa satupun piala selama handle timnas indonesia, karir kepelatihannya setelah ini gal bakal marketable.",2
"hmm, tapi ini emang salah satu skuad terbaik yg pernah dimiliki timnas indonesia sih. meskipun full pemain lokal (tanpa keturunan / naturalisasi), tapi kualitas di semua sektornya merata dari mulai kiper, bek, gelandang, sampe strikernya bagus semua kangen timnas era ini",2
"menurutmu, proses naturalisasi kaya gini jaminan prestasi buat timnas gak sih? | narasi daily",1
"mau ga percaya mafia yang pengen pemain lokal masuk timnas biar harga melambung, yang dimana mafia ini pada ga suka sty pake pemain naturalisasi, tapi ya begini, gila lah dibilang bukan prestasi",0
"pemain naturalisasi dapet endorse bintang iklan langsung jadi superstar disini ,di eropa cuma pemain medioker , naturalisasi boleh tapi jngn se brutal itu njir,club di bursa transfer aj kalah sama timnas indonesia soal datengin pemain negara lain",0
terlalu nyaman...main iklan dan fasilitas pssi. kedepan pelatih timnas pengganti perlu ada catatan klausul dilarang main iklan dan fokus melatih membentuk pemain2 timnas bertaraf internasional bukan fasilitas naturalisasi yg boleh dibilang pelatih tinggal menerima matangnya saja,0
"solusi, a.l: 1.timnas u20 perlu terus ditempa untuk bs lebih baik dan meyakinkan 2.segera timnas u20 dg formasi kekuatan penuh, bersama bbrp pemain naturalisasi 3.mudah2an ada lg ptandingan psahabatan timnas u20 vs tim dari eropa,afrika,asia yg akan btanding di pildun,afc u20.",2
"menaruralisasi pemain kan 7annya untuk menambah kekuatan timnas garuda tentunya sdh melalui seleksi yg ketat dan butuh biaya besar,klo pada akhirnya dicoret maksudnya apa hanya buang2 uang dan kasian pemain naturalisasi yg dicoret",0
"meskipun punya bukti keberhasilan, program naturalisasi ini sendiri masih menimbulkan berbagai perdebatan, baik di antara permerhati sepak bola nasional, mantan penggawa timnas, serta para fans. — refi gilang maulana",1
"tapi ngasih antibodi ini sama aja kayak jaman2 timnas diisi sama pemain naturalisasi, gak sustainable.antibodi ada purna tugasnya. kalo mereka pensiun, dan tubuh gak bisa produksi antibodi sendiri, gimana kita bisa menjaga pertahanan kita? masak tiap hari harus transfusi plasma?",0
"salah satu terobosan kece yg dilakukan pak erick thohir dalam benahi total pssi, adalah memperkuat timnas lewat pengembangan talenta muda dan terobosan naturalisasi pemain keturunan dengan grade a bersama shin tae yong apresiasiet",2
"sekarang insan sepak bola indonesia lebih objektif. naturalisasi yg jele pun ada pas eranya van beukering itupun akibat pssi nya carut marut. lokal pride yg bagus juga ada. intinya g boleh ada sekat antara lokal pride, diaspora/keturunan dan naturalisasi. sama2 timnas indonesia",2
wah kaget kirain proyek naturalisasi ini buat kepentingan timnas ternyata buat klub. sesuatu yg belum pernah terjadi di sepakbola indonesia ini.,0
"lucunya saudi ngegelontorin duit gede buat gedein liga domestiknya beberapa tahun terakhir, klubnya beberapa kali masuk final afc champions league, kedatangan pemain tier a, timnas dilatih pelatih kelas dunia... eh kalah 2-0 sama indonesia yg katanya pake naturalisasi dadakan",0
"tapi menurut penilaian pribadi, timnas bisa ke round berapa ini, bukan karena pembinaan tapi karena naturalisasi dan tangan dingin sty. jadi bukan prestasi yg perlu gue ucapkan selamat.",0
"timnas tidak akan menang bahkan level aff walaupun pelatihnya pep guardiola dan naturalisasi messi ronaldo selama pssi masih diisi orang yang berinvestasi untuk revenue politik. berat sekali beban sty, selain mengurus timnas mengurus drama dan menghadapi pengurus pssi.",0
"prancis jg ada pemain yg numpang lahir atau numpang besar di prancis tp bisa masuk timnas, alias malah gak ada darah keturunannya. jd ya wajar2 aja sih naturalisasi itu..",0
"kalo masih pada ngeraguin nasionalisme para pemain naturalisasi, liat video video yang beredar aja pas tau timnas indonesia lolos ke babak ko ekspresi mereka gimana. begitu berarti banget buat mereka",2
"kadang bingung sama bapak satu ini, anti bgt sama naturalisasi? padahal banyak pemain keturunan yg dalam usia produktif menjadi pemain inti di klub liga kasta tertinggi eropa mau membela timnas. sekarang kompetisi kita aja ga jelas, tp dirtek ngomong pembinaan. lucu!",0
"1. skuad ini masih muda, kasih waktu 2-3 dibawah sty kita bisa ngejar vitnam/thai 2. naturalisasi prioritas di penyerang, lokalan ga ada yg bs dharapkan 3. liga joget coba dibenerin lah, apa2an liga bisa jalan saat timnas main",0
"persiapan dan mental kurang, liga tetep jalan, udah gitu naturalisasi asal2an",0
sampai kapan pssi naturalisasi pemain untuk timnas indonesia?,1
menanti duet pemain naturalisasi dalam tubuh timnas indonesia,1
pemain naturalisasi buat timnas indonesa semakin kuat,2
"di timnas bola skrng pemain naturalisasi cuma klok doang yg lain keturunan. jordi kakeknya orang siau. rafael? neneknya warga semarang. maminya elkan dr jakarta. kakungnya sandy, surabaya. ivar neneknya asli jember. shayne kurang apa cb dpt nama marga yg maluku bgt sama ky fano.",0
"sambil nungguin kuliah online ,main fm pake timnas indonesia full naturalisasi karna dah jenuh sama pemain lokal yang kalahan kalo ditimnas jadi di lampiasin di fm hahaha",0
"kami tidak menyalahkan klub, tapi kami harus duduk bersama klub, menerapkan strategi agar ada pemain muda, pemain naturalisasi dan pemain asing sepak bola indonesia harus kita dukung agar bisa masuk ke piala dunia revolusisepakbola bongkar total pssi",1
"air mata netes pagi2 baca info timnas lolos 16 besar piala asia. betapa capeknya berproses timnas bola kita, dinamika pro kontra naturalisasi, pssi yg njelimet, liga dan komponen nya busuk. ternyata benar, tekad yg kuat adalah kunci. hormat utk semua, selamat merayakan",0
harusnya timnas naturalisasi dia. ntar abis kelar tanding dia bisa nyanyi 90's love wkwkwkwk,0
iya bang makanya di naturalisasi sama timnas indonesia,1
"sungkem lah sama beliau. selain naturalisasi nya bener, kontribusi beliau jg bener ke timnas",2
gw pribadi proyek naturalisasi timnas indonesia yang mayoritas diisi pemain belanda gagal total !!!! sudah saatnya stop naturalisasi,0
kamu emg naturally funny gini atau emg naturalisasi timnas,0
"ini realita dan kritik yg menurut saya bagus kita lupa membangun federasi, pembinaan usia dini yg berkualitas dan liga yg profesional karena pemain timnas kita tinggal naturalisasi saja tolak ukur kesuksesan sepakbola sebuah negara ada pada timnasnya, kita sedang memilih jalan pintas itu",0
"lebay! buat apa ngabisin energi pindah sana-sini, benerin kompetisi kek, benerin fasilitas buat timnas kek, fokus naturalisasi pemain permintaan coach kek. ayolah fokuskan ke yang lebih penting-penting dulu.",0
"dan squad timnas indonesia thn 2026. ada banyak regen. naturalisasi ada ben van leer di espanyol (status, cadangan mati) paling mahal egy. di legia warsawa. need improvement. rank fifa ke 96 btw",2
"logikanya agak gimana ya juara dulu baru didukung dan premis trakhir soal naturalisasi, itu timnas sepak bola jg naturalisasi smpai beranak-pinak d sini juga langganan juru kunci kualifikasi pildun.",0
timnas indonesia diprediksi di tahun 2026 sudah mulai terlepas dari permasalahan ini (masalah kebugaran) karena kita sudah melakukan naturalisasi dari tahun 2023. cuma untuk pemain baru pasti akan sulit dan butuh beradaptasi dulu.,0
"gw pikir mereka ini fam pasti iri lihat perkembangan timnas indonesia dan pencapaian sejauh ini, dan faktor utamanya juga karna banyak pemain naturalisasi yang keturunan indonesia gabung. lihat tetangga bisa kenapa kita ga bisa mungkin pikir mereka gt, eh taunya main kotor",0
gak usah bahas sepak bola indonesia payah gak mutu suruh tidur saja pemainnya lemah suruh naturalisasi yg main sayang naturalisasi apa bangganya gak bangg jika menang,0
"temenku kemaren tanya pemain naturalisasi kok gk maen di eropa aja ya? aku jawab kl mereka maen di eropa paling div 2, di sini timnas, jelas milih timnas",0
timnas bola gak perlu naturalisasi klo gitu,0
"pemain lokal banyak tersingkir karena naturalisasi, intervensi ruang ganti, bahkan ganti pelatih dgn alasan komunikasi. banyak yang gak sreg dgn semua tindakan lo ini tapi lu tetep lakuin tuh supaya orang mikir lo serius kan? masa iya buat ngejek? dendam apa lo ana fans timnas?",0
"para pemain naturalisasi ini bisa dijadikan andalan timnas indonesia untuk piala asia 2023 mendatang, bagaimana menurut kalian?",1
"blm tentu krn pemain lawan jg byk diaspora/naturalisasi, plus mental kita msh menganggap lawan dibawah kita, blm lagi ini laga penentu akhirnya jd tegang. semoga timnas ga meremehkan, tdk tegang kurangi show off, jgn lupa jg kurangi bersosmed biar terpengaruh selebgram aiueo.",0
just my opinion ya min.. kurang value for money hehe.. tapi ya itulah nilai jual dari naturalisasi.. sayangnya no timnas caps.,0
"bicara gampang nya kalau yg gak mau gabung/membelot/gak mau di panggil cuma 1 pemain, terus kenapa naturalisasi terus ada dan lebih banyak. terus tau gak lebih dulu proses naturalisasi atau proses pemanggilan dia ke timnas yg dia tolak.?",0
"nih kl pemain naturalisasi dah bisa ikut main, kira timnas bisa sampai mana ya?",1
agak heran kenapa belakangan pemain naturalisasi yg dulu di klub-klub beken eropa jadi kayak gak kepake lagi setelah membela timnas indonesia? ada kutukan negara besar kah?,0
"jadi udah tau lah ya, kenapa (menurut gua) timnas bola kita butuh pemain naturalisasi yang maen di liga-liga top eropa sana?? ngandelin pemain liga lokal mah yaudah..",0
"sebagai tuan rumah piala dunia u-17, kita dapat euporianya saja. mengingat kita gagal lolos melalui jalur kualifikasi/prestasi. sekarang, bagaimana kesiapan timnas u-17 di bawah bima sakti? pasokan pemain dari mana? dari ssb, plp atau naturalisasi?",2
kita akan melihat fam melakukan apa yang pssi lakukan mulai tahun 2022 tunjuk head coach baru dan program naturalisasi pemain keturunan secara masif pertanyaannya: apakah akan sesukses indonesia sekarang? perlu diingat program naturalisasi timnas tidak akan berhasil tanpa sty,0
tidka lain dan tidak bukan abis naturalisasi langsung main timnas,0
lah bukan nya timnas kebanyakan naturalisasi?,0
"selain faktor sty, para pemain naturalisasi jg bikin permainan timnas naik kelas. sentuhan, kualitas passing, ketenangan, dan gaya mainnya emang beda dari pemain2 lokal",2
"manfaatkan bola muntah dan gol dari struik pemain naturalisasi gak bohong kualitas emang diatas rata-rata. fisik dan tehnik berkelas, memacu pemain timnas selangkah lebih maju. mental jadi kuat. koordinasi permainan mantap, kelas sepakbola eropa",2
"yang gak dilihat sama yg suka nyinyirin timnas, pemain naturalisasi kita gak asal comot dan kalopun abroad dipastikan main di liga yang bagus, bukan spt tetangga kita yg meski full abroad dan naturalisasi tapi levelnya bisa dikejar dengan pemain liga 1 sekalipun",2
"nonton timnas indonesia lawan laos sempet bingung ada pemain bule, mungkin naturalisasi... sing penting menang mudah2an juara affsuzukicup2021",1
"yang bisa main bola banyak bang, yang jago dikit kalau yang jago banyak timnas kita mah ngga perlu naturalisasi wkwk, itu membuktikan liga kita emang masih jelek, lebih baik dari dulu tapi ya segitu aja, masa mikir gini aja ngga ngerti bang? wkwk kocak",0
katanya mereka birth rate nya rendah.. tapi kebanyakan timnas sampe officialnya warlok.. lah indo?? udah katanya bonus demografi malah pilih naturalisasi. dikasi rolex pula,0
"survei membuktikan timnas tanpanya pemain naturalisasi adalah omong kosong dan nihil pencapaian. dari jaman ke jaman sepakbola indonesia khususnya liga lokal monoton seperti itu2 saja tanpa adanya peningkatan kualitas pemain dan prestasi, iso ne yo mek gelot dan gelot wkwkwk",0
"banyak, apalagi pemain timnas sebelum era naturalisasi, hampir semua nyebut nya pake 2 kata.",0
"balik lagi, naturalisasi atau engga timnas punya potensi besar untuk berkompetisi secara matang erickout",1
naturalisasi untuk timnas apa untuk klub jadinya bol ??,0
"timnas kita terbiasa melihat sepak bola dgn kacamata hasil, cara instan ditempuh. rekrut pelatih ternama (klo sty dan milla bisa disebut ternama), naturalisasi yg mubajir (hanya klok yg berfungsi, lilipaly lumayan), dan terakhir liga 1 dibanjiri pemain luar.",2
"kalo timnas mau sukses, suka gak suka ya starting line upnya hrus pemain naturalisasi semua dari cf sampai kiper, secara fisik dan konsistennya tetep beda, pemain non naturalisasi jaman sekarang banyak yg berbakat tp gak konsisten dan kebanyakan minusnya di first touch.",0
toh sejauh ini naturalisasi ga bikin timnas angkat piala kan?,0
"pake timnas muda diributin, tapi kritik naturalisasi, padahal mereka juga pake. negara-negara asean yang suka ributin timnas kita, tuh, emang benernya pengen maen bareng timnas senior, kok. cuman gayanya aja sok. begitu ketemu lengkap, starstruck mereka ntar!",0
"ya setidaknya sekarang keliatan banget kalo et lebih banyak gimmicknya -bilang lanjut liga 2 -bilang pake var -gagal lobi pake karangan bunga, tumpengan -bilang naturalisasi gampang tapi ruwet -ada wacana timnas main di satu klub",0
"harusnya samsul di bawa ke timnas, biar dia acak² tuh fifa dan lawan² timnas indonesia, sehingga timnas gk butuh tambahan pemain naturalisasi lagi pak . klo di duetkan dgn ole romeny di lini depan, semua lawan tumbang semua",1
"sebenernya naturalisasi dengan scouting yg baik dan assessment yg proper bisa membawa pemain bagus untuk timnas. dan harus dibarengi dengan kebijakan yg konsisten. pelatih terlalu sering diganti, liga sering bentrok dengan jadwal timnas. gimana mau dapetin komposisi juara.",0
"buat yang dari kemarin nanyain mana nih pembinaan pemain muda indonesia? jangan naturalisasi pemain mulu dong, coba benahi pembinaan pemain muda nah ini timnas indonesia u-17 ini kebanyakan pemain nya hasil pembinaan dari epa dan piala soeratin yang dijalankan pssi, -cont",0
coba dah tanya menejemen persebaya pengen gak klubnya di isi pemain timnas yg naturalisasi pasti jawabannya pengen coba dah tanya menejemen persebaya mampu gak beli pemain timnas yg naturalisasi pasti jawabannya nggak mampu jadi perbedaaan nya itu cuma di kata gak mampu,0
"yg ada di daftar atas itu mending gausah dipilih timnas lagi, pake naturalisasi lbh oke",0
"menurut gue bukan ga paham tapi bingung. karena sty dituntut juara sedangkan skill dan mental pemainnya seperti itu. pelatih timnas mengandalkan pemain dari klub, sedangkan klub dan liga di indonesia masih jauh dari standar. makanya opsi tc dan naturalisasi dipilih.",0
"10/ padahal seperti yang sudah dibahas, naturalisasi tidak sebatas urusan timnas indonesia. ada yang pindah kewarganegaraan karena urusan administrasi misalnya perkawinan. apakah dzumafo menjadi wni karena mau masuk timnas indonesia? jawabannya tidak.",0
"om , naturalisasi memang cara mudah untuk bentuk timnas yg kuat, tapi ini jangka pendek aja. saran : lebih baik meningkatkan kualitas kompetisi dalam negeri, terutama kompetisi di semua kelompok umur semoga sepakbola indonesia bisa lebih baik ke depannya. aamiin",2
"tujuan pesepakbola pasti ingin membela timnas, tapi kalau sudah berjuang tpi malah mementingkan pemain keturunan dan naturalisasi, ada berapa banyak pemain lokal yang kehilangan harapan?",0
kontribusi pemain naturalisasi selain pengalaman bermain adalah mencetak bibit unggul untuk timnas indonesia ke depan contoh e wes akeh,2
"orang ngomongin prestasi timnas lokal vs timnas naturalisasi, dikasih fakta malah sewot. yg gua katakan sampah bukan hanya pemain naturalisasi yg sekarang tapi juga dari masa lalu. kalau gak bisa baca gak usah sok komentar lah",0
kalo ada orang kayak gitu mah tanyain aja coba pemain naturalisasi di timnas sekarang ada berapa paling juga gakpaham mereka,0
yap betul. intinya pantau pemain keturunan untuk mendapat hak naturalisasi. namun biarkan mereka tetap main diluar bukan malah diminta main di liga 1 dulu . lihat kualitas lilipaly yang waktu medio 2014-2017 main di belanda/jepang hanya datang ketika agenda timnas saja.,0
"kenape pada brisik amat sih pemain timnas naturalisasi kaga boleh ke liga 1 , sejujurnya aje kita juga kaga terlalu pengen pemain timnas naturalisasi ke , selaen ribet kalo ada tc / fmd / event lain, lokalan juga masih banyak yang gak kalah bagus",2
"dia pasti ke timnas kok, kemarin dapat whatsapp dari orang dalam pssi. rencana akhir tahun ini dia akan datang ke indonesia dan melakukan proses naturalisasi nya. begitulah kira-kira isi mimpi saya tadi malam.",0
"pemain naturalisasi maupun pemain yg main di klub luar itu bagian dari strategi agar meningkatkan kemampuan timnas indonesia di satu sisi pembenahan klub liga liga lokal harus dilakukan juga , semua bagian dari menyiapkan bibit bibit unggul",2
"kalau menurut bung towel, program naturalisasi di era shin tae-yong masih belum berhasil membuat timnas berprestasi. kalian sepakat enggak? jangan lupa nonton live streaming diskusi turun minum di ig atau youtube gol ganti jam 13.30 wib nanti.",1
banyak”in naturalisasi di timnas senior nunjukin kalo emg sistem kelola sepakbola lokal kita dari grassroot masih ngaco wkwk,0
dulu selalu punya pikiran kalau pemain yang mau naturalisasi ke indonesia itu pada dasarnya sudah menyerah mengejar mimpi membela timnas aslinya.,0
"gw yakin bukan karena mereka nggak bisa di nasehati, tapi emang pemainnya sendiri udah 'ndablek', jadi buat dirtek indra sjafrie, pengurus pssi, dan pelatih timnas nggak usah lah anti keturunan atau naturalisasi, toh pemain lokal liga dagelan juga nggak bisa diharapkan .",0
"kalau timnas indonesia mau stabil berada di 8-15 besar afc, program naturalisasi: •harus berlangsung s/d thn 2180 •dimulai sejak timnas u-17 pssi erick thohir ratu tisha kitagaruda timnasindonesia kemenpora update score bola tvonenews",1
"media ngawur, kau kira pemimpin negara punya jasa besar dalam naturalisasi pemain timnas indonesia? lucu kebut naturalisasi timnas indonesia di era jokowi",0
timnas indonesia emang butuh naturalisasi kiper kayanya,2
"jka ketum orng2 pssi gk blunder ya gak bakal kek gni,mreka mikirnya asal peltih siapa saja pasti berhasil bawa timnas ,krena orng2 di pssi udah jumawa dgn timnas dgn alasan naturalisasi pemain yg bsa dbilang lmyan. eh gk taunya malaj bkin tim amburadul",0
"terima kasih atas 3 poinnya, garuda . kilas balik ketika saya mendukung program menpora pssi, dari kevin diks sampai ole romeny. terbukti naturalisasi berhasil dalam menaikkan ranking timnas kita. bismillah piala dunia .",2
"menyala ernando, berkat proses naturalisasi erick thohir kini timnas indonesia semakin keren permainan sepak bola ya terlihat sekali mental mereka pun kebentuk garudamendunia bang jay hokben finansial lebih baik aozora kataomoi nabilataqiyyah hokky ananda",2
sampai kapan naturalisasi pemain dilakukan timnas?,1
"kalo jordi amat jd main di liga 1, sebaiknya program naturalisasi di stop, udah jelas liga eropa itu lebih kompetitif dibanding liga lokal, sebenernya program naturalisasi ini program u/ timnas atau u/ klub sih",2
ada ex coach timnas indonesia yg dulu sempet harum namanya karena timnas racikannya dia berhasil menang padahal masih muda mengkomentari perihal menyanjung pemain naturalisasi gaboleh berlebihan dibanding pemain lokal supaya pemain lokal ga sakit hati,2
"dulu negara tetangga mengkritisi timnas indonesia, perihal banyaknya pemain timnas yang naturalisasi. skrg mereka menerapkan hal yang sama, dan indo murni 100% pemain lokal. w",0
"proyek naturalisasi timnas indonesia gemuk, bagaimana nasib bek lokal?",1
"ya makanya, naturalsisasi yg bener bener mau kontribusi ama timnas.. jan pemain kaga jelas lancar bener naturalisasi",0
perihal timnas indonesia. mengatakan bahwa sty perlu diapresiasi karena berani potong generasi lalu membandingkannya dgn pelatih sebelum2nya yg ga berani melakukan itu sedikit naif sih. gw pun kl dikasih kebebasan untuk naturalisasi pemain ya bakal fine2 aja potong generasi.,0
btw timnas indonesia hampir aja kok naturalisasi pemain brazil yang ga sesuai ketentuan fifa. bersyukur lima pemain itu batal. bayangin kalo itu terjadi wkwk,0
"bravo, bravo, tim sepak bola indonesia kalau dikelola dengan baik dan antara pemain dan pelatih kompak serta strategi yang jitu pasti akan menghasilkan yang kita harapkan bersama, sekali lagi bravo tim u23 indonesia, selamat datang pelatih naturalisasi sty, kami siap menerimamu",2
naturalisasi adalah opsi terakhir dalam membangun sepak bola indonesia. guebarengerickthohir,1
"sstuju, bagus itu, baiknya semua liga harus diseleksi ulang lewat liga antar kampung terus keatas liga antar kecamatan, antar kabupaten, antar provinsi dan akhirnya terbentuk liga nasional dan timnas ,shg tidk perlu lagi naturalisasi krn kita bisa jaring talenta dari bawah",2
"seharusnya pssi banyakin naturalisasi pemain-pemain yang mempunyai darah indonesia, gak harus di panggil ke timnas, paling nggak bisa membuat para pemain asli indonesia menjadi lebih termotivasi dan meningkatkan kemampuan agar posisinya di timnas tidak tergeser",2
"kalo pendapat gue nih ya, 10 pemain timnas indonesia itu menggunakan pemain naturalisasi aja, sisa 1 pemainnya baru menggunakan pemain lokal. karena kualitas pemain lokal kita dari zaman dulu selalu kurang baik, mau itu dari passing dan dribble yang buruk.",0
bapak sjafrie sjamsoeddin bapak menteri pertahanan indonesia terhormat bilangin sama bapak erick thohir pelatih timnas indonesia u23 coach bojan hodak luka mintak 8 pemain keturunan darah indonesia baru di naturalisasi dan jadi wni bela timnas indonesia dapat ktp ri paspor,1
sekalian presiden dan para menterinya naturalisasi untuk mempercepat indonesia bubar...,0
"timnas indonesia knp pusing2 pake wacana striker naturalisasi. ini ramadhan sananta finishingnya kyk erling haaland. blm lg ada hokky caraka, dimas drajat. balik lagi dikasi kesempatan ga ke tim senior?? klo teamnya bagus otomatis bomber2 lokal ini bagus.",2
"emang beda mas antara pemain naturalisasi keturunan, kebanyakan yang dipanggil itu pemain keturunan. naturalisasi memang banyak, rata2 karena sdh milih tinggal di indonesia, itupun yg ke timnas sedikit. kalau keturunan, dia harus milih, karena di sini menganut 1 kewarganegaraan",2
nga nyangka perkembangan timnas bagus banget. melawan korea aja nga ada takutnya. mainnya efektif udah kayak tim dunia lainnya. tiki taka satu dua operannya enak ditonton. biasanya pemain timnas suka bawa bola nga keruan. pemain naturalisasi juga bagus2 era sekarang!,2
"lah jd pemain keturunan afrika yang besar atau lahir di eropa tapi milih timnas asal leluhurnya di afrika ngelakuin itu karena duit bang? seriusan itu? baru tau saya, kalau kayak mbappe, pogba dll, dari sebelum sukses kan emang udah paspor prancis, jd bkn naturalisasi jg",0
masyarakat indonesia terbuai dengan pemain2 naturalisasi dgn embel2 naikin rank timnas pdhl mah petinggi2 pssi ngelakuin ini smua ya buat nutupin kebobrokan kinerja mreka dlm mengelola sepakbola indonesia dgn cara ngebagusin timnas semata2 branding doang. liga lokal? ancurrrrr,0
orang dia udah main di timnas senior juga nggak bakal bisa di naturalisasi secara federasi. hanya segelintir orang yang tak tahu ilmu tapi suka mencela padahal sesama warga indonesia juga. miris!,0
"kemauan pribadi pemain, kalo memang sesuai aturan hukum ya gak masalah karena udah haknya. gak semua naturalisasi itu buat timnas.",2
"pusat data nasional jebol! kalo pemain timnas prestasinya jebol bisa diganti pemain naturalisasi, apa salahnya sekarang menteri kominfo dan pejabat di atas yg menunjuknya juga dinaturalisasi?? setuju guys??",0
iya bener kasian sty downgrade harusnya timnas cocoknya minimal diisi 11 pemaen naturalisasi grade a.,0
naturalisasi karawaci ga ada manfaat untuk timnas.,0
"naturalisasi bukan istilah asing di telinga masyarakat indonesia. kemungkinan besar banyak yang bakal menjawab nama-nama pemain timnas sepak bola indonesia kalau mendengar kata itu. tidak salah sebab garuda memang punya banyak pemain naturalisasi, mulai dari jay idzes, sandy walsh, hingga emil audero. tapi, bukan hanya sepak bola, timnas basket indonesia pun juga diperkuat pemain-pemain naturalisasi. baca selengkapnya di link berikut:",2
"tijjani reijnders sempat dirumorkan saat ia masih main di alkamaar untuk di naturalisasi kan dan diharapkan bela timnas.dan gw gatau apakah ia emang punya darah indo,tetapi langsung diangkut milan dan pastinya jg susah untuk menyaingi timnas belanda next?",0
pantes naturalisasi pemain timnas aja kaga kelar kelar,0
jangan terlalu sombong .komentar nya yang sopan dan santun dan jangan menyinggung atau meremehkan timnas indonesia karena timnas indonesia jadi kebanggaan rakyat indonesia .klw tidak mau anak nya emil audero di naturalisasi oleh pssi.jawab dgn komentar sopan dan santun,2
"bukan sty bukan pk. semua ada andil masing2, tanpa sty timnas mungkin ga bakal cetak sejarah yang membuka jalan naturalisasi besar2an, tanpa pk mungkin om simon, dean, kevin, joey, miliano, mario, belum mau berpihak ke timnas, dan jadi regenerasi naturalisasi.",0
timnas indonesia tanpa pemain naturalisasi hanya mas mas biasa,1
"sudah kelewatan, saya jujur malu kalau starting xi timnas indonesia diisi full naturalisasi (diaspora adalah istilah pembenaran dari orang2 pssi yang tolol ngurus bola lokal).",0
"padahal pemain naturalisasi,diaspora sm pure local pred sama2 wni lho soalnya udh main pake jersey timnas bedanya pemain naturalisasi sm diaspora definitely skill, visi sm tactical knowledgemya lebih proper dripada lokal prad pred yg cmn bisa gocak gocek gajelas",0
"sebelum sty di phk , netizen sty tanpa naturalisasi bisa apa? coba balikan pertanyaan nya federasi tanpa pemain keturunan bisa apa??? bisa 10-0 di bantai bahrain !! jadi jangan merasa uda paling berhasil , federasi tugas nya mengurus sepak bola indonesia bukan cuma naturalisasi",0
maaf pak sibuk naturalisasi timnas indonesia untuk piala dunia 2026,1
"untuk naturalisasi kan haknya dia om, krn udah memenuhi uu... klo urusan timnas balik lagi nanti ke pelatihnya",1
"aji santoso sty sama sama belum kasih trofi tapi progressnya nyata tidak bergantung di 1 pemain, bahkan 1 formasi. cair whatever, tapi kita pernah berprestasi ketika dipegang pelatih lokal dan tanpa naturalisasi,indra sjafri, bima sakti ! pelatih lokal for timnas why not..",2
"setiap baca berita pasti nemu berita pssi akan naturalisasi si a, si b, dll.. serius tanya nih? erick thohir mau bentuk timnas indonesia atau mau bentuk timnas belanda versi asia!",1
"terima kasih kembali! video itu mungkin memicu diskusi soal pemain naturalisasi di timnas indonesia. meski mereka meningkatkan performa, starting xi full naturalisasi kecil kemungkinannya karena faktor keseimbangan tim dan dukungan fans. strategi saat ini cenderung gabungkan pemain lokal dan naturalisasi untuk sukses jangka pendek serta pengembangan jangka panjang.",2
"program naturalisasi menjamur di seluruh dunia, tetapi pssi menjadi contoh kasus terbaik. kebijakan jalan pintas itu berhasil mengangkat derajat timnas indonesia di level internasional",2
"serius nanya, di timnas bola ada brp jumlah pemain inti yang real asli indonesia bukan naturalisasi ?",1
"memang sih statusnya naturalisasi, tapi tetap sah2 saja kan bung, gilaa,giliran ada yg mau perjuangin timnas kita biar tidak di obok2 lagi,malah masih ada saja yg beginian jadi hilang respect sama bapak yang satu ini,bacot doang",0
langkah naturalisasi atau pemberian kewarganegaraan bagi pemain asing untuk memperkuat timnas indonesia merupakan kebutuhan jangka pendek.,1
"ga cm timnas sepak bola yg naturalisasi ternyata wkwkwkwk,",1
vini bisa gk yah di naturalisasi main buat timnas indonesia,1
pantes timnas sepakbola indonesia sukses banget. pemaennya hasil naturalisasi semuaaa... ngga ada pemaen lokal..,2
striker timnas indo tolol semu anjing! ngapain sih naturalisasi bek! naturalisasi striker!!!! dongo semua,0
"stop lah pake kata naturalisasi, pemain gasuka dengarnya, terlalu mengkotak-kotakkan timnas",0
"pantes indonesia ga dikasih juara di level international, suporter nya pada tamak semua padahal baru juara asia pertama kali. (database timnas full naturalisasi) cc:",0
sebenarnya banyak orang keren in real life yang you know lah keknya terpaksa dukung 02. mungkin demi pertahanin karir. saya pernah jumpa jubir 02 yang jago banget ngeloby + talent scouting buat naturalisasi pemain bola timnas. orangnya baik dan ramah banget.,2
"sekolah tinggi katanya kebutuhan tersier. sekolah ppds katanya makin mahal. ini solusinya menkes mau datangkan dokter asing, tiru naturalisasi ala timnas bola",1
"kalo ditanya mau jadi timnas mana turkiye, deutschland, apa indonesia. jawabannya deutschland wkwkwk. nanti jadi pemain timnas indonesia aja ya, gapapa main di club di deutschland tapi di naturalisasi jd pemain indo aja yakkk wkwkwk",2
"pernah membela timnas kelompok umur gini ngaruh ga si nanti ketika di naturalisasi jadi lebih sulit, kaya kasus ezra sama jairo",0
"timnas indonesia ga mau naturalisasi james ward-prowse??? asli madiun doi, kemampuan bola matinya lebih bagus dari beckham lagi sayang gapernah kepake sama inggris. mending buat timnas indo aja",0
"3rd gig of today (3/3). ngomongin penting gak penting pemain naturalisasi terutama untuk timnas indonesia bareng di youtube . btw, menurut lo... naturalisasi tuh perlu gak sih?",1
butuh berapa pemain keturunan + naturalisasi lagi biar timnas indonesia bisa berbicara di level dunia?,1
"pemain naturalisasi aslinya mereka ampas di negara domisili mereka, gak kepake di timnas sana kalah kualitas dengan pemain lokal sana, jadi mo aja gabung timnas indonesia asal dengan bayaran lumayan lah...",2
"membela talenta lokal jadi tulang punggung timnas garuda, tapi kalau setiap pertandingan selalu ribut begini, kapan pemain lokal bisa maju? udah bener crash prog dgn naturalisasi spy cepet naik kelas, ke kelas dunia.. yg lokal bisa jadi mma deh..",2
"yah risiko, buat yg lain ati2, tapi mayan biar calon pemain timnas nggak usah di naturalisasi ato minimal penyanyi dah",0
"berharap timnas diisi keturunan atau naturalisasi total aja deh. selain indonesian fa nya yg begitu, pengelolaan liganya begono, agar pemain lokal jg mulai aware lah bahwa klimaks karier pesepak bola selain trofi level klub jg dedikasi total untuk timnas.",2
"tuh akun kasi kritik ke eliano, rafael struick, dan jens raven yg sudah pilih main di susperleague padahal umur masih muda gak? kalo kagak berarti jelas akunnya penyepong pemain timnas naturalisasi final mampus",0
sepertinya emang cuma menang soal naturalisasi timnas sepak bola doang negera kita ini dibanding negara sebelah.,0
data apaan? juara taun 91 ? timnas naturalisasi ? emang ada? 1 skuad aja naturalisasi cuman 3 orang. itu bisa disebut timnas naturalisasi? kalo goblok dan bego itu kasih batas napa wkwkwk.,0
"setiap wna pengen jadi wni itu sah-sah aja selagi memenuhi peraturan, jangan pada berpikir kalo naturalisasi hanya untuk kepentingan timnas / klub, bisa aja dia udah nyaman tinggal di indonesia.",2
timnas indonesia naturalisasi mbappe njir,1
nasib pemain naturalisasi timnas indonesia dari dulu selalu nasibnya gak jelas. bahkan sekarang ada yg namanya terlupakan atau karna di indonesia lebih menguntungkan menjadi selebritis atau jadi ba produk di banding jadi atlet sepak bola. jadi buat apa di naturalisasi?,0
"cape juga liat tiap timnas tersingkir turnamen, muncul lah semua pengamat sepakbola yg lagi lagi bahas naturalisasi. cape ga sih? ga sadar diri grassroot dan liga kita emang masih sangat jelek?",0
suka timnas yang gak pake naturalisasi timnasday,2
"alema ngalam tiba2 bisa lolos dari degradasi, tadi sore tim brengsek itu dapet 2x pinalti. liga kontol, tim kontol. emang gak maju timnas kita kalo pemain-pemainnya diambil dari liga dagelan, dukung terus naturalisasi! jangan pernah pake pemain liga butut.",0
y di impikan striker naturalisasi y bisa memberikan kemenangan ternyata produk lokal y mampu hempaskan timnas arab saudi timnas | indonesia | juara,2
"dengan hanya seaba championship 1996 sebagai gelar juara yg pernah diraih timnas indonesia, maka iya marques naturalisasi pertama",1
datang lah ke indonesia dan naturalisasi jadi timnas garuda pensiun mu tak lengkap kalo belum juara aff,0
"imho, belum pernah ada sejarahnya timnas indonesia kayak sekarang. teknik oke..passing bagus. benar-benar bisa nerapin strategi pelatih. penguasaan bola bagus banget. fisik luar biasa. main cepet gak keliatan lelah. lepas dari naturalisasi, ada banyak pemain asli yg bagus di sana",2
"kalo ibaratnya pemain timnas sepakbola, dia itu pemain naturalisasi. cuma ya gitu mainnya jelek banget.",0
tidak mungkin seorang hamba mengabdi pada dua tuan alhamdulillah timnas belanda cabang konoha tersingkir v5si bukan kendaraan politik stop proyek naturalisasi,0
naturalisasi pemain untuk perkuat timnas indonesia itu wajar!,1
"oh ya kak jangan lupa, tag semua orang. yang bilang sedih/mengkritik, karena pemain timnas kita, banyak naturalisasi. saya juga menyayangkan terlalu banyak nya pemain naturalisasi, tapi kalo liga nya aja kayak gini, sepak bola indonesia mau nya gmn?",0
"pak jangankan dulu sekarang ini banyak talenta sepak bola anak bangsa yang putus harapannya untuk membela timnas kita, mereka yang berjuang dari piala dunia junior pupus harapan mereka untuk membela timnas senior kalah dengan yang naturalisasi",0
"timnas tertolong oleh pemain naturalisasi hari ini.mainnya kalah dengan uzbek , tapi ga papa sudah masuk",0
"dari 3 pertandingan awal, kita ga lebih buruk dari persib yang bertabur bintang timnas, naturalisasi dan asing mahal. ayolah, isok iku dipoles titik ngkas, strikermu lhooo.. tulung.",0
"tuh dibawah ada yg bilang naturalisasi gagal, pemain gabisa lari, siapa lagi kalo bukan si onoh emg gabisa bedain ezra lagi main buat timnas/persib, dari warna bajunya udah keliatan.",0
mungkin kepentingan (timnas) pssi jg 'nitip' pemain naturalisasi u23 di liga super terbaik sejagat raya.. *eh ngke dicarekan deui,0
sedang menunggu ciroalves otw naturalisasi timnas indonesia,1
saya tertarik membahas naturalisasi pemain asing di liga 1 pak . mereka sangat bermanfaat untuk meningkatkan level permainan klub dan meningkatkan level liga 1 di level asia. syukur-syukur bisa untuk timnas tp mereka difokuskan untuk meningkatkan level klub. (1),2
"maksudnya bgmn.?timnas garuda full pemain impor eredivisie belanda,sedangkan skuad iraq adalh pemain lokalan. mestinya timnas menang, hanya kurang beruntung.naturalisasi tdk ada manfaatnya.",0
"pemain yg mubazir di naturalisasi, impactnya nol besar utk sepak bola indonesia, stop naturalisasi batasin pemain asing di indonesia (minimal cm2/3) disetiap club indonesia, club2 indonesia hrs berani orbitin pemain muda atau atur regulasi buat liga 2 hrs pemain2 u21 smp u23 sj",0
"ngomong ngomong naturalisasi pemain buat timnas , nemu jackpot di seorang mees hilgers tuh. lagi dilirik psv eindhoven. sekarang main di fc twente. bakal menarik kalau sampe berhasil gaet ini pemain satu selain ragnar oeratmangoen. bukan ngga mungkin mees dilirik knvb juga.",2
timnas butuh naturalisasi asline,1
"untuk lolos ke piala dunia 2034, timnas indonesia bisa fokus pada: 1. pembinaan pemain muda melalui akademi dan kompetisi usia dini. 2. naturalisasi pemain keturunan berkualitas untuk perkuat skuad. 3. tingkatkan kualitas liga 1 agar pemain lokal lebih kompetitif. 4. kerja sama internasional untuk friendly match dan pelatih top. 5. manfaatkan slot afc yang bertambah (8-9 tim asia). dengan blueprint pssi dari erick thohir, konsistensi dan dukungan pemerintah kunci. semangat garuda!",2
"arti unprofessional yang disebut djenna de jong merujuk pada pengalaman buruk selama proses naturalisasi untuk bergabung dengan timnas wanita indonesia. ia tidak merinci, tapi memilih mundur karena merasa prosesnya tidak profesional. pssi menjelaskan bahwa djenna tidak direkomendasikan oleh pelatih satoru mochizuki, syarat wajib untuk naturalisasi. tanpa rekomendasi, prosesnya terhenti. publik terbagi: ada yang kritik pssi, ada yang dukung keputusan pelatih. belum ada detail lebih lanjut dari kedua pihak.",0
beginilah kalau timnas isinya pemain yg mainnya di liga iq 78. mending 23 pemain timnas senior naturalisasi semua tai,0
timnas ompong... berika kesempatan lebih kepada para penyerang lokal drpad penyerang asing/naturalisasi di liga,1
"dulu era thn 90 an timnas indonesia pemainnya ga pke trasi ..eh naturalisasi ,mnghapi kamboja udh mnjdi lumbung kemenangan telak .sekarang diisi pemain naturalisasi bdannya kekar2 mainnya biasa2 aja justru yg mncetak gol pmain lokal lionel messi kpn dinaturalisasikan pak..",0
saat bertanding timnas diperkuat 6 pemain naturalisasi.mungkin perlu 10 atau semuanya diisi naturalisasi.segera ke eropa.disana msh bnyk pemain bagus yg bisa jd wni. masih dgn sty?,2
pelawak nyambi pemain bal kebanggaane jogja jog! setuju naturalisasi trus main neng timnas?,0
"cc timnas korsel u17 dibentuk sejak dari kompetisi u10. timnas korsel tidak sibuk cari pemain naturalisasi timnas indonesia gmn, boss?",1
kira-kira seperti ini nanti komentar bung towel dan haters sty : “selama ini kan naturalisasi digemborkan dan yang dinaturalisasi adalah pemain belakang tapi masih aja kalah bola bola crossing. ini menunjukkan sty sudah gagal dalam melatih timnas dan layak dipecat”,0
ingin berkomentar mengenai timnas indonesia senior. saya sbgai pendukung timnas sngt setuju dg proyek naturalisasi yg dilakukan pssi. namun alangkah baiknya proyek ini dihentikan dulu setidaknya terakhir maret 2025. tujuannya jelas untuk menghargai semua pemain yg telah beejuang,1
ga realistis knp? emang timnas indonesia lebih jelek dibandingkan cina ama bahrain? udh cukup lah pake alasan klise trial di aff. di pra piala dunia ga usah pake alasan proses. kan udh banyak proses naturalisasi. kalo masih ga lolos jg ya pelatihnya yg ga bener,0
"selain naturalisasi gue juga ga pernah setuju kebijakan dia tc pemain yang lama, seharusnya pemain dapat menit bermain di klub bukan latihan doang di timnas.. tc eropa sana sini ujung ujungnya cuma main umpan ke dony terus insyaallah crossing",0
"untuk stefano lilipaly dan olija spasojevic tenaganya masih pernah dimanfaatkan shin tae-yong, tapi tidak dengan pemain-pemain naturalisasi lain",1
bagus-bagus ya naturalisasi timnas sepak bola? kalo naturalisasi hakim bisa gak? biar ada kejelasan soal kanjuruhan. atau semua polisi dan penegak hukum kualitasnya sama-sama aja? semoga tidak.,0
"dengan formasi 3-4-3. ketika 2 gelandang diisi pemain lokal gak nendang. mungkin karena di akademi, terbiasa pakai 3 gelandang. tapi pas timnas senior 2 gelandang masih bisa compete karena 2 gelandang tsb diisi pemain naturalisasi",2
"si et gajelas banget dah. dengan lu gak ngadain fmd buat timnas senior, bukannya bakal bikin pemain naturalisasi ragu ya? jadi proyek jangka panjang yg lu janjiin tuh apa? malah katanya rubah target pildun jadi ke tahun 2034? buset keburu tua itu para pemain etout erickout",0
"jangan pemain timnas mulu yg dinaturalisasi, sesekali boleh lah pengurus federasinya hasil naturalisasi juga",0
alhamdulillah terima kasih pak erick atas naturalisasi pemain timnas agar bisa bergabung dengan timnas indonesia. etmenterisolutif,1
kalo naturalisasi non permintaan timnas tidak dihentikan itu ada pemain asing lain di klfc soalnya romel morales mau dicalonkan jadi naturalisasi tp ga jadi.,0
"skuad shin tae young ini perpaduan pemain muda, keturunan naturalisasi ya mindos? cm knp liga 1 nya msh jalan kl timnas maen?",0
“mau nyerah atau fight back?!” maunya situ orang-orang dalam yang udah bertahun-tahun ada di organisasi mundur aja kalau timnas gagal ke piala dunia. gapapa proyek naturalisasi ini setop.,0
"duh, jadi kangen tapi setelah tau alasannya, mengingat sty baru mengangkat standar timnas dari segi fisik dan mental (itu pun dengan bantuan naturalisasi), sangat masuk akal kalau model permainan yang dipilih cenderung pragmatis - dan berhasil.",2
"lawan timor leste yg serumpun dng portugal, timnas sampai harus nurunin pemain naturalisasi ronaldo dan figo",1
naturalisasi bermasalah jadi inget sackie doe. udah pernah bela liberia 4x tp dinaturalisasi juga jadi wni. kayanya udah pasti ga bisa bela timnas kalo gitu ya,0
bisa gak komentator sepak bola indonesia di naturalisasi juga. hadeuhh,0
"selagi mnjbat,anak2 akamsi gak bakalan bisa masuk timnas senior. kini makin intens cari pemain eredivisie utk disewa mnjd timnas senior.dgn bungkus bernama naturalisasi,timnas memburu tiket piala dunia.jln pintas.",1
ada. jdi naturalisasi timnas taiwan,1
liga 1 putri sido pora? roadmap sepak bola indonesia ne ngendi? pembinaan grass root e ndi? mau sampai kapan ngandelin projek naturalisasi,1
"di era timnas indonesia penuh dengan naturalisasi instan memang mengalami kemajuan siginifikan di internasional. namun jadi semakin asing untuk mengenal pemain-pemain lokal di kompetisi domestik. dulu, rasanya sangat mudah untuk mengenal nama-nama pemain lokal di setiap klubnya.",2
"buat apa pembinaan usia dini? ribuan potensi anak muda tanpa kesempatan main di liga yang dipenuhi slot asing, timnas yang dipenuhi pemain naturalisasi dan pemain muda tidak diberi kompetisi domestik untuk menunjukkan kemampuan, mau dibawa kemana bibit pemain muda indonesia?",0
"mau lokal / luar sama aja, kalo gak dapat menit bermain yang cukup gak mungkin bisa tembus timnas. poinnya kan perbanyak kompetisi supaya pilihan masuk timnas juga banyak, mau org indonesia / naturalisasi sama aja.",0
"coach sty di naturalisasi aja pak , biar permanen jadi pelatih timnas indonesia, di pertandingan lawan australia sentuhan sty terlihat nyata, timnas bermain sangat menjanjikan, tingga finishing aja, nunggu striker sekelas benzema atau ivan zamorano !",2
ga boleh gitu. timnas indonesia tanpa naturalisasi cuma peringkat 170 an. dibanding arab udah beda 100 peringkat. memang masih jauh kualitas nya,0
hebat karena naturalisasi? tapi rapuh di dalam. sepak bola indonesia per... via timnasindonesia naturalisasi erickthohir pssi,1
msh cukup bagus buat memperkuat timnas senior merah putih kalo di naturalisasi,2
"beneran menjadikan sepakbola modal politik pribadi dia. toh nanti yg ngisi timnas jg pemain naturalisasi, masa bodoh dgn pembinaan dan kesempatan pemain lokal.",0
"timnas setelah era sty, gw kok ngerasa kasian sama pemain2 naturalisasi ya, sebecanda itu federasi dgn pengorbanan ganti paspor?",0
"tapi emang pas ngelatih filipin asli bagus banget ini orang, beneran deh lo boleh taruhan ama gue kalo ini orang nggak masuk timnas filipin nggak kayak sekarang meskipun 11 pemain naturalisasi semua. dari tahun 2002 bahkan 80an timnas filipin udh pake pemain naturalisasi",0
hhhhaaahhhh....hanya menang tipis 1 - 0 lawan timor leste lagi .... aduhhh...ternyata hanya segini kekuatan timnas u 23 jika tanpa pemain naturalisasi...kacau,0
nyesel enggak sih udah naturalisasi para pemain ini?,0
"pemain asingnya bagus + banyak pemain naturalisasi dan pemain keturunannya + pemain lokal kelas timnas, gak heran sih jadi op gitu disana",2
"inti dari komen anda itu ya di bagian hanya kita belum bla bla. terlepas dari jordi yg ke jdt, gue tau orang2 seperti anda ini anti naturalisasi. kata2 andalannya palingan, dari sekian banyak penduduk indonesia, masa ga ada yang bisa jadi pemain andalan timnas? klasik",0
"mereka berdarah indonesia, mereka lebih memilih negara asalnya karena lebih menjanjikan prestasi dan masa depan. mereka yakin dengan kualitas yang dimiliki untuk masuk standar timnas negaranya. itulah kenapa naturalisasi dalam konteks sepakbola indonesia delusional. cc",2
"iya lah ngapain u17 jadi juara juga, toh gakan jadi pemain timnas senior, itu udah jatah pemain naturalisasi.",0
"emang engga. tapi gak ada pemain naturalisasi yang dipanggil ke timnas, terakhir escudero yang dinaturalisasi dan dipanggil ke timnas (kel. umur).",0
"sampe asing bgt liat timnas kek beda vibesnya krna banyak pemain naturalisasi tapi balik lagi yg penting naik dulu, kalo ngurusin apa kata orang mah gak maju maju ...",0
"masalahnya cuma main dengan 10 pemain di awal. pas udah imbang 10-10 langsung bisa mengimbangi. padahal full lokal pemain muda, bisa ngelawan persib yang isinya pemain timnas, naturalisasi, sama pemain asing.",0
yaallah kebayang gak rinrin jadi pemain naturalisasi timnas garuda....,0
w rela timnas indonesia pemainnya diaspora/naturalisasi semua. baik untuk kesehatan mental penonton,2
"sejak kapan membawa timnas indonesia mnjadi juara piala asia, juara aff ? program erick thohir adlh membentuk timnas full naturalisasi.eredivisie masuk piala dunia,dgn ranking 100.",1
besok2 jangan pilih yang pake embel-embel bule deh. timnas u20 aja pake naturalisasi..,0
keren ini kalau di naturalisasi ke timnas,2
"level yang di maksud bagi sebagian orang adalah level federasi kak,bukan timnas nya. timnas bisa di bentuk bahkan dari sebagian besar naturalisasi atau semua lokal. tapi federasi ini yang harus di benahi,dari systems sampai structural.",2
gua nolak karna memilih dikasih stiker timnas u-17 naturalisasi peranakan tasikmalaya-amsterdam,1
timnas pusat naturalisasi aja noh si hokky caraka,1
"hal mendasar: kalau mau timnas bagus/kuat pemain2nya harus dihasilkan dari kompetisi yang berkualitas, solusi instan ambil pemain2 naturalisasi yg main reguler di kompetisi yg berkualitas luar negri, semoga solusi instan dibarengi dengan peraikan kualitas kompetisi dalam negri",2
"waktu struick ke dewa di bilang sama fai federasi harus hati hati dalam memilih pemain naturalisasi pas haye ke liga indonesia malah mengatasnamakam supporter timnas yg kecewa. akun itu mah standar ganda, rekanan udahsalaman sama nusbel.",0
naturalisasi-dapet followers banyak - jadi selebgram-terkenal. udh gitu doang yok yang mau terkenal orang² europa bisa masuk timnas indonesia aja,1
andai jordi amat betulan ke liga turki maka 4 bek timnas kita saat di piala asia tahun depan bakalan berstatus pemain klub eropa. dan andai jadi ada tambahan 1 pemain bek naturalisasi dari liga belanda bakalan jadi 5 bek timnas main di klub eropa.,1
tidak mungkin di bahas. biaya naturalisasi lebih murah dibanding perbaikan dan pengembangan liga. pemerintah/pssi sangat tau cara agar masyarakat bola indonesia diem nggak ribut soal liga adalah memuaskan nafsu dengan timnas dibalut dengan nasionalisme.,2
"pemain produk liga dagelan keliatan kualitas aslinya di permainan timnas sekarang. tanpa pemain naturalisasi dan abroad, timnas indonesia cuma sekelas tim bola pon. haruna masih mau bilang naturalisasi ga penting??",0
ini beneran gak ada isu lain yang lebih penting untuk dibahas? mau timnas kalah ataupun menang isu naturalisasi ini selalu naik kepermukaan. ft,2
kangen dg skuat timnas yg non naturalisasi begini,2
kenapa gak naturalisasi timnas inti belanda aja,0
"sangat tidak profesional, lebih baik timnas pakai pemain naturalisasi aja",0
"rakyat indonesia, sangat bangga jika seluruh pemain timnas indonesia vs argentina adalah bukan pemain naturalisasi",2
"bang doel walaupun tetap kritis tapi selalu antusias saat bicara bgm membuat timnas semakin kuat. beliau memberikan dukungan dengan tetap memberi masukan positif, termasuk saat membahas naturalisasi shayne pattynama yang selama ini bermain di klub norwegia, viking fk.",2
"mantap!!! naturalisasi hadir untuk mengangkat kualitas, tapi pemain lokal timnas indonesia wajib buktikan kalau mereka tetap tunjukan taring! beritabola timnasindonesia naturalisasi",2
abis ini ada media atau influencer indonesia interview dia kamu minat gak naturalisasi dan maen di timnas indonesia?.,1
"kemarin bantu proses naturalisasi pemain asing secara ga natural, setelah berhasil punya ktp, eh fifa ga memperbolehkan membela timnas karena ga memenuhi syarat.. terus siapa yang diuntungkan dari proses naturalisasi yang ga natural ini?",0
"gregetan sebenernya. udah berulang kali dia kasih semangat ke timnas setiap kali tanding, tapi tetap ya orang² termasuk si dirtek ga naturalisasi dia. lagian yg bener aja, knp mesti sandy yg kontak pssi biar dinaturalisasi? ga ada inisiatif banget. pemalas sejak dulu.",0
...kalo begitu timnas indonesia juga cuma pernah pakai 2 pemain naturalisasi. green nwokolo sama gonzales. selebihnya pemain keturunan. itu pun main di timnas ga di waktu yg sama.,1
selesai. timnas indonesia menuju semi final afc u-23. south korea tumbang. ernando ari adalah kunci. bung towel perlu ngumpet biar sibuk cari alesan buat nggak muji sty dan ga menelan ludah apresiasi pemain naturalisasi.,2
"naturalisasi pemain sudah, saatnya naturalisasi suporter untuk sepak bola indonesia yang beradab",1
"naturalisasi di timnas indonesia jangan dilanjutkan jika pemerintah bisa menjamin gizi dan nutrisi calon pemain sudah terjamin sejak janin, sehingga secara fisik bisa proporsional, secara stamina kuat bermain 90++ menit, secara mental bisa punya decision making yg baik.",2
kayaknya kalo ngelawan timnas yg skrang (bukan naturalisasi) bakalan kalah timnas kita,0
"buat sekolah bola dari umur 12-13 tahun, disekolah bola nanti semuanya dicontrol dari gizi,olahraga,fisik dll. biar kelak 10/15thn kedepan tercipta generasi emas timnas indo. muak lihat dari -+ 2jt penduduk indonesia harus make pemain naturalisasi yang skillnya pas2an",0
"knp harus naturalisasi y karena buat pencitraan2 jokowi bahwa sepak bola indonesia maju sejak jokowi jd presiden,pdhl pemainnya naturalisasi",0
"menurut anda, apakah proses pemain naturalisasi secara terus menerus ini baik atau tidak untuk sepak bola indonesia?",0
"cuma penasaran aja, kalo indonesia bisa dpt prestasi di piala asia atau tiba2 masuk piala dunia krn pemain naturalisasi yg hampir smuanya orang belanda, kira2 apa kita jadi bersyukur karena pernah dijajah belanda? timnas indonesia",2
"ngomongin naturalisasi atau lokal, yang penting timnas kita udah ada perkembangan. mau sampai kapan sibuk nyalahin? mending kita bareng-bareng dukung buat masa depan sepak bola indonesia. erickout",2
"sy jg sbg wni senang adanya naturalisasi bisa berkembang permainan olah raga sepakbola indonesia , dan hal ini jg dilakukan oleh berbagai negara mana pun bukan hnya indonesia saat ini gw bangga dg timnas indonesia",2
"orang-orang ini memang ngeyel, sudah dibilang sepak bola indonesia itu beda. jalan pikiran itu sudah benar. yang dibangun itu timnas dulu. pembinaan dan kompetisi itu urusan belakangan. toh kalau tidak ada pemain kan bisa naturalisasi atau apalah itu namanya.",0
"pemain naturalisasi itu bagusnya buat naikin persaingan di timnas... ada yang skillnya di bawah pemain lokal kita tapi fisiknya kuat buat main 90 menit, penyakit kita biasanya mulai ngos-ngosan mulai menit ke 80...",2
bulan kemerdekaan ini mah enaknya main fm pake timnas biar nasionalisme kita semakin membuncah--walau pemain naturalisasi semua,2
timnas lewat play off ada apa dgn jadwal kompetisi. kompetisi segala usia blm di gulirkan.. pemain asing..pemain naturalisasi seharusnya lihat kalender jg dulu timnas termasuk disegani di asia sekarang?.,1
"ya ribet aja. sama kek timnas indonesia, gamah disebut pemain naturalisasi. tapi, keturunan, diaspora. gitu",0
"ini saatnya garuda juara!! usia pemain yang lebih matang, dengan pelatih yang masih sama ditambah pemain naturalisasi yang punya pengalaman bersaing di liga utama eropa, membuat timnas garuda ditargetkan juara tahun ini. selamat berjuang garuda bolalobfootball",2
percuma naturalisasi tapi langsung main di liga dagelan. kualitas permainannya pasti akan menurun dan kontribusi di timnas dikhawatirkan minim seperti pemain naturalisasi sebelum2nya. pantesan langsung didatengin ke luar negeri tau2nya ada klub lokal yg udah mau nampung wkwk,0
masa gak bisa 60% lokal 40% naturalisasi. biar yang main di eropa dapat bersinar juga di timnas. kalau percaya yang lokal juga gak akan berkembang kalau gak ada pemain dari naturalisasi yang kasih pengalaman bermain sepak bolanya di luar indonesia.,2
utk level piala dunia 2025 90% skuad timnas u-17 pa 2025 tidak ideal: postur pendek fisik kecil pengaruhi power sprint wajib 35 km/jam belajarlah dari timnas u-17 pd 2023 harus naturalisasi ± 8 pemain erick thohir pssi timnas indonesia kitagaruda,1
"woy, gausah gengsi pake pemain keturunan/naturalisasi kalo pemainnya lebih bagus dri pada yg lokal . lu liat timnas perancis, itu hampir pemain keturunan semua yg main",2
"beberapa tahun terakhir, tiap kali timnas ngumumin pemain yg dipanggil, gua gatau siapa strikernya yg emang murni nomor 9. sekalinya tau, pasti keturunan campuran atau naturalisasi. terakhir gua tau setelah bambang pamungkas sama boaz tuh ya... yongki aribowo",2
"ane setuju dengan point beukering, jika pemain half-blood atau naturalisasi yang sudah punya paspor indonesia punya kesempatan sama dengan pemain indonesia lain untuk memperkuat timnas.",2
"kesannya pssi itu bodoh. pssi hrs umumkan skuad timnas u-20 utk pa dan pd akan diisi oleh pemain2 hasil seleksi dr yg mengikuti tc terhitung tgl 1-8 feb 2023 + pemain naturalisasi shg, harus disiplin tdk ada syarat apapun pssi erick thohir indra sjafri",0
"tetap bangga dengan skuad pilihan sty. semangat jangan pernah padam, 5-1 hanyalah angka! tambah lagi 10 pemain naturalisasi, demi cita-cita timnas kita mendunia! bangkit garuda",2
"banyaknya pemain naturalisasi, harusnya jadi pelecut bagi pemain lokal buat ningkatin kualitas agar bisa bersaing masuk ke timnas.",2
"di timnas sepak bola aja, naturalisasi sandy walsh nyampe 3 tahun",1
"apakah kita sudah merdeka? pernah merdeka? atau sebenarnya belum merdeka? apa penjajah yg diusir ternyata bukan penjajah, dan dicinta sebagian orang, bahkan hasil kawin campurnya jadi sasaran naturalisasi timnas sepakbola. sementara penjajah asli masih menindas.",0
"timnas indonesia makin kuat, sinergi naturalisasi pemain lokal jadi kunci menuju piala dunia",2
"gpp mas, kali ini kalau perlu presiden bubarkan pssi juga kita terima. toh pssi bikin kompetisi pun cari pemain untuk timnas melalui naturalisasi.",0
"johor dt itu tim terbaik asia tenggara loh, pernah juara afc, dan rutin main di liga champions asia. rasa2nya bermain disana pun masih 2-3 level lebih baik daripada main di liga lokal. 2 gelandang naturalisasi timnas indonesia aja main di liga lokal.",2
timnas indonesia cita rasa eropa makin tokcer berkat pemain naturalisasi,2
"beda dong, naturalisasi yg bener cuma jordi amat sejauh ini,sebelum dia cuma naturalisasi keperluan klub,liat kan jordi amat lgsg gendong tim dan masuk top 11 aff kmrn? next bakal ada sandy sama shayne,mereka ber3 baru bener2 naturalisasi sesuai timnas",2
"gak harus kak. selama dia mau ngebela ri. ga masalah, yang paving the way itu si jamarr jhonson. cuma banyak yg gak apresiasi aja. karena saat itu mindset pelatih kita, pemain naturalisasi kulit hitam tinggi = center. jamarr bukan center. makanya gak works2 bgt di timnas",0
kynya tim pelatih sdh siapkan nama. artinya timnas akan bermain 100% dengan skuad kelahiran indonesia(tanpa naturalisasi),1
dia sama diks pemain mahal tapi bingung kayak gak nyetel sama timnas dari kasus mereka berdua ini gue jadi gak interest lagi kalo ada news naturalisasi mv sekian blabla karna mahal blm tentu fit buat tim gimana caranya biar mereka ini bisa kepake terutama mees ini,0
"setuju dengan poin konsisten. kalau mau punya timnas yang bagus dari kompetisi, minimal konsisten pada hal dasar: mau main kaya apa? dulu booming catenaccio, kirim pemain ke italia. geser lagi, pengen main ala amerika latin, kirim ke uruguay. sekarang, naturalisasi ala eropa.",2
"pssi era ibul: - tc timnas ga ada dana, dapat apbn via kemenpora, - ga dapat pemain bagus dari sistem kompetisi, dapat bantuan dpr setujui naturalisasi pemain, - friendly mach timnas di jabar ga ada yang nonton, dapat bantuan pengerahan penonton pns dari pemda bogor.",1
tiru naturalisasi ala timnas bola,1
"sekalian pejabat² juga dong, tiru naturalisasi ala timnas bola.",1
"skrng ya gue liat skuad timnas makin dihiasi oleh banyak talenta muda yang menjanjikan, ditambah dengan rekrutan lewat jalur naturalisasi yang semakin baik di bawah duet dan shin tae young. bravoo pak... benahi total pssi apresiasiet",2
"yang dia omongin masih berhubungan kali. bahwasannya naturalisasi ga melulu soal timnas, bisa aja ybs ingin dinaturalisasikan karena saking sudah lamanya tinggal di indonesia. ingin mendapatkan banyak benefit dari jadi wni, misal mudah mengurus ini itu",2
"naturalisasi kan buat timnas, yo ra masalah main neng club endi",0
permasalahan mencari 11 pemain terbaik timnas indonesia perbaiki liga lokal dan sistem sepakbola indonesia cari pemain naturalisasi terus,1
setelah lihat kedalaman squad inilah salah satu bentuk betapa pentingnya naturalisasi pemain komposisi pemain lokal abroad dan naturalisasi di campurkan itu adalah hal yang sangat seimbang untuk kedalam squad timnas kita pak,2
menarik sih. posisi kiper selama ini belum tersentuh naturalisasi di era modern. beberapa kiper yang sudah ada di pool timnas memang lumayan menunjukkan kualitas. tp apa sudah sampai levelnya kiper2 indonesia bersaing di asia?,2
"dgn adanya naturalisasi, makin bnyk pemain yg bisa diperhitungkan utk bela timnas. scr ga langsung juga bisa jd motivasi pemain supaya ga kalah saing dan mau berkembang. emg ga semua naturalisasi sukses, tp ga ada salahnya mencoba",2
"kalo ngomongin timnas kita, sy cuma menyayangkan aja dgn merekrut pemain naturalisasi. kayak berasa nggak murni aja. semoga 5 tahun kedepan timnas sdh tdk perlu lg ada pemain naturalisasi. sudahilah, biar aja kalah terhormat, daripada menang tp berasa nggak sempurna .., maaf",0
"ternyata timnas kita pernah ngalahin jepang, lebih besar 7-0....dan itu tanpa naturalisasi fasilitas terbatas. so, knapa ya sekarang?",0
"udahlah pak bubarkan aja kompetisi yang pesertanya ga diverifikasi serius ini, toh pemain timnas tinggal ajukan naturalisasi. biar para pemain bola indonesia yang masih menggantungkan hidup dari gaji dipaksa untuk migrasi ke luar negeri.",0
ga heran suatu saat timnas di isi pemain naturalisasi semua,2
"udah di naturalisasi malah ke indo, alamat ga lama kepake di timnas..",0
fifa tidak membolehkan naturalisasi. hanya selebgram lokal yang boleh jadi pemain timnas. ilmu padi percaya prokes. menyala kaka (emot api),0
tiket timnas hampir 2 jt ?! serius bro lo mau nonton bola yg isinya full naturalisasi klo gw sih mending nonton ucl sekalian,1
"timnas indonesia aja naturalisasi pemain, masa kita gak bisa naturalisasi pejabat?",0
hampir ka ga respect ke timnas indo banyak naturalisasi nya serasa ngedukung orang2 asing mending kalo bikin bangga mah,2
"gak usah terlalu sinis dgn bung towel, faktax di kelompok umur, timnas pernah punya permainan yahud sprt ini saat u19 dilatih indra syafrie era evan dimas walau tanpa pemain naturalisasi tp mslhnya timnas senior sll gagal adopsi main kyk begini bhkn sty pun blm berhasil",0
emang timnas sepakbola indonesia cetak sejarah apa?? sejarah naturalisasi paling banyak?? sejarah konsumsi anggaran paling banyak?? serius nanya doang ini mah,0
"timnas butuh tukang here we go kayak fab romano. soalnya tiap matchday, ada naturalisasi baru.",1
"ada anak bertanya pada ayahnya, mengapa ada pemain naturalisasi?",1
w pernah bilang yg kita naturalisasi emg bagus di timnas tp di kelas eropa ya mereka medioker eh dibacotin,0
"kalo jadi isa warps, estella loupatty, iris de rouw dkk apa ga nyesel, ya? udah bagus main di tier 1 belanda belgia, malah naturalisasi main buat timnas yg dikelola amatiran",2
kualat sm opa oma pemain naturalisasi cucu2nya dijadikan pemain timnas tp status opa omanya yg dituduh pro belanda gk direhabilitasi,0
dari beberapa tahun lalu juga udah gue bilang timnas perlu pemain yg bisa rebound dan defense bawah rim. mau gamau naturalisasi karena pemain lokal terlalu kecil. bagus perbasi bisa naturalisasi pemain sesuai kebutuhan dan menutup kelemahan klasik indonesia soal size,0
"hallo ? ga ada niat utk naturalisasi messi? ajak dia main di liga kita (klo ada), kasi dia tim yg manajemennya cukup ok (yg gak nunggak bayar gaji pemainnya). manatau doi terkesan dan jd pemain timnas kita. lumayan bisa sekali juara level asean. messi",2
pertanyaannya salah...! bisa apa timnas tanpa pemain naturalisasi.,0
ngobrol sm temen yg sgt paham soal sepak bola dan paham soal timnas. gw nanya soal naturalisasi. iming2 yg ditawarkan salah satunya fanbase di mana ketika di klub/negara awal mrk yg dinaturalisasi tdk pny itu. masuk akal bgt.,2
"pemain timnas indonesia mayoritas dari belanda, mereka dididik dengan gaya main belanda, maka wajarlah pelatihnya harusnya dari belanda, skema sty tdk cocok utk timnas indonesia skrng yg sudah full naturalisasi.saya lebih suka. frank rijkaard",2
"maap saya bukan pendukung naturalisasi, asa kumaha kitu, ningali make jersey timnas tapi paras bule",0
alif dan raya kalo udah gede mau bela timnas indonesia masuknya pemain naturalisasi atau bukan yah ??,0
naturalisasi dgn coach asing apa manfaatnya bagi timnas indonesia ?,1
"mundur bro 2 tahun lu jadi ketum bikin roadmap aja asal²an kek gitu, di otak lu yg penting timnas berprestasi lewat jalur naturalisasi ugal²an buat dongkrak elektabilitas biar bisa ikut pilpres 2029",1
"berhasil naturalisasi matías soulé jadi warga korsel dipanggil timnas wkwkwk, ohya ini fm jadul jadi ca/pa dia keknya gak setinggi sekarang, sisa nya ini pemaen regen semua",0
prihatin jg hampir seabad blm konsisten meraih prestasi dlm mengelola bgm klub timnas bersaing dgn negeri jiran jadwal kompetisi jg pembinaan usia muda bgt carut marut pakai pemain naturalisasi namun sdh lewat masa jayanya,0
"kalo emang banyak pemain naturalisasi dan mereka yang diprioritasin buat timnas, semoga aja pemain lokal kita jadi berambisi buat abroad",2
"lu pikir sebulan pal eth bisa sulap timnas langsung juara piala afc? lu yg cerdas apa lu yg kebangetan tolol? wajar aja byk pemain naturalisasi, contoh aja perancis sama belanda kbykn pemain naturalisasi.",0
"kalau bisa kyk timnas indonesia, ada program naturalisasi polisi keturunan belanda biar polisi lokal kerjanya bener gitu..",0
"kalo bicara timnas ya gak bs full bule semua naturalisasi biar berprestasi instan gitu. aneh kalo timmas berprestasi tp pemainnya kebanyakan lahir, tinggal, tumbuh di belanda, ke indonesia jarang dan gak bisa bahasa indonesia.",0
menarik mengamati pergerakan pemain timnas naturalisasi di window trasnfer.,1
ketua pssi baru kalo bisa memiliki target memperbaiki sistem liga 1 2 dan 3 serta timnas utama dan u 23 etc. ga perlu naturalisasi kl mmg pemain lokal lbh bagus dan kl bs pelatih timnas jgn jd bintang iklan kopi. plus sop pemain dan keamanan stadion,2
sejauh ini ya (maaf kalau salah) pemain timnas yang dulu main di belanda squad under age dan ingin main di timnas indonesia (sejak lama) yang aku tahu cuma sandy walsh dan verdonk. yang kasihan mereka berdua bingung mau mengajukan proses naturalisasi keturunan kemana,0
"gimana ngga kaget coba, dari followers nya cuma 25k, sekarang udah 736k, dalam kurun waktu beberapa minggu setelah debutnya lawan bahrain kemarin emang the power of suporter timnas indonesia nih ngga ada tandingnya joeypelupessy timnasindonesia naturalisasi",2
"timnas.dari 11 pemain 6 orang adlh naturalisasi.namun tdk mampu menandingi australia.utk mngejar kemenangan,jika perlu seluruhnya pemain naturalisasi.namanya timnas.",1
tambah pede karena 2 pemain asing dan 1 pemain naturalisasi bisa main,2
"miris aja saat timnas apapun membawa nama indonesia, tapi kita yang seharusnya mendukung, memberi semangat, masih aja melabeli naturalisasi lah mending lokal lah, hei mereka itu warga negara indonesia, maksud lokal tuh apa sih?",0
"tentunya kami semua berharap naturalisasi pemain, khususnya jordi amat dan sandy wals bisa cepat selesai. dua pemain ini rekomendasi coach shin tae yong dan mereka dibutuhkan untuk menambah kekuatas timnas indonesia. mochamadiriawan iwanbule shandywalsh jordiamat",2
"timnas sepakbola indonesia ini kebanyakan pemain naturalisasi, yang paling nggak berguna menurut gua iwan bule.",0
timnas indonesia tidak akan melangkah sejauh ini lagi dalam kualifikasi piala dunia berikutnya kecuali kuota negara perwakilan asia ditambah oleh fifa. knp? krn naturalisasi akan diikuti oleh negara lain. indonesia hanya perintis tp yg maju negara lain yg mengikutinya.,0
"timnas rasa sepakbola eropa, gol kelas dunia enak di tonton australia jordania korea arab saudi ? ayo timnas indonesia u-23 semangat semoga lolos ke final bismillah sin tae yong telah membuktikan, timnas berubah dengan kualitas. fisik naturalisasi gak bohong",2
mantap pak. selanjutnya rakyat menunggu naturalisasi/diaspora untuk para pegawai bumn. bumn bisa bagus jika diisi para pegawai naturalisasi/diaspora karena sudah terbukti di timnas indonesia.,2
ini timnas indonesia atau timnas naturalisasi? -_-,1
"jika menilik skuad timnas indonesia senior saat ini, sejatinya sudah cukup baik dengan kombinasi pemain lokal dan naturalisasi",2
"supaya bersaing di tangga juara, dulu pernah ngobrol sama gue bahwa susunan skuadnya minimal: 6 asing 1 naturalisasi 2 timnas aktif beberapa pemain timnas kelompok umur sisanya pemain punya jam terbang di liga 1 dilengkapi pemain lulusan akademi. bener gak sih?",2
"lucu bgt nonton sty di interview sport77, interviewnya isinya soal teknis sepakbola smua apalagi pas jawaban kenapa ga bisa cari striker naturalisasi, sudah 2tahun saya cari tapi saya belum menemukannya segitu langkanya striker buat timnas, lokal susah naturalisasi jg susah",2
"lah kocakkk,padahal banyak loh yg dari mereka tiba tiba jdi fans bola gara gara fomo yg awalnya dri timnas karna pemain naturalisasi wkkwkw,trus tiba tiba jdi fans club eropa",0
nebak aja nih. pemain naturalisasi timnas kayaknya masing2 ada kuota target mainnya. makanya formasi gak pernah ada fix. but still kluivertout,0
"btw buat yg blm, cb deh ntn interview pak hamdan di sport77. disitu beliau ngejelasinnya jelas banget soal diaspora dan proses naturalisasi. siapa tau bs jd senjata buat ngelawan opini jelek org yg suka mengotak-kotakan pemain timnas lokal dan asing",2
"pdhl pemain2 ini di naturalisasi ya krn memang mereka berkarir di eropa + main di liga eropa yg levelnya berbeda dgn pemain liga indo. kalo gak begitu ya gak bakalan di proses naturalisasi buat timnas kan? comot aja pemain di liga lokal, eh klub2 liga lokal ini (1)",0
"netizen indonesia, saatnya tinggalkan perilaku childish yang hanya merugikan timnas sendiri. serang orang tak terkait seperti shane kluivert tak menyelesaikan masalah naturalisasi atau performa tim, malah bikin citra buruk global. pssi dan pemimpin seperti erick thohir bisa bantu dengan kampanye kesadaran: edukasi fans fokus dukung pemain, bukan hujat keluarga lawan. mari bangun komunitas sepakbola dewasa untuk garuda maju.",0
bikin aja timnas naturalisasi,0
"prediksi saya (bisa saja salah), jika indonesia lolos ke pd 2026 kedepannya aturan soal naturalisasi itu bisa saja akan diubah fifa, kenapa? karena tujuan utama fifa adalah membangun sepakbola secara memyeluruh bukan hanya mbangun timnas'",0
"ya kalo ngerti sepakbola sih gak kaget. kalo ngeliat rekam jejak para pemain asing atau naturalisasi disini pun mereka dulu pernah menjadi bagian timnas negara mereka di usia muda. ya kayak el loco, simic, carlos fortes dan banyak lagi pemain asing lainnya ex timnas muda",2
"tinggal 1 slot naturalisasi, apakah mattew steenvoorden? yang jelas steenvoorden sudah lama ingin bela timnas garuda. bola berada di kaki coach sty, tinggal mau mengumpan ke steenvoorden apa pemain lain.",1
timnas isinya cuma pemain2 naturalisasi,0
"pendapat saya tentang postingan anggota dpr andre rosiade: dia merayakan kemenangan timnas garuda dan memuji rizky ridho, tapi juga menuduh beberapa pemain pura-pura cedera meski mri menunjukkan sebaliknya. ini bagian dari kontroversi soal komitmen pemain, terutama naturalisasi, dan memicu debat tentang akuntabilitas serta kebanggaan nasional di sepak bola indonesia.",0
"sejak gelombang naturalisasi ini, timnas sangat2 beda mainnya. terutama pemain2 dari liga luar. beda dg naturalisasi tp dari liga. jd mungkin masalahnya ada d liga.",0
"lagian de paula ini tipikal striker naturalisasi banget persis kaya di indonesia. tiba-tiba udah tua dijadiin wn trus bilang cinta2 negara, pas main di timnas posisinya jelek terus.",0
"allhamdulillah, ini semua karena ada pemain diaspora, timnas indonesia tidak bisa dipandang sebelah mata lagi, sy sangat setuju 100persen program naturalisasi adalah jangka panjang,agar timnas indonesia bisa sejajar dg negara besar lainnya. merdeka",2
absurd disebut timnas indonesia pemainnya naturalisasi semua,0
"fokus timnas? emg gapaham dia ternyata, jepang fokus timnas pak, apa yg diperbaiki dulu kalo boleh tanya? naturalisasi terus? wkwkwk, naturalisasi boleh, tp liga diperbaiki dan dijalankan, grass root dipertajam",0
"btw pelatih timnas putri dan ketum pssi ga minta naturalisasi instan juga? timnas putra ada kompetisi, pemain berlimpah tapi maksa proyek naturalisasi. timnas putri ga ada kompetisi, pemain minim tapi ga ada naturalisasi. di jis tuh banyak bule pinter main bola, kayak sam kerr",0
perpanjang kontrak pelatih shin ta young lolos grup piala asia sudah lama timnas indonesia ga pernah lolos grup piala asia.pemain timnas indonesia sudah bagus tapi kekurangan belom kompak pemain naturalisasi dan lokal dan masih emosian melakukan kesalahan,0
"naturalisasi ga melulu soal timnas bro, nyatanya banyak pemain luar yg udah tua pada naturalisasi buat ngakalin jumlah pemain asing diklub kan, sekalian aja ini yg masih muda.",0
"maaf komen sy menyimpang, spontan ada di pikiran jd lsg sy sampaikan, jika materi pemain timnas diisi 100% putra asli daerah indonesia tnp naturalisasi sama sekali (spt era 90an kebawah), apakah shin tae yong ttp mampu mengangkat prestasi timnas garuda indonesia spt saat ini ?",0
"timnas sepak bola indonesia sudah dilatih berbagai cara.. dari militer, atletis, sampai disiplin ketat. gonta-ganti formasi, tarik pemain muda/baru/naturalisasi.. sampai staff pelatih pun. namun belom nemu titik terang. engga ada yang salah dari semua itu, tapi kenapa masih down?",0
"timnas tanpa naturalisasi cuma modal nama besar tapi tanpa inovasi. hasilnya? fans tambah frustasi, prestasi ga jelas. stytanpadiasporanol",0
"delusionalnya gimana mas ? emang indonesia pada waktu itu nawarin naturalisasi ke pemain yg di foto itu ? pssi, walaupun tdk sempurna juga mnurut saya kerja nya udah bener kok. mereka nawarin mau gak main di timnas. apa salahnya kalau pemainnya mau ?",2
"ga usah terlalu sibuk urusin pemain naturalisasi, terserah dia mo main dimna yg jelas tdk malu2in negara n slalu siap kalo internasional calling. mending klian para penguasa prbaiki tuh sarana n prasarana timnas indonesia. mo lihta negara berprestasi tp fasilitas tdk ada. berak!",0
pemain naturalisasi mainx kurang natural hingga indonesia tersingkirilisasi hingga prlu revolusi sepak bola indonesia. nnton timnasday bkin skit hati terus. asiancup timnasindonesia timnasday indonesia,0
"setelah duet bepe-boaz, indo belum punya striker yang oke. j. van beukering, e. walian, dan bahkan g. nwokolo yang ajib banget di liga, tetep masih kurang bisa kasih kontribusi buat timnas. ini contoh nyata indo harus fokus develop calon striker lokal dan kurangin naturalisasi",2
"bodok betul si gembrot ini. gimana cerita minta timnas bagus tanpa kompetisi rutin?? ya, bisa, sih. kalo pemain didorong main di luar negeri atau sekalian pake naturalisasi full",0
"kelemahan timnas indonesia era sty itu di lini belakang.. butuh pemain berkualitas, ya dengan naturalisasi ini.. sty cerdas.. naturalisasi bukan milih striker, tp milih bek.. moga segera turun tuh naturalisasi nya.. gass uji coba lawan sepadan.. asli bakal kuat indonesia..",2
terima kasih pak erick thohir sudah pastikan segera proses naturalisasi pemain timnas indonesia. kerennn pak erick thohir etmenterisolutif,2
"kalo timnas senior pake naturalisasi sih masih masuk akal, tapi kalo dari kelompok umur aja udah pake naturalisasi yang lebih dari 50% dari line up agak gimana gitu.",0
udah bener timnas indonesia naturalisasi semua aja.,0
another reminder buat pak erick thohir kalau ngga selamanya bisa mengharap kalau program naturalisasi beberapa pemain bisa mulus untuk ngekatrol kualitas timnas setiap segi umur. memang kompetisi muda kompetisi lokalnya yang harus dibenahi lebih dahulu. harus jelas roadmapnya.,2
timnas indonesia boleh naturalisasi dri negeri kincir angin akan tetapi soal belajar seni budaya sanggar seni teater lingkar semarang juga kedatangan tamu dari nederland untuk belajar karawitan dan wayang kulit. indonesia nederland teaterlingkar gamelanjawa wayangkulit,1
untung jg timnas italy gk jadi naturalisasi ni pemain.,2
"antek asing pala kau. klo gitu kenapa lo bikin undang yg mengizinkan wna pegang bumn? antek asing, jadi pemain naturalisasi timnas itu antek asing juga kan? gimana cb wowo?",0
jatah naturalisasi itu untuk kebutuhan klub bukan timnas,1
"tanpa support tim belanda c, timnas indonesia tidak lebih baik levelnya dgn laos. meski didatangkan pelatih dari planet mars sekalipun, kualitas lokalan ya segitu. fisik dan mental sudah mentok. so, naturalisasi sepertinya harus jadi proyek jangka panjang.",0
"kegagalan timnas indonesia, posisi nyeleneh irianto dewangga, menanti peran pemain naturalisasi",1
pak timnas indonesia banyak naturalisasi dari belanda lo....nanti ngefek ke pertandingan cc nil / fadli / fahri.....tolong di ingatkan bapak kalian tu...hemat bicara yg kontra produktif lh..... ..bisikan juga ke prabowo,0
"pro kontra ini terjadi karena trauma masa silam thd kebijakan naturalisasi yg tidak berujung prestasi dan bukan mengedepankan kepentingan timnas semata. trauma itu terjadi karena berkali-kali disakiti dan berkali-kali dikhianati. hebatnya, meski begitu tetap cinta. luar biasa.",2
akibat pejabat tidak punya dasar dan tanggung jawab nasionalisme ! ide ngaco! menkes akan datangkan dokter asing tiru naturalisasi ala timnas bola,1
pelatih asal korsel sty msh ada upaya baik dg kegagalan u20 akn diganti dg marselino pemain naturalisasi kita lihat hasilnya harapan rakyat indonesia sepak bola indonesia hrs lebih maju krn rakyat indonesia maniac dg sepak bola yg dibenci itu supporter mdh tersulut unt berantem,2
"-timnas era sty mainnya tiki taka dan umpan pendek -egy pemain jelek (apalagi yg ngomong klo jeleknya dari dulu) -hanno behrens ampas -tc jangka panjang harus dilestarikan -arhan gakpapa stay di verdy, walo ga pernah dimainin -naturalisasi adl 1 1 nya kunci",2
"timnas u-23 yang dulu banyak pemain naturalisasi tembus sampai semi final, sekarang, lolos grup aja kagak. pakai terus deh tuh si hokky yang gak pernah hoki. sudahlah, emang kalian belum mampu menyamakan skill naturalisasi. masih untung ada beberapa pemain lokal yg dipakai.",2
"baca berita bang,bedain naturalisasi kebutuh klub sama timnas,kalo klok,igbonefo,walian,van dijk,bio paulin,gonzales,beto dll itu cuma level liga indo aja,liat yg skrg,pemain klub liga atas dunia,kalo mau koar2 harus liat2 dulu bang wkwk",0
"dirtek timnas, is, lagi-lagi sok tau dengan bilang bahwa naturalisasi itu dilarang fifa untuk kepentingan sepakbola. padahal pengakuan dari pemain keturunan indo yang main di eropa justru is-lah yang seperti menyulitkan proses naturalisasi. telek.",0
"program naturalisasi percepat timnas garuda menuju piala dunia 2026, apakah bisa disebut ‘revolusi’ sepakbola indonesia? “kita harus mencari diksi yang lebih tepat untuk penyebutan program naturalisasi di timnas garuda.”",1
"ada gk sih timnas lain yg tiap kalah habis tanding, ketua federasinya selalu sedih dan bingung kenapa timnasnya yg bnyk naturalisasi bisa kalah melawan timnas yg negaranya sdh berhasil menjalankan pembinaan generasi muda dan punya ekosistem sepakbola yg baik? serius tanya ini",0
"gw sih curiganya si bapak itu waktu proses naturalisasi, ngejanjiin pemain buat masuk timnas reguler utk kurun waktu tertentu, walau di klub ga maen. casenya sama kayak nathan. akhirnya pemain mau dinaturalisasi",0
chemistry timnas indonesia capai level tertingginya di laga bulan maret 2025 dengan catatan pemain yg sedang dalam proses naturalisasi selesai di bulan januari 2025. lalu bagaimana dengan pemain lokal yg nantinya masuk timnas indonesia? kemungkinan paling besar pemain lokal baru,1
"kecewa sih pasti sama jordi amat tapi ya bagaimana lagi, itu sudah pilihan dia takutnya orang yg gak suka naturalisasi bakalan menggoreng ini sampai ke depan dan bisa mencoreng pemain yg memang niat buat bela timnas semoga jordi bisa menunjukkan performa terbaiknya di timnas",0
"timnas indonesia kudu naturalisasi banyak pemain nih, paling ngga incer piala asia bisa kali, joey suk, sandy dan kevin dicks kayaknya bakalan bikin kuat",2
"dulu naturalisasi kudu syarat 5thn netap di indo andai pas di 2007 dia udh masuk timnas, bakal lebuh seru mungkin di piala asia",2
"jika sty mngaku sebg pelatih timnas indonesia,kayak nya tidak tepat. sty hny mengkordinir pemain2 eredivisie belanda yg di naturalisasi. sty tdk membina seperti pelatih indra sjafri,nova irianto.timnas yad akan berisi full pemain naturalisasi.",0
"dan lebih adil lagi kalau kita dukung sty perbanyak pemain naturalisasi dari liga luar untuk timnas, kemudian kita bubarkan pt liga indonesia baru dan seluruh asprov karena produk mereka ternyata ga ada kontribusinya sama sekali untuk timnas.",0
wajah timnas indonesia 5-10 thn ke depan tanpa pemain naturalisasi,1
"saya agak ragu dengan kualitas calon pemain naturalisasi indonesia, rafael struick untuk timnas senior. menit bermainnya tidak terlalu bagus di ado den haag. tapi coach sty tentu lebih tahu tentang ini. karena walau bagaimanapun dia pemain didikan eropa.",2
"ini lah, negara kismin sok2an naturalisasi timnas. bumn bangkrut semua, giliran timnas masuk babak ke3 pildun aja warga rwrt58 rw02 heboh luar biasa bangganya hipokrit lo semua pada!!",0
"kalo diinget-inget, sejak kita pertama kali pake pemain naturalisasi (gonzales, 2010), timnas senior kita belum pernah jadi juara turnamen atau lolos putaran final kompetisi internasional, meski di setiap ajang, setidaknya ada 1 pemain naturalisasi/ keturunan",2
jujur saya sudah tidak antusias dengan naturalisasi pemain timnas indonesia,0
"aku dari awal gak pernah ngebeda2in pemain lokal sama naturalisasi, pemain yg main di liga indo atau yg abroad, aku support semuanya as long as perform mereka layak untuk membela timnas",2
dari dulu emang udah gk ada harapan sekarang timnas juga bukan timnas indonesia tapi timnas naturalisasi nonton tarkam lebih menghibur dari pada nonton liga,0
"tong jauh2 eta si ezra jordi amat kan mantan pemain timnas junior, da mun konsisten kapake nepi senior mah cadu tah moal mungkin daek di naturalisasi ka indonesia",0
"gimana jadinya kalau gavi dan pedri adalah pemain naturalisasi timnas indonesia,massa harus ada panggilan ke barca supaya ngelepas pedri dan gavi main di aff",0
"mereka diusir lalu dicari lagi, lumayan buat naturalisasi timnas",0
"apakah benar pemain naturalisasi dibayar pssi agar mau bermain untuk timnas indonesia? eks pengurus pssi ini berani buka-bukaan: pemain naturalisasi timnas indonesia tidak mendapat uang sepeser pun ketika bermain untuk skuad garuda, lantas apa yang…",1
indonesia tanpa pemain naturalisasi lawan timnas wanita jepang juga bakal kalah,1
"berarti yang keturunan bukan masuk naturalisasi? baru ngerti gw, tapi tetep aja sih maksud gw fondasi timnas kan ada di federasi dan kompetisi lokal, kalo terus2an naturalisasi/keturunan ya gak bagus juga",0
"jual negara demi status pemain bola tidak sadar kah timnas nya naturalisasi bukan keturunan, dongo ternyata",0
"justin hubner dan semua timnas indonesia memang bermental baja yah. enggak semuanya bisa seperti ini, salut. ada beberapa yg nanya soal si hubner ini. ada baiknya gak usah panggil pemain naturalisasi, karena mereka benar-benar berjiwa patriot. sangat nasionalis dan loyal",2
program naturalisasi pemain tidak otomatis mendongkrak prestasi. perlu pembenahan mendasar untuk membangun tim nasional sepak bola indonesia. opini adadikompas,1
"melawan afghanistan (negri yg porak poranda akibat perang) saja kalah , lantas apa yg bisa dibanggakan dari timnas kita? kerja pssi ngapain aja sih, apa cuma jadi agen naturalisasi? mikir",0
"pujian berlebihan? itu pas kalah lawan iraq 1-5 pemain naturalisasi habis dirujak sama netizen sepakbola indonesia kok, pak. timnas mau main di kejuaraan bergengsi nih pak, lagi kondusif juga. baiknya kita doakan yang terbaik buat mereka di qatar nanti.",0
"namanya juga the power of netizen, jadi deh tuh verdonk bela timnas indonesia. kira-kira siapa lagi nih yang bakal jadi the next verdonk yang mau di naturalisasi?",2
kapan naturalisasi messi pak? ga bisa main di timnas gapapa minimal tuh bocil datang ke indo,0
"kali ini aku pro dg koci, ya karena saatnya sty riil masterclasses ditunjukkan, jika skuad b kayak timnas di aff ini bisa melaju jauh (gak harus juara), semifinal saja sudah sangat hebat dg skuad b. melaju ke kualifikasi pd kan harus diakui, ada faktor naturalisasi.",2
"kemaren katanya 2030 mundur lagi 2034. udah khianatin suporter, drama fitnah pelatih sekarang yang dia kecewain mimpi pemain timnas, apalagi naturalisasi yang mau bergabung dulu pas harapan masih ada. verdonk sia-sia banget air matanya kemarin. welcome guys to dark era",0
"terlepas hasilnya kalah, timnas indonesia udah bagus banget sih maennya, terpola, rapih emang ada “gap” skill pemain naturalisasi sama sama murni…. china lebih pede maennya karna maen dirumah sendiri dan full supporter.",2
mungkin boleh dicoba: semua pemain timnas sepak bola adalah pemain naturalisasi.,1
"sebagai wni, malu ga ada harga dirinya timnas indonesia ketika menlu belanda minta maaf atas nama pelatih dari belanda. urusannya apa? naturalisasi konyol...",0
bayangkan w pemain bola ga terkenal di uruguay terus pindah ke indonesia naturalisasi terus jadi pemain timnas pencetak gol dan diberi julukan el loco,0
development berhasil naturalisasi berhasil liga baik timnas baik,1
"ikuti saran mas sambil ngumpulin data dan pendapat dari pemain2 calon naturalisasi, seperti justin hubner, mas8h minat main di timnas indonesia nggak? biar tidak jadi korban php lagi",1
"siapa bilang naturalisasi buat timnas, orang buat beli rumah di bali",1
"tiga tips menurut gua ampuh buat bikin timnas indonesia minimal juara di asia tenggara: 1. wajib militer bagi semua atlet yg membawa nama negara di kancah internasional (fisik) 2. syarat dipanggil masuk timnas dinaikkan, minimal bermain di klub luar indonesia 3. naturalisasi",2
"jaman timnas isinya cristian gonzales, diego michiels, irfan bachdim kok pada gak teriak anti naturalisasi? kenapa baru sekarang pada anti naturalisasi? hhh",0
"tambahan kekuatan di lini serang. jadi, mari kita dukung proses naturalisasi ini agar timnas indonesia semakin kuat dan mampu bersaing di tingkat internasional! 🇮 🇩",2
"smg klub bertanding serentak sabtu minggu tdk 1 kompetisi saja,hapus regulasi pemain asing 3+1, gulirkan kompetisi segala usia bkn turnamen perketat naturalisasi pemain u timnas..",1
"bahkan menurut istrinya yang juga agennya, ada keluarganya meninggal gogon rela ga pulang ke negaranya agar syarat menetap di nkri 5 tahun itu ga hangus. dan terbukti, sampai saat ini cuma gogon pemain naturalisasi yang prosesnya natural ini yang tenaganya untuk timnas kerasa!",0
"gila-gilaan naturalisasi, masih gagal ke piala dunia! apa yang salah di pssi? 30 pemain asing sudah dinaturalisasi di era erick thohir demi memperkuat timnas indonesia. tapi setelah dua kekalahan beruntun, proyek besar ini justru berakhir pahit, garuda gagal terbang ke piala dunia 2026. apakah naturalisasi pemain benar-benar solusi, atau justru jalan pintas yang membuat sepak bola indonesia kehilangan jati diri? dalam the editors kali ini akan dibahas secara mendalam kebijakan naturalisasi besar-besaran di bawah kepemimpinan erick thohir, kegagalannya membawa timnas lolos ke piala dunia, serta pandangan pengamat sepak bola anton sanjoyo yang menilai langkah ini “gila-gilaan dan tidak menyentuh akar masalah.” kami juga menyoroti dampaknya terhadap regenerasi pemain lokal, kesempatan bagi talenta muda, dan bagaimana mentalitas instan di tubuh pssi bisa menghambat kemajuan jangka panjang. timnasindonesia naturalisasi erickthohir pialadunia2026 sepakbolaindonesia",0
emang bener dah baiknya pemain timnas naturalisasi aja kalo gini terus. nih dari eredevisie angkut semua,2
keknya timnas indonesia harus naturalisasi 11 pemain yg berkualitas yah mungkin yg kualitas passing kontrolnya setara jordy amat sama klok lh biar permainan rada meningkat dan taktik pelatih bener² jalan,2
"saya sih sudah memprediksi indonesia tetap gak akan berbicara banyak di cabang sepak bola meskipun memiliki pelatih hebat. sistem kompetisi yang jelek pasti akan berujung pada timnas yang loyo. sty mencoba shortcut dengan naturalisasi, tetap gagal total.",0
"ridho, ferrari, hansamu ini kalo belum ada bek naturalisasi sih bisa jadi bek inti timnas semua",2
"iya iya sty out sbg pelatih timnas u23, krn yg maen di aff ini timnas u23, tapi timnas senior nya ttp dipegang sama sty . salam 6 point di kualifikasi world cup zona asia final round, biarin aja dibilang miskin taktik cmn ngandelin pemain naturalisasi yang penting ada hasil",0
norak gini mentalnya giliran pemain timnas naturalisasi protes minta diutamain dari liga,0
"gw termasuk yg setuju pemain keturunan masuk timnas indonesia klo mrk berkeinginan membela indonesia yg notabene separuh darah mrk jg indonesia, why not ? maroko bnyk pemain naturalisasi dan masuk piala dunia indonesia pasti bisa garuda mendunia timnasdapatemas",2
"sebagai penutup, ini pendapat saya mengenai status arnold van der vin di timnas indonesia. menurut saya sih, dia bukan pemain naturalisasi karena dia wni sejak lahir. keturunan belanda, iya. cuma bukan naturalisasi.",0
andai setiap pelatih sepaham dgn ini untuk timnas bkn asyik bingung naturalisasi pemain,1
saya udah ngga sabar liat sepak bola indonesia kalah lagi pake pemain naturalisasi dan pelatih baru kalo kalah lagi ini di kebangetan udah pake pemain ambilan sampe di naturalisasi bikin malu negara indonesia aja viralvideo indonesia fyp viral viralvideos sofian sofian522,0
"soal naturalisasi, siapapun berhak untuk membela timnas indonesia, termasuk para pemain diaspora/keturunan. dengan switching their nationalities, mereka udah menunjukkan keseriusan dan kecintaanya terhadap negara ini. love, loyalty, blood, and pride. that's should be enough.",2
"naturalisasi pemain untuk timnas indonesia jadi program jangka panjang, bagaimana dengan grassroot?",1
"gua tim yang setuju squad timnas indonesia pemainnya naturalisasi semua, pemain lokal yang gua percaya saat ini cuma rido sama asnawi doang.",0
"emang buat jangka pendek, gk diharapkan sbgai program jgka panjang... kyk program naturalisasi timnas jepang di sepakbola lah...saat ini hrus nutupin lobang kekurangan disisi fisik dulu dan itu bs ddpt dari pemain2 dri eropa timur yg tggi2 dan besar berbanding lokal",2
"udah plg mending naturalisasi pemain keturunan di liga top eropa aja, tc timnas tinggal mikirin strategi saja bukan lagi pembinaan mental, fisik, pola makan, dan teknik dasar .",1
"lah terus si inaki wiliams kok bisa pindah timnas? dia dari timnas spanyol ke timnas ghana, pdhl dia udh pernah debut loh di timnas senior nya spanyol, tapi knp dia masih bisa di naturalisasi?",0
"naturalisasi itu untuk kepentingan timnas. gak akan mengubah fakta jordi mainnya untuk timnas indonesia. dia main ke jdt sebagai pemain asean, ya itu hak warga negara indonesia. masa wni tp gak dianggap pemain asean. tolol amat lo pada.",0
"tetap kuat, tetap fokus ya arhan kami semua mendukung mu jangan sampe ya pemain naturalisasi lain kena racun artis telegram yg gx seberapa itu pokonya fokus bermain untuk timnas indonesia",2
"oh iya dong wajib, bapak kebangkitan timnas dan pelopor (kembali) program naturalisasi . tanpa dia naikin kualitas timnas pasti ga akan mau bule belanda yang sekarang ada di timnas buat dinatulisasi . seperti yang dibilang hubner mau gabung cuma pas udah bagus",0
"bantu analisa dan jawab dari pertanyaan bung binder: tiket dan akomodasi pemain seleb naturalisasi ini muahal, kalau friendly match di kandang timnas negara lain, jangankan nyari untungnya lha wong untuk nutup aja bisa berpotensi minus. federasi harus manfaatkan momen para fomo utk mengeruk keuntungan tiket",0
"haha, bener banget! guinea khatulistiwa vs zamrud khatulistiwa—hampir mirip, tapi beda benua. kalau bisa naturalisasi yamal buat indo, timnas auto juara piala dunia! siapa lagi yang punya nama mirip indo? mbappe? (m'bappe = mbak pe? )",2
kalo begitu sambo masukin timnas aja dr pd pake pemain naturalisasi lagi,1
"pemain overrated. di timnas juga mainnya b aja, nothing special. hanya karena dilabeli 'naturalisasi' saja yg bikin dia jadi besar di timnas",0
"kalo udah di naturalisasi, jiwa indonesia pasi terdepan. contohnya osas yang pengen bantu perkembangan sepak bola indonesia maju.. thanks osas mantanpemaintimnas osassaha sepakbolaindonesia timnas titikkata titikkataid titikkatacom",1
simpelnya sih naturalisasi bukan solusi jangka panjang untuk timnas bola. kalo solusi jangka panjangnya ga direncanain dieksekusi dengan baik bisa jadi nanti bakal ketergantungan terus dengan naturalisasi. sedangkan ga selamanya pemain naturalisasi kita itu bagus terus kan.,0
"gw setuju bgt kalo winger timnas diisi pemain naturalisasi. mereka selain cepat, biasanya punya visi yg bagus tau kapan hrs shoot atau passing/crossing. dan akurasinya pun biasanya bagus. winger lokal?biasalah~",2
konspirasi.. apa hubungannya sama timnas indonesia naturalisasi... goblok.. negara lain juga ada timnas nya naturalisasi.. lokal pride juga belom tentu timnas menang....,0
"kita sependapat dg menteri pemuda olah raga, naturalisasi itu penting dan baik dalam memajukan sepak bola indonesia namun naturalisasi itu jgn terlalu ruwet/sulit. maroko itu sangat mudah sebab langsung dua paspor asal dia keturunan org maroko.",2
bapak tau bedanya naturalisasi sama keturunan gak sih pak??? diketawain sama timnas prancis itu lho pak mereka pakai keturunan bisa juara piala dunia,1
"ternyata kita selama ini hanya salah negara saja guys.. tak dongakno nduee anak lanang mas, men iso di naturalisasi timnas.... menyala abangku sc:dany cathie",0
"klo timnas klmpk umur rasanya kt pernah memiliki permainan seperti ini yaitu u19 saat dilatih indra syafrie era evan dimas dkk pdhl tnp pemain naturalisasi tp yg masalah di level senior sll gagal kembangkan permainan bgn,sty sendiri blm berhasil lakukan d timnas senior",0
lain kali timnas indonesia ambil naturalisasi ssb ajax yg berhasil aja jangan yg gagal kayak ezra.,0
"masalah dari dulu emang di federasinya, apa yang mau diharapkan dari timnas yang tiap beberapa tahun sekali ganti pelatih, naturalisasi gak dimaksimalin, dan pelatih yang sok lokal. masalah juga di pemain yang pola makannya berantakan dan rasa nyaman main di indonesia.",0
"sulit tanpa pemain naturalisasi menurutnya, tumbang di babak penyisihan grup adalah hasil yang cukup mengecewakan. namun, semua pihak harus menyadari bahwa skuad yang dibawa diisi banyak pemain muda.",0
"timnas kelompok umur gak perlu naturalisasi deh kayaknya. yg penting punya paspor indo bisa aja. beda klo mau lgsg timnas senior, harus wajib naturalisasi. kayaknya gitu sih setau saya..",0
pake pemain naturalisasi di timnas juga mending diem aja sih.,0
"gak ngerti lagi sama orang2 di negri ini. ribetin keputusan orang cuma gara2 iri karena pihak lain lebih baik. mau naturalisasi messi, cr atau siapapun yg lu anggep bagus juga gak akan bisa bikin timnas ini juara piala dunia.",0
"bisa gitu pemainnya sukses padahal timnasnya tidak? timnas tidak pernah juara, jelas pemainnya tidak bisa dianggap sukses, bahkan keputusan naturalisasi nya pun tidak bisa dianggap sukses...",0
"dari 35 pemain naturalisasi, hanya empat nama yang tembus dua digit penampilan bersama timnas indonesia. bahkan, hanya gonzales dan lilipaly yang mencapai kepala dua. sisanya, gagal dengan bermacam alasan: usia menua, tak sesuai kebutuhan pelatih, hingga hilang tanpa kabar.",0
lagi musim naturalisasi ....timses ke timnas komisaris ...ketum lah ahli yg menaturalisasi .,1
oiya juga ya.. bung toweeeeeel… timnas indonesia dbawah asuhan sty pertama kalinya lhooo dlm sjarah sepak bola indonesia lolos 16 besar.. pertama kali.. isinya pemain naturalisasi dan pelatih asing.. bukan lokal lokal pret.. hayooooo… bung toweeelll..!,1
"timnas tanpa naturalisasi, umur rata” team 23 tahun",1
"kukira nadeo pemain naturalisasi, jebule misuhe jancuk efek fyp tiktok timnas kuabeh",1
pemain naturalisasi timnas indonesia banyak mendapatkan perlakuan kurang menyenangkan pasca pindah kewarganegaraan. semoga ini bisa dicarikan jalan keluarnya. jangan sampai setelahnya mereka dapat diskriminasi di klub yg mereka bela.,0
"semoga matang dengan pas saat usianya masuk timnas senior. naturalisasi dan adopsi pemain keturunan hanya solusi sesaat, bukan proyek jangka panjang.",0
buat apa naturalisasi pemain untuk timnas indonesia? pemain lokal kita sudah bagus bahkan sampai ke daerah2.,0
hebat posisi striker tinggi ya 185 cm dan gelandang tinggi ya 185 cm dan bek tinggi ya 190 cm jadi bisa di naturalisasi dan jadi wni dan bisa bela timnas u-19 dan timnas u23 dan timnas senior pak jokowi,2
naturalisasi lumayan buat timnas putri sksk,2
gw lbh setuju pmn keturunan yg d panggil timnas dari pada pmn asing d naturalisasi krn pmn keturunan lbh berhak dan banyak yg berkualitas tuk d panggil timnas junior maupun senior .,2
mungkin anda bisa masuk timnas arab lewat jalur naturalisasi bib... good luck...,2
semoga aja timnas utak-atik formasi 352. karena winger timnas lagi bapuk+punya pemain naturalisasi di kanan kiri. di depan ada satu striker senior biar jadi mentornya sananta.,2
"ini tuh kaya jaman naturalisasi dulu gasi? yg dinaturalisasi demi kepentingan klub sebenernya, bonus aja bs bela timnas. ngakalin biar msk kuota lokal wkwk soalnya rata2 yg dinaturalisasi ujungnya dikaitkan jdt, kan mencurigakan bgt wkwk",0
"di naturalisasi dulu, kaya timnas",0
"suporter nya pengen timnas maju, federasi nya yang masih tolol ini bisa ga sii naturalisasi federasi anjir. fokus benahin liga ajaa susah malah fokus kampanye2 tai anj",0
"mau dia punya darah indonesia, punya darah biru kek kalau usia dia dah lebih dari 18 tahun, maka diberi waktu paling lambat 3 tahun untuk memilih jadi wni. jika telat harus melalui proses naturalisasi. terkait darah keturunan itu hanya salah satu syarat membela timnas dari fifa",0
"kalo udah main di liga 1, sty atau fans timnas indonesia masih sudi gak buat naturalisasi doi??",1
timnas lain ada pemain baru. iya. normal tapi coba kasih contoh timnas yg tiap mau tandiing selalu ada pemain baru hasil naturalisasi coba,2
skuad bagus di kelompok umur tapi timnas indonesia banyak yg naturalisasi kan ngehek.,0
"thom haye, martin paes, sama yg lain nyusul naturalisasi selesai maret. semoga makin lengkap timnas indonesia skuad",1
"hmmm kalo kurang efektif sih ada benarnya, tapi kalau kualitas gak jauh beda? menurut kalian? naturalisasi timnas indonesia",2
yg penting timnas timnas timnas naturalisasi,2
trio naturalisasi ini bisa menjadi tulang punggung timnas indonesia dalam piala asia 2023 blcmay,1
"lah jauh jauh cari naturalisasi di eropa biar timnas main bagus, malah pemainnya mau main di liga lokal",0
ga cape apa punya timnas dipake kendaraan politik mulu. dari serbuan naturalisasi kemaren aja zaman et harusnya lo pada sadar sih kalo timnas lo cuma dijadiin tunggangan politik doang. fmd november kosong karena roadmap gajelas,0
"naturalisasi pemain bola meningkatkan timnas indonesia ke level dunia. kenapa tidak! naturalisasi nakes (dokter) juga akan membawa dunia kesehatan indonesia ke level dunia. keren! 2029 ada naturalisasi capres, akan membawa indonesia ke level dunia asing. gile elo ndroooo....",2
tuuuh kaaan mbak emang ga di daftarkan sama federasinya kan... atau sama libnya.. fokus semua cari pemain naturalisasi utk timnas di round 4... semua ngurusin timnas ga ada yg mau ngurus kompetisi lokalan...,0
"semua wni baik berstatus naturalisasi berhak dan harusnya wajib membela timnas jika dipanggil. masalahnya, dalam uu ini kan pengajuan naturalisasi diajukan oleh orang asing (wna) melalui surat permohonan dengan tujuan kepada presiden bla bla bla.. bukan “oh itu ada wna bagus, kita memohon dia jadi wni agar bela timnas.” naturalisasi, natural jangan dipaksa sehingga malah terlihat transaksional..",0
pemain naturalisasi nih kalo disini udah pasti ditolak sama akun berkedok timnas sebut saja serdadu merah putih,0
udaah ketebakk aowkaowkaow dia akan jadi pahlawan dengan bilang 2 naturalisasi cukup untuk memperbaiki citra dia gara-gara piala presiden yang ga ada presidennya itu. pokoknya ntar klo pemain timnas cidera panjang solusinya cuma satu : cari diaspora lagi,0
"makanya jgn pada protes klo timnas diisi aja smwnya sma pemain keturunan/full naturalisasi, pribumi mindsetnya masih belum berubah sejak jaman suharto...",0
naturalisasi tiap match ini timnas atau....,1
"partai2 ini pada gak punya harga diri kali yak? … kenapa yg di usung bukan kadernya sendiri, tapi orang lain yg nggk pernah bekerja berkeringat utk partai mereka… ?kayak pemain naturalisasi di timnas negara tetangga…. gagal total dalam kederisasi wkwkwwkk",0
"kualitas pemain tambah bagus setiap waktu, tapi jadi begini permainan timnas susah2 naturalisasi pemian intinya malah klok beckam sayuri",0
"coba aja sih kalau kata gua, toh timnas u17 ini ajang pembinaan. ga perlu naturalisasi kalau cuma kelompok umur. lihat tuh pemain timnas indonesia senior, ketika masih usia u17 pun mereka membela timnas belanda. ga takut apa talenta kita pindah ke timnas bahrain lagi?",2
"penggemar bola kita butuh informasi tentang pemain keturunan ini, terutama yang masih terjebak dengan dikotomi pemain lokal - pemain naturalisasi. intinya kami mendukung yang punya darah orang indonesia supaya berhak membela timnas.",0
"saya sebetulnya malas membahas naturalisasi instan dengan dalih kepentingan negara demi timnas indonesia. tapi, penolakan dari 3 pemain baru-baru ini menunjukkan kebijakan ini tidak dirancang dengan baik. kalau memang serius, tirulah turki.",0
"dijajah part 2? eits, bukan dong. the og ajak beberapa opiniators untuk share opini mereka soal sistem naturalisasi di timnas indonesia, nih. ada yang setuju, tapi ada juga yang ragu kalau kebijakan ini diterapin jangka panjang.",0
"sama halnya di timnas rugbi hong kong (non bola), mayoritas 99% diisi pemain naturalisasi dan cuma 1 pemain dari lokal*. *data skuad dari 2018",1
"padahal, di zaman sekarang, mau keturunan, naturalisasi, maupun 'pure' lokal, kalau punya kualitas yang bagus, harus dan wajib dapat kesempatan membela timnas indonesia",2
lebih bijak menaturalisasi kedepan pak naturalisasi pemain keturunan yang aktif berkarir di eropa jangan pemain liga dagelan ga memberi dampak positif buat timnas kita selama ini cuma ada 1 sih yang berdampak menurut saya hanya cristian gonzales saja,0
coba sebut siapa pemain diaspora di timnas senior?? senior mah naturalisasi bkn diaspora.,0
"jadi apa ini, apa yang dikerjakan petrik buat timnas indonesia lawan irak, jangan jawabannya irak di atas, bukan itu, kan kita akselerasi lewat naturalisasi, dengan materi yang dikasih apa yang bisa dikerjakan petrik ini.",2
"kok mental inlander? mereka yg naturalisasi kan juga orang indonesia, mereka keturunan. selama sudah wni, semua wni punya hak yg sama untuk membela timnas kok. ga ada produk lokal yg disingkirkan. dasar si paling lokal",0
naturalisasi senior di sty sekarang aja cuman klok yang ada di timnas.,0
"pak buat apa si naturalisasi pemain,? yg sdh di naturalisasi sj gak jg mmbawa timnas berprestasi, knyataanya gak ada kmajuan sm skali di sepak bola konoha ini, gak prlu lg naturalisasi pmain tp tingkatkan dan majukan pemain lokal spy lbh baik lg bs membawa kmajuan",0
"sadar bego timnas mainnya udah lumayan, di tambah liga lokal indonesia sama jepang tuh kek angkasa dan bawah tanah jauh. jadi sadar sty udah all out buat timnas dia sadar betul pemain yang main di liga lokal itu bapok makannya ambil yang naturalisasi yang lumayan timnas",2
"gw bisa memaklumi jika perancis dan canada menaturalisasi pemain keturunan africa yg bermain di liga lokal mereka sebagai imigran, datang dari eks negara jajahan mereka. jadi naturalisasi pemain di timnas indonesia saat ini bisa dimaklumi. tapi menurut gw, perlu di batasi",2
program naturalisasi hrs berjalan s/d thn 2130 spy posisi timnas indonesia di 16 besar afc naturalisasi berikut: dean zandberger demyan oosterhuis luca blondeau sacha deighton deston hoop feike muller jona gaselink ratu tisha destria,1
"-rek lek misal e ono pemain bola umur e masih dibawah 21 thn tapi udah main di timnas u23 luar negeri, trs nanti kan pas umur e udah 21 thn bisa milih sendiri jadi wn mana, menurut aturan fifa gausah naturalisasi kan?? soal e aku tau moco selama masih main di timnas (cont..)",2
"lu jor²an naturalisasi, masuk ruang ganti bahkan ampe pecat pelatih cuma buat ngeledek fans timnas?? ini siapa yang milih dia tanggung jawab anjeng! gak ada pantes-pantesnya dia jadi ketua pssi!",0
"menarik kalau elkan dipanggil, artinya udh fix dia membela timnas indonesia, tp ya u know gimana drama dia lah. klok juga, sampai sekarang blm debut karena administrasi, ribet memang naturalisasi, tp kalau keduanya gabung bs nambah kekuatan nanti pas aff",2
"kak..maaf nih bkn apa-apa. murid pep guardiola klo megang tim yg semi pro lwn tim epl ya jelas kalah kak. yg bisa diharapkan kita ya ke federasi. apa mereka cmn ngandelin pelatih, naturalisasi, timnas tanpa adanya sistem, blueprint, ekosistem, pembinaan?",0
"jadikan sty pelatih timnas hingga 10 tahun ke depan, kalo bisa naturalisasi sty biar bisa jadi ketua pssi.",1
"sedihnya ngeliat timnas sepakbola kebantai :( padahal sepakbola tuh super populer, berharap kedepannya timnas bisa bangkit.. ngeliat akun fans bola indo pasti komplainnya training ground, ngurus pemain naturalisasi gabecus, pelatihan club gak bener, fasilitas club jelek, dll..",0
"ini nih karena naturalisasi jadi berasa semua pemain harus main starter karena kalo nggak bakal kerasa sayang banget nggak dimainin, padahal mah yang namanya masuk timnas itu udah bagus mau lu jadi starter kek mau jadi pelapis kek valuenya sama.",2
"kl gak, setiap menjelang lakon timnas, selalu yang diteriakkan naturalisasi. maunya instan. kenapa gak dibenahi dulu dari aturan pssi nya? misal aturan pemain asing 3 +1 orang, tapi tidak bisa 2 atau seluruhnya striker. max 1 striker yg didaftar timnasday timnasgaruda",1
yes sampe saat ini belum ada naturalisasi bahkan yg keturunan masih susah masuk timnas korea. tp juga menyesuaikan dengan target sih. misal disuruh 8 besar piala asia 2023 pasti doi pikir keras dan bukan ga mungkin bawa naturalisasi. kalo cuma sea games mah ga perlu kata dia,2
"naturalisasi semuanya, cari pelatih dari belanda. boom! dapet timnas instan.",0
"sebener e untuk memajukan sepak bola indonesia, lebih efektif melakukan naturalisasi pengurus pssi daripada pemain harunaout",0
bukannya gak nasionalis gak dukung timnas... realistis boss... kalau sty sdh latih 5 tahunan dan dikasih bibit unggul mungkin lain cerita.. ini kan ngandalin catutan dan naturalisasi,0
"banyak kejutan terjadi.. kekuatan asia mulai berimbang, negara2 lain berkembang pesat, termasuk timnas indonesia. naturalisasi menampakkan hasil. pemain lokal pun berkembang. afcon2023 timnasindonesia sty",2
"kabayang lamun beneran bojan, terus amuk2an di locker room terus pemain naturalisasi anu maen di yurop teu tarima dibentak2 karena merasa hebat ujung2na curhat di medsos. bakal beak tah bojan ku suporter timnas, komo ku kaum rahim anget anu fanatik ka pemain tertentu",0
"iya betul. makanya kalo timnas indonesia mau kuat, harusnya jangan naturalisasi pemain keturunan eropa, tapi naturalisasi orang2 cina. cina adalah bangsa kuat, bahkan kalo seandainya diadu, timnas argentina atau brazil pun tidak akan mampu mengalahkan cina.",0
"elias dolah, tristan do, manuel bihr, philip roller nama2 pemain naturalisasi thai yg beken, pssi kalo cari pemain keturunan yg model bgini lah, jgn asal tamvan, skillnya juga harus diatas pemain lokal timnasday",2
"kalau bule bule pemain naturalisasi timnas, baru agak percaya dikit",2
"ttp terbaik utk timnas sty, sudah faham karakter pemain asia. jepang aja di latih pelatih lokasi bisa ngalahin jerman, spanyol bahkan brazil. sty bersama timnas indonesia jg bisa spt jepang dan korsel. soal pemain naturalisasi, sty sudah buktikan nukangi mereka dg ciamik",2
naturalisasi timnas indonesia wajah sepak bola nasional kita yang perlahan lahan menapaki jalur yang benar berkat kebijakan naturalisasi yang benar selengkapnya:,1
liga kacau tidak berprestasi timnas kesulitan mencari pemain bagus solusi : naturalisasi. kan penontonnya yang tidak berkualitas? ya solusinya naturalisasi penonton aja.,0
"semuanya pantes, mungkin kita bisa naturalisasi tsubasa biar timnas kita tambah kuat bung acid",2
match stefano lilipaly bersama timnas terakhir yg gue tonton di gbk ina vs mas 5 sept 2019 kalah 2-3 yg gol in indo pemain naturalisasi from brasil kalau gak salah abis itu agak kapok nonton timnas krn ada keributan udah kalah plg nya terjebak,0
jepang dan para hafu di timnas jepang *termasuk naturalisasi,1
lebih baik indonesia naturalisasi seluruh pemain chelsea daripada di liga kalah melulu. dan dijamin timnas indonesia akan berprestasi.,2
"naturalisasi untuk prestasi? tidak. naturalisasi untuk menutupi ketidakmampuan pssi mengurus sepakbola nasional, mengamankan bisnis mengambil keuntungan dari liga yg tidak jelas, memuaskan nafsu masyarakat indonesia terhadap timnas dibalut dengan nasionalisme.",2
"harusnya bakal keliatan jelas bedanya, oratmangun dkk kan sebenernya masih muda dan ok, belum lagi pemain yg diluar lagi belanda kaya sandy walsh, kevin diks, yg kaya gini ini kalo di malay, fil, sama thai pasti udah masuk naturalisasi + main di timnas sih.",2
"ke persebaya, persib, atau opsi ambil naturalisasi untuk timnas indonesia",1
"buat yg naturalisasi jalur 5 tahun menetap di indo kenapa gak dipanggil timnas lagi? soalnya udh keburu tua usianya, rata baru diurus naturalisasi pas kepala 3, dah gitu kebanyakan yg masuk jalur ini ya buat syarat aja biar si pemain tsb bisa main di klub dgn kuota lokal.",1
bener juga. bisa makan mie goreng pake nasi kupikir harus jadi syarat naturalisasi pemain timnas.,2
"kita bangga dgn perjuangan anak u-17.harapan/asa mereka bisa lanjut mnjadi timnas senior.bagus,namun kecil kemungkinan,mengingat programnya rekruit pemain naturalisasi sebanyak2nya.demi juara,timnas akan diisi olh naturalisasi.pemain akamsi harap sabar.",2
"makanya jangan terlalu overproud dan sembah2 naturalisasa naturalisasi. pemain2 ini kualitas buangan semua makanya mau terima naturalisasi dari negara yg fifa ranking 150 radja nainggolan waktu itu mana mau dinaturalisasi gini, standarnya cukup utk dipanggil timnas belgia",2
mungkin beliau berminat ikut program naturalisasi untuk timnas indonesia,1
"berharap dalam 2 tahun kedepan banyak pemain kualitas kelas 1 seperti mees masuk timnas indonesia, baik lewat naturalisasi/diaspora ataupun dari timnas junior kita. timnasday",2
efwan! sudah saatnya leclerc (putra daerah) di naturalisasi untuk timnas sepak bola indonesia,1
"mereka kan masih ada keturunan darah italia bisa milih timnas mana yang dibela jadi gak bisa dibilang naturalisasi, contohnya elkan baggott, bahkan timnas prancis aja banyak yang bukan keturunan asli.",0
"tuntutan akan kehadiran pemain naturalisasi? tenang, pak udah mendatangkan jay idzes nih. tambah yakin dong jika pak erick bakal mampu membawa timnas garuda semakin mendunia. . etbikinpssimendunia",2
"walaupun kalah dengan tanpa mencetak satu goal pun,seenggaknya dari sisi permainan timnas indonesia ada progress,lini tengah berani megang bola, tinggal linindepan aja diperbaiki finishing nya lini bertahan lebih kokoh,naturalisasi kali ini impactnya gede bgt buat tim dibanding..",2
....salah satu cara menaikkan level timnas ya dg naturalisasi.....kalau bisa mulai dari timnas u-19 mulai diramaikan dg naturalisasi....,1
"apakah mereka (tim geypens, ole romeny, mauro zijlstra) adalah beberapa pemain keturunan yang akan datang ke indonesia di bulan september nanti untuk menjalani proses naturalisasi oleh pssi guna membela timnas garuda ?",1
"gas gas. ga usah mikirin pemain lokal yg protes kebanyakan naturalisasi katanya~ karena kalo ga ditrigger begini, bakalan jalan ditempat doang mereka, ga mau maju dan abroad kalau emang pengen ke timnas..",0
"waktu indonesia bagian ribut pembinaan vs naturalisasi karena saya ga kebagian apa2, mari nikmati aja sambil misah misuh. saya dapat senangnya aja kalo timnas berprogress atau bahkan bisa menang.",2
"setelah naturalisasi dan main di liga indonesia, gak dipanggil2 timnas lagi",1
"jangan puji pemain naturalisasi timnas indonesia berlebihan, nanti pemain lokal bisa sakit hati tau lah siapa",0
timnas indonesia lebih baik karena naturalisasi. apa iya indonesia lebih baik juga jika dalam pemerintahannya ada pejabat naturalisasi?,0
terus kenapa banyak yang kepengen timnas diisi pake pemain naturalisasi atau keturunan dibanding pemain lokal?,0
naturalisasi di timnas indonesia sekarang agak berbeda karena mengutamakan harus ada garis keturunan (leluhur) indonesia dari sang pemain yg bersangkutan. kalau dahulu itu tidak dipertimbangkan..,0
makin banyak naturalisasi makin nggak semangat nonton timnas,0
saya sangat mendukung anda broo sandy walsh... untuk cepat2 di naturalisasi dan memperkuat timnas indonesia... tapi sayang pssi ga peka peka,0
beruntung bgt timnas indonesia bisa naturalisasi verdonk,2
salut untuk indra sjafri. 3 kali bawa timnas indonesia tanpa ada pemain naturalisasi. terima kasih pak,2
"sebenarnya nggak ada naturalisasi yang gagal, kembali lagi ke awal menjadi wni adalah hak seseorang asalkan memenuhi kriteria dan sesuai hukum negara. agar tak di cap “naturalisasi gagal” kasus joni bisa jadi pelajaran. saat ia membela timnas pada waktu yang tak “ideal”",2
"di tengah gelombang naturalisasi yang masif, tersisa anomali seperti marceng, ridho, dan kambuaya. pemain (lokal) yang cerdas, penuh insting, teknik dasar yang baik, dan bermain apik malam ini. ini seakan menyeleksi sejauh mana pemain lokal kita bisa berbicara di squad timnas",2
"mau di gaji atau uang saku, sah sah aja, lanjutkan, pssi mendunia.. pemain naturalisasi yang dipanggil bela timnas indonesia itu dapat gaji atau cuma uang saku saja? akhirnya terungkap, ternyata…",1
"tapi gua respect sih ama ketum baru ini,dia totalitas mendukung timnas ,mensuport apa keperluan timnas plus bonus uang jajan /thr timnas.problemnya ada di tim manejemnnya ,sekjen kembalikan ratu tisha dan dirtek ganti dengan seseorang yang ga anti naturalisasi",2
"naturalisasi pemainan timnas itu ga gratis. ibarat barang, kita beli produk jadi terus dikasih label merah putih nasionalisme. mirip kayak esemka, onderdil hasil impor, dikutak-kutik sedikit, terus dibilang karya anak bangsa. lucunya negeri ini. cc",0
"kenapa sih aturan soal naturalisasi pemain ini ada? kalo itu ngga ada, negara mana pun tinggal nyosorin duit buat beli pemain untuk main di timnas mereka. akhirnya sepakbola cuma jadi mainannya federasi yang fulusnya banyak (walau realitas pahitnya ya sebenarnya udah begini).",0
"padahal dari semua pemain naturalisasi timnas indonesia, van beukering yg background-nya paling meyakinkan. tapi yaaa... begitulah.",0
semoga di naturalisasi timnas garuda,2
"diliat dr aspek fasilitas dsb. nampaknya kita kalah dr 3 negara itu, tp mngkin afc punya pertimbangan lain ngeliat animo fans timnas klo main di indonesia. ya kita liat aja lobi2 kedepannya, yg pnting pas piala asia pemain naturalisasi udh bisa main deh.",2
naturalisasi aja ke timnas garuda,1
untuk apa pemain naturalisasi kalau timnas indonesia tak berprestasi,0
"dari zaman dulu juga mayoritas pemain timnas isinya anak muda indonesia, sampe sekarang juara aff juga gak bisa. naturalisasi itu solusi jangka pendek, harusnya dpr mendorong pssi untuk membenahi pembinaan dan infrastruktur.",0
setuju. naturalisasi pemain timnas sampai dominan di tim mirip dg hilirisasi tapi yg bikin smelter cina dan hasilnya dibawa ke cina.,0
"ternyata naturalisasi juga buat kebutuhan klub, bukan cuma kebutuhan timnas.",1
"gk aah, malah diluar negara arab, jepang yg pertama di asia timur yg pake naturalisasi... inget gak ada bbrp bule brazil di timnas mreka wkt prtma kali lolos pildun 98 bro??",0
"klo dilihat timnas indonesia punya potensi bsa ada rank 100 besar karena ada diaspora. tpi. sty tidak bsa memanfaatkan bnyknya diaspora kita, contohnya sty lbh pilih panggil hokky caraka, arkhan kaka, dibandingkan naturalisasi mauro ziljstra atau setidaknya",1
"karena naturalisasi bisa buat timnas dki jakarta bisa lebih beragam, ada yg dari zimbabwe, oslo, wonogiri dll",2
fred kalo ga dipanggil timnas brasil mending jadi pemain naturalisasi di indo aja dah,0
kalo banyak pemain luar harus di angkut semuanya gitu mas ? ga kan ? lagi juga kalo kebanyakan pemain luar pemain lokal ga ada prestasi nya dong ? percuma aja timnas indonesia jika pemainnya naturalisasi semua,0
"paling bener naturalisasi semua aja timnas ini, lokalannya sendiri aja gak yakin hidup dari sepakbola",0
naturalisasi gak melulu soal timnas/klub bro. bisa faktor si pemain udah kerasan tinggal di indonesia pengen jd warga indonesia. gak guna? buat luu emang gak guna tp buat si pemain berguna,2
"memang bagus para pemain muda dimainkan, tapi kita butuh para pemain naturalisasi krn mental mereka adalah faktor pembeda utama. timnasday timnas timnasindonesia worldcupqualifiers",1
"kalo statement nya ngegeneralisir sih payah ya, soalnyavkalo di sepak bola naturalisasi sebelum sebelumny aharus diakui semang ya ngga ok ok amat, soaonya rata rata udah terlalu tua dan susah kepake di timnas, tapi coba liatnya ke pemain half blood yg main di liga belanda",0
"pak erick tohir juga harus out sebagai pertanggung jawaban atas kegagalan keputusannya. selain terlalu instan mengandalkan naturalisasi sampai stok tumpah2, liga 1 jg tidak diperbaiki. ini bisa jadi bumerang untuk timnas indonesia dan masa depan sepak bola indonesia.",0
naturalisasi jadi hal tabu di timnas indonesia doang sih,0
"mungkin sudah naturalisasi, bukan hanya timnas saja.",0
"dia gk mau di naturalisasi keknya, dia bs msk starting timnas belanda kedepannya. drpd hrs maksa join ke timnas indo",0
saat kita gadang-gadang pemain timnas berada di liga eropa sekarang mereka berbalik naturalisasi di liga indonesia,1
"td ngomel karena sty/dirtek timnas g ada omongan apa² ke pelatih² club liga 1 bang, tapi giliran manggil pemain yang abroad/naturalisasi langsung disamperin ke sana. semacam lu g ada omongan apa² tapi tiba² minta/nuntut hal yang banyak.",0
"halah, nanti klo berprestasi jg anak cucunya ditawari naturalisasi masuk timnas.. *ngomong opo to ki?",0
"yes negara asean liga sudah mapan, mereka tambah naturalisasi grade a udah lari kencang pasti mereka",2
"semua manusia yang waras pasti tidak ada yang menentang naturalisasi kalau sudah sesuai hukum yang berlaku, apalagi yang dipermasalahkan? segelintir orang saja yang iri dengan pencapaian beberapa orang yang sudah bersumbangsih terhadap perkembangan timnas indonesia",0
gara2 ini jadi bikin tulisan berjudul “timnas naturalisasi”,1
"kebayang ga sih kalo kita naturalisasi max verstappen buat dijadikan striker, dijamin ngacir banget mainnya timnas indonesia blibli",2
anjay. pemain naturalisasi baru timnas.,1
menjadi penyebab kedua pemain tersebut tidak bisa memperkuat timnas indonesia. seperti yang kita tahu jika indra sjafrie dikenal jarang menggunakan pemain naturalisasi di dalam timnya. alhasil jika melihat permainan timnas indonesia yang terseok-seok saat ini seharusnya pssi,0
"anak-anak indonesia bermain sepakbola menggunakan buah kelapa, itu yang harus dilatih dan diarahkan, bukan malah naturalisasi para bule-bule lemah masuk timnas. video selengkapnya sty balik? kerjanya hanya beli pemain bule? apa hebatnya?",0
"iya, mending naturalisasi aja gak sih mudryk, ini timnas ukraina kalo jumpa timnas indonesia, gak tau nasibnya gimana",0
cukup menikmati liga dunia kecuali liga indonesia dan timnas naturalisasi,2
"kebanyakan yg sudah2 pemain dinaturalisasi hanya untuk kepentingan club, bukan timnas, lalu mereka yg gasuka dgn pemain naturalisasi menjudge klau para pemain naturalisasi pasti gagal, kasian untuk pemain keturunan, padahal dia juga punya hak yg sama untuk bela timnas.",0
"tumben2an ketum timnas ngelarang club main di stadion a, b, c, d, dll. udah paling bener ketum timnas itu fokus main pildun2-an sama pemain naturalisasi nya aja.",0
mau siapapun punya hak sama bela timnas asalkan punya kualitas. bagaimana caranya pemain amatir/biasa jadi berkualitas kalau kompetisi atau menit bermainnya sedikit? pssi cenderung memilih langkah pendek (naturalisasi) daripada jangka panjang (buat kompetisi sebanyak2nya).,0
stop bilang kekuatan asing kalau timnas saja naturalisasi dari belanda.,0
karena dari dulu naturalisasi itu lebih untuk kepentingan klub (biar terdaftar sbg pemain lokal) daripada kepentingan timnas. bener ga?,0
semoga jadwal kompetisi klub bertanding serentak sabtu minggu tdk menganggu agenda timnas jg klub dipentas internasional tdk hanya 1 kompetisi saja gulirkan kompetisi segala usia hapus regulasi pemain asing 3+1 perketat aturan pemain naturalisasi hrs muda,1
"padahal bisa salah pssi yg selalu kisruh sehingga timnas jadi ga optimal. makan2 sebelum final, pssi-kpsi, dibanned fifa, pemecatan luis milla sebelum aff. itu aja udah andil pssi yg membuat timnas tidak optimal. kemudian pemain2 naturalisasi ini yg jadi kambing hitam.",0
"ga tembus timnas italia, kenapa ga naturalisasi aja sih...",0
"apresiasi yg tinggi atas komitmen dalam membangun sepakbola nasional, mimin setuju kalau naturalisasi pemain di lanjutkan , hasilnya terlihat kok, timnas indonesia semakin kuat dan hebat naturalisasikuncikemenangan pln plnsuluttenggoo",2
"lokal pret... gue berani jamin pas masuk senior paling cuma 1-2 pemain tim u16 ini yang tembus, sisanya hilang, ujung-ujungnya pake pemain keturuanan atau naturalisasi lagi, jaman evan dimas cs dulu kurang heboh apa coba, sekarang berapa yang bertahan di timnas?",0
tweet besok pagi tunduh kurang sare gitu aja terus sampe jarjit naturalisasi timnas indonesia,0
"gegara oleh ma joey, sekarang perdebatan naturalisasi pemain keturunan baru semakin berkurang, karena kita dikasih unjuk standar pemain timnas...",0
ini adalah strategi erick untuk mengurangi 'ketergantungan' pada naturalisasi. indikator kemajuan pengelolaan sepak bola indonesia juga terlihat dari munculnya pemain-pemain bintang hasil pembinaan lokal.,1
timnas putri dan naturalisasi tapi masih tanpa kompetisi. imo jdi terlihat dimana sebenarnya orientasinya. so sad,2
bgmn perkembangan timnas dampak pemain naturalisasi thd perkembangan sepakbola indonesia? ikuti obrolan dgn ma'ruf el rumi (sportcaster/komentator sepakbola) jumat 24 nov jam 16.30 di,1
"pilih ngurusi timnas atau liga?. kl liga, sy mundur saja. makin valid. udah bener naturalisasi berarti? walaupun instan tapi nyaman. biarpun bule tapi gacor maine. meski dicibir, pra piala dunia hadir. kanjuruhan kurang apa jd landmark kbobrokan liga kt. ini menang saja rusuh",0
"aku lupa sih 2010 timnas mainnya gimana dan komposisinya gimana, hasil 4-0 mumgkin paling buruk, tapi cara main sama berani pegang bola udah oke, cuma balik lagi fokus pengmbangan pemain sendiri plis jangan naturalisasi mulu",0
cape istirahat cill.. sama siap2 tuh ngurus dokumen buat naturalisasi buat bisa nganterin timnas juara dunia,0
bisa gk di naturalisasi buat main di timnas indonesia?,0
"harusnya bapak mundur saja,demi kemajuan sepakbola kita.. pssi isinya org² yg gk pingin timnas kita jago..percuma ada naturalisasi..",0
"pemain naturalisasi timnas indonesia angkat kualitas, pemain lokal wajib tunjukkan taring beritabola timnasindonesia sepakbola timnasday timnas beritasepakbola jumat",1
saat di naturalisasi ezra lebih memilih melanjutkan karir di luar negeri tanpa tinggal di indonesia barulah 2019 dia bergabung psm .. jika statement ini benar 2021 ezra sudah bisa membela timnas,1
"malah saling cibir sat. gini amat punya pelatih kelas dunia tapi malah ngatain kek gini. ya kek gini nih, katanya adanya liga buat timnas. giliran pemain nya gak dipanggil pada koar koar, giliran pelatih pakai pemain naturalisasi dicibir sana sini",0
apa hubungannya sama timnas indonesia yang udah naturalisasi semua pemain londo tapi tetap dicukur irak dengan pemain pribuminya sebanyak 4x dalam 6 bulan terakhir??,0
"kalau disini agak mending bro, yg pemain lokal dan yg pemain muda² diberi kesempatan main. jd lumayan buat aset timnas. kalau kebanyakan naturalisasi krg bagus jg",2
ada yg namanya naturalisasi mungkin aja hbs ini saudi naturalisasi pemain muda yg blm punya caps di timnas senior,0
mirip timnas era simon yang diisi pemain naturalisasi liga 1,1
"saran saya, sebaiknya mundur dari jbtn ketua .program naturalisasi mu yg mngandalkan pemain eredivisie belanda sbg pilar timnas telah gagal.talenta2 di ku yg bercita2 masuk timsenior tertutup olh programmu yg jahat ini. mundur.",0
"padahal lebih ngarep doi yg di naturalisasi daripada klok, pasti bakal kepake banget di timnas pemain yg kaya gini",2
"gua setuju timnas naturalisasi bule-bule asing di liga eropa sana! tapi bubarkan pssi, karena ga ada gunanya! mereka ga bisa bikin kompetisi yang tujuannya untuk mendapatkan pemain timnas yang bagus!",0
"ya gimana ya bang, dari mulai genetik aja badan org kita udah kalah sm orang luar. sebenernya bisa dikejer lewat latihan, tp apa tiap tim di liga udah merata fasilitasnya. gimana dpt pemain timnas yg bagus kalo tim2 lokal masih kureng. cara instannya ya naturalisasi wkwk",0
