cleaned_text,label,createdAt
"timnas piala asia 2007 tanpa naturalisasi pemain, dlu nonton sampai dredeg wkwk",2.0,2021-01-04 13:19:15+00:00
timnas.. penyerang muda nasional itu langka.. masa mau ngandelin pemain naturalisasi terus... itupun lewat masa keemasan,0.0,2021-01-08 06:03:02+00:00
"yes. kaya stefano lilipaly di timnas sepakbola kita, aslinya dia kan orang belanda tapi sudah kurang lebih 5 tahun di indonesia jadi bisa di naturalisasi buat ngewakilin timnas.",1.0,2021-01-08 08:30:14+00:00
prihatin jg hampir seabad blm konsisten meraih prestasi dlm mengelola bgm klub timnas bersaing dgn negeri jiran jadwal kompetisi jg pembinaan usia muda bgt carut marut pakai pemain naturalisasi namun sdh lewat masa jayanya,0.0,2021-01-09 04:11:23+00:00
"kalo ada pemain timnas indo naturalisasi, dr tiongkok misalnya. dia bawa indo ke piala dunia, tp d sisi lain slalu mengagungkan negara asalnya yaitu tiongkok. rakyat indo marah ga ya? mungkin itu yg d rasain fans bola jerman trhadap ozil. apple to apple g perbandinganny? haha",,2021-01-10 07:00:11+00:00
"bisa gitu pemainnya sukses padahal timnasnya tidak? timnas tidak pernah juara, jelas pemainnya tidak bisa dianggap sukses, bahkan keputusan naturalisasi nya pun tidak bisa dianggap sukses...",0.0,2021-01-12 18:59:35+00:00
naturalisasiin aja. lumayan naturalisasi berkualitas buat timnas kita.,2.0,2021-01-16 07:02:48+00:00
"di naturalisasi dulu, kaya timnas",1.0,2021-01-18 03:50:58+00:00
"mending ditunda aja dulu.. jujur aja, pon akhir-akhir ini ga tau muaranya ke mana? harusnya pon digunakan asosiasi olahraga pusat untuk menemukan bibit baru di timnas membawa nama bangsa, tetapi kayaknya pon justru provinsi ramai-ramai naturalisasi atlit jadi dari daerah lain.",0.0,2021-02-01 11:30:49+00:00
"harusnya di naturalisasi dulu pak, biar kaya timnas kwkwkwkwk",0.0,2021-02-03 23:55:00+00:00
jaman timnas belom ada naturalisasi mainnya lebih greget.,2.0,2021-02-04 15:38:30+00:00
"ga ada naturalisasi yang sia-sia, karena kalau ga bisa membela timnas ya maju aja jadi kepala daerah misalnya daftar jadi bupati di ntt sana..",0.0,2021-02-10 04:33:33+00:00
ngpin naturalisasi emgnya pemain timnas hahaa.. yg pnting kgak banjir dan macet brtti selesai soal jkt,0.0,2021-02-10 13:58:30+00:00
berharap jadwal kompetisi klub bertanding serentak sabtu minggu tdk hanya 1 musim hapus regulasi pemain asing 3+1 kompetisi segala usia di gulirkan aturan naturalisasi di perketat usia 18- 23 u timnas.. smg berprestasi,2.0,2021-02-11 00:22:21+00:00
"karena naturalisasi bisa buat timnas dki jakarta bisa lebih beragam, ada yg dari zimbabwe, oslo, wonogiri dll",1.0,2021-02-13 04:43:47+00:00
semoga jadwal kompetisi klub bertanding serentak sabtu minggu tdk menganggu agenda timnas jg klub dipentas internasional tdk hanya 1 kompetisi saja gulirkan kompetisi segala usia hapus regulasi pemain asing 3+1 perketat aturan pemain naturalisasi hrs muda,1.0,2021-02-18 07:48:11+00:00
kita butuh banyak sekali atlet wna yang bersedia membela timnas ina sebagai wni ... naturalisasi,,2021-02-19 22:04:32+00:00
"bukan ada 1 yg langsung di naturalisasi buat timnas, jamannya mereka kalo gak salah",1.0,2021-02-19 23:17:48+00:00
"dia taunya naturalisasi pemain luar jd pemain timnas , kek diego michiels",,2021-02-22 02:02:42+00:00
tidka lain dan tidak bukan abis naturalisasi langsung main timnas,2.0,2021-02-22 06:33:26+00:00
dulu bilangnya gak ada penggusuran hahaha...normalisasi g mau ngotot naturalisasi wkwkwkwk dipikir pemaen timnas hahaha,0.0,2021-02-23 11:26:48+00:00
"untuk naturalisasi kan haknya dia om, krn udah memenuhi uu... klo urusan timnas balik lagi nanti ke pelatihnya",1.0,2021-02-27 05:15:10+00:00
"siapapun pemain asing yang dah memenuhi syarat uu dinaturalisasi ingin membela timnas silahkan. yang aneh itu pemain2 keturunan ingin dinaturalisasi tapi gak mau lebih dulu main di klub indo, padahal naturalisasi lewat pssi itu hal gak mungkin.",0.0,2021-02-27 05:57:45+00:00
"riku bagus, tp kalo sandy welsh jadi di naturalisasi posisinya bakal bentrok, wlpn riku bisa di majukan jd sayap sih. kalo riki rekornya masih blm bagus, tp timnas butuh striker.",,2021-02-27 07:51:51+00:00
"kl orang blasteran tuh sbnrnya bukan di film doang ga sih? olahraga jg, kyk timnas bola isinya pemain naturalisasi semua, pdhl banyak pemain lokal yg lebih mumpuni tp slotnya diambil sm pemain blasteran",0.0,2021-03-01 10:26:22+00:00
"kunci jam terbang itu di kompetisi berjenjang liga 1 sangat baik diisi pemain-pemain timnas, keturunan, naturalisasi 𝗞𝗮𝗿𝗲𝗻𝗮 𝘂𝗻𝘁𝘂𝗸 𝗯𝗲𝗿𝘀𝗮𝗶𝗻𝗴 𝗱𝗶 𝗔𝘀𝗶𝗮",2.0,2021-03-03 04:03:20+00:00
kushyeda bisa jadi solusi nih biar timnas ga ngandelin striker naturalisasi mulu,2.0,2021-03-07 13:12:06+00:00
mungkin anda bisa masuk timnas arab lewat jalur naturalisasi bib... good luck...,0.0,2021-03-14 23:47:22+00:00
"gw setuju bgt kalo winger timnas diisi pemain naturalisasi. mereka selain cepat, biasanya punya visi yg bagus tau kapan hrs shoot atau passing/crossing. dan akurasinya pun biasanya bagus. winger lokal?biasalah~",0.0,2021-03-15 07:14:51+00:00
set... capres asing... klw mau di timnas harus d naturalisasi dulu parah bangsaku.,,2021-03-15 15:28:26+00:00
"mereka diusir lalu dicari lagi, lumayan buat naturalisasi timnas",0.0,2021-03-21 11:16:05+00:00
"hahaha, orang kampung rasis cok, malu kalah sama pemain lokal biasa, padahal udh 3 asing, 2 naturalisasi, sisanya timnas",,2021-03-22 14:53:26+00:00
"squad 3 pemain asing, 2 pemain naturalisasi, beberapa pemain berlabel timnas. kalah menang hal biasa? ya, kami tau itu dan kami terima. tapi bermain tanpa skema kami ga bisa terima. cepat berbenah can!",0.0,2021-03-23 11:34:46+00:00
sekarang timnas italia lebih sering naturalisasi pemain ya. jaman dulu mentok di mauro camoranesi doang.,,2021-03-23 14:00:27+00:00
"nah, pengen tau juga, siapa pemain naturalisasi qatar generasi skrang yg di panggil ke timnas....",1.0,2021-03-25 13:08:14+00:00
"ini pemain kayaknya sudah niat banget main buat timnas indonesia, dan dia juga main di kompetisi top eropa, lalu apa yang jadi kendala pssi sehingga tidak 'gercep' buat bantu naturalisasi sandy walsh ya?",0.0,2021-03-26 02:19:49+00:00
"gw lebihh dukung timnas di isi kebanyakan naturalisasi dan pemain muda.. dripada malu2 in.. gabisa passing, mental tahu dll",,2021-03-26 02:58:50+00:00
banyak pemain naturalisasi juga gak banyak berdampak banyak buat timnas..,0.0,2021-03-26 03:31:41+00:00
"berharap timnas diisi keturunan atau naturalisasi total aja deh. selain indonesian fa nya yg begitu, pengelolaan liganya begono, agar pemain lokal jg mulai aware lah bahwa klimaks karier pesepak bola selain trofi level klub jg dedikasi total untuk timnas.",0.0,2021-03-26 05:28:18+00:00
"lu bego atau bodoh, untuk bersaing ke timnas belgia dia sadar diri susah, tp untuk timnas indonesia ya di atas standard pemain liga dagelan lah, apa harus main di liga dagelan dulu baru dibantu naturalisasi nya.",0.0,2021-03-26 13:17:15+00:00
"kaya pemain bola di timnas aja ada yg naturalisasi , klo ini naturalisasi dari merah ke biru kah??",1.0,2021-03-27 12:28:59+00:00
"optimis kebeli sihh,biar tahun depan naturalisasi buat timnas indo sekalian",2.0,2021-04-01 22:41:05+00:00
"penerimaan pemain keturunan ke timnas jerman juga minim (kasus asamoah), malah fokus naturalisasi pemain asing yang kualitasnya medioker.",0.0,2021-04-02 01:44:09+00:00
"dalam kasus naturalisasi medioker ini, yang paling memorable buat saya tu sean dundee proses lama, pake drama, eh akhirnya ga dipake juga sama timnas",,2021-04-03 06:21:53+00:00
"bawa timnas indonesia naik peringkat fifa ke 100. udah bisa lawan tim2 arab dengan bermodalkan pemain naturalisasi asli dari fm21. ezra walian, thom haye, elkan baggot, dan benjamin van leer jadi tumpuan.",2.0,2021-04-05 02:38:15+00:00
"klo pebola mungkin kasusnya krn blom prnh dipanggil timnas senior negara lamanya. sesuai aturan fifa, mrk bs perkuat timnas senior negara lain lewat proses naturalisasi koh moen.",1.0,2021-04-07 04:40:03+00:00
"bukankah tujuan pra musim ini dibuat untuk pemanasan jelang liga 1, dan liga 1 itu dibuat untuk memberikan sebanyak-banyaknya pemain untuk timnas biar rankingnya naik? buat apa liga dibuat tapi ngga menghasilkan pemain lokal yang bagus untuk timnas? mau naturalisasi terus ?",0.0,2021-04-07 15:44:07+00:00
kalo banyak pemain luar harus di angkut semuanya gitu mas ? ga kan ? lagi juga kalo kebanyakan pemain luar pemain lokal ga ada prestasi nya dong ? percuma aja timnas indonesia jika pemainnya naturalisasi semua,0.0,2021-04-08 05:05:33+00:00
"banyak skali keturunan indonesia yg ternyata bermain bagus dan bisa bersinar di luar negri. ok, gua gak muna gua setuju naturalisasi (demi prestasi timnas senior yg sudah memalukan) tapi, pertanyaan gua , berarti pelatihan dalam negri kita itu seburuk apa?",0.0,2021-04-09 06:37:29+00:00
"ni wajib di naturalisasi lg onfire,. dia ada darah selain belanda-indo gk? klo ada bs2 negara lain yg ambil, klo belanda gk kecil kmgknan dipanggil timnas senior",2.0,2021-04-10 01:57:38+00:00
"percuma gan ngetag pssi, fakta memang dr dlu sbagian besar naturalisasi hnya untk akomodir kbtuhan klub indonesia. bukan bermuara untuk kmajuan timnas. betul tidak?",0.0,2021-04-10 02:34:55+00:00
"masalahnya cuma main dengan 10 pemain di awal. pas udah imbang 10-10 langsung bisa mengimbangi. padahal full lokal pemain muda, bisa ngelawan persib yang isinya pemain timnas, naturalisasi, sama pemain asing.",2.0,2021-04-11 13:27:34+00:00
fred kalo ga dipanggil timnas brasil mending jadi pemain naturalisasi di indo aja dah,2.0,2021-04-11 18:30:09+00:00
"regulasi sampah, miris liat salah satu tim pake 6 pemain asing, walaupun ada yg naturalisasi. efeknya apa naturalisasi kl cuma mengakali regulasi. timnas ga nambah bagus, yg ada nambah kecer.",,2021-04-15 13:35:28+00:00
"4 asing, 2 naturalisasi, lokalnya hampir semua pemain berlabel timnas semua. tapi kgak ada variasi strategi. pak dirman kandangin aja dah dihotel, suruh fp susun strategi, sapa tau hoki dia. persijaday",0.0,2021-04-15 16:02:55+00:00
terus kenapa banyak yang kepengen timnas diisi pake pemain naturalisasi atau keturunan dibanding pemain lokal?,1.0,2021-04-16 02:23:40+00:00
ibarat timnas bikin program naturalisasi buat juara aff. nyatanya? hahaha,0.0,2021-04-16 18:39:39+00:00
"smg klub bertanding serentak sabtu minggu tdk 1 kompetisi saja,hapus regulasi pemain asing 3+1, gulirkan kompetisi segala usia bkn turnamen perketat naturalisasi pemain u timnas..",0.0,2021-04-19 06:04:33+00:00
u lebih maju klub bertanding serentak sabtu minggu tdk 1 musim kompetisi saja tdk mengganggu tc jg ujicoba timnas kompetisi segala usia digulirkan bkn turnamen hapus regulasi pemain asing 3+1 aturan naturalisasi pemain diperketat,,2021-04-19 08:23:29+00:00
timnas ompong... berika kesempatan lebih kepada para penyerang lokal drpad penyerang asing/naturalisasi di liga,0.0,2021-04-19 09:08:51+00:00
"lah jd pemain keturunan afrika yang besar atau lahir di eropa tapi milih timnas asal leluhurnya di afrika ngelakuin itu karena duit bang? seriusan itu? baru tau saya, kalau kayak mbappe, pogba dll, dari sebelum sukses kan emang udah paspor prancis, jd bkn naturalisasi jg",0.0,2021-04-19 11:43:13+00:00
saat di naturalisasi ezra lebih memilih melanjutkan karir di luar negeri tanpa tinggal di indonesia barulah 2019 dia bergabung psm .. jika statement ini benar 2021 ezra sudah bisa membela timnas,1.0,2021-04-20 17:47:57+00:00
"dulu naturalisasi kudu syarat 5thn netap di indo andai pas di 2007 dia udh masuk timnas, bakal lebuh seru mungkin di piala asia",1.0,2021-04-22 08:18:00+00:00
"betul, mereka niat banget soal ningkatin kualitas timnas pake naturalisasi/halfblood.",,2021-04-23 21:54:29+00:00
"salah satu talenta muda terbaik di eerste divise. kalo konsisten malah bisa dipanggil timnas belanda. semua tergantung pssi. btw, kabar naturalisasi sandy walsh apa kabar?",1.0,2021-04-25 11:51:17+00:00
"kalo menurut lu kita pengen instant. mungkin ezra, sandy dan naturalisasi lainnya masuk skuad timnas, bro wkwkw",2.0,2021-04-28 06:18:26+00:00
lu mikir kagak sih?! di konteks ini yg di bandingkan bp murni pemain asli indonesia dan si m.klok wna lo bayangin aja kalo ada pemain asli indonesia yang punya bakat kemampuan buat bela timnas tapi ga di pake karna ada yg instan (naturalisasi),0.0,2021-04-28 09:31:06+00:00
"menariq, you pointed out abt 'jalan ninja' naturalisasi. 5 tahun terakhir cmiww ada 10 pemain yg udah 'dibaptis' wni, yang ngisi slot timnas cuma marc klok doang, sisanya pemaen usang. nyambung ke bahasan dex, kalo naturalisasi model beginian ga akan bikin liga 1 ke next level.",,2021-05-01 10:38:36+00:00
"correct, a mungs. bahasan lanjutannya emang kesana (soal pemain naturalisasi ke timnas). yang sering kejadian malah cuma nambah slot foreign guys di klub.",,2021-05-01 10:45:40+00:00
waduu ternyata timnas hungary banyak pemain naturalisasi jago2,1.0,2021-05-02 08:18:45+00:00
kalau gitu kenapa kita gk naturalisasi aja dia buat timnas indonesia,,2021-05-03 03:37:04+00:00
"konate daripada ga kepake buat timnasnya, mending kita naturalisasi buat timnas kita wkwk.",2.0,2021-05-03 05:08:01+00:00
naturalisasi gak melulu soal timnas/klub bro. bisa faktor si pemain udah kerasan tinggal di indonesia pengen jd warga indonesia. gak guna? buat luu emang gak guna tp buat si pemain berguna,1.0,2021-05-04 07:15:38+00:00
"bener bgt bang, biasanya media ngeframing naturalisasi itu dari sisi kepentingan timnas/ bahkan klub, padahal itu berguna/keinginan si pemain sendiri untuk jd wni",2.0,2021-05-04 07:34:11+00:00
"sebenarnya nggak ada naturalisasi yang gagal, kembali lagi ke awal menjadi wni adalah hak seseorang asalkan memenuhi kriteria dan sesuai hukum negara. agar tak di cap “naturalisasi gagal” kasus joni bisa jadi pelajaran. saat ia membela timnas pada waktu yang tak “ideal”",1.0,2021-05-04 15:46:00+00:00
"sulit rasanya karena naturalisasi bukan hanya untuk kepentingan timnas/klub saja, bisa jadi itu sangat penting untuk pribadi si pemain sendiri kan ada naturalisasi bukan/tanpa mengharapkan masuk timnas",1.0,2021-05-04 16:01:18+00:00
"yang dia omongin masih berhubungan kali. bahwasannya naturalisasi ga melulu soal timnas, bisa aja ybs ingin dinaturalisasikan karena saking sudah lamanya tinggal di indonesia. ingin mendapatkan banyak benefit dari jadi wni, misal mudah mengurus ini itu",1.0,2021-05-04 23:00:03+00:00
"kalau bisa naturalisasi pemain umur dibawah 27, karirnya masih panjang untuk timnas.",2.0,2021-05-06 15:14:58+00:00
"dalam konteks mas arthur, kalau ada penilaian positif itu sarkas. kalau negatif, ya jujur. sumber kita ya data statistik dan performa dia selama bermain. karena kita mikirnya, timnas adalah kumpulan pemain terbaik dr sabang sampai merauke (atau naturalisasi). gt aja kok.",1.0,2021-05-08 22:01:20+00:00
menurutku timnas ini pilihan mas sapri terlihat anak emas nurhidayat dan sedikit pemain naturalisasi + keturunan kalau sin pasti macam dutra lilipaly guy viscara dipanggil bersamaan + yg di luar negri tau sendiri dia anti pemain gituan,0.0,2021-05-12 03:15:35+00:00
pemain naturalisasi buat klub mas bukan buat timnas kok,,2021-05-12 13:36:18+00:00
kurangnya dari dulu sampe sekarang pemain keturunan gak diprioritaskan masuk timnas. lebih dulu yang maen di liga dagelan di naturalisasi.,0.0,2021-05-20 13:27:09+00:00
kynya tim pelatih sdh siapkan nama. artinya timnas akan bermain 100% dengan skuad kelahiran indonesia(tanpa naturalisasi),1.0,2021-05-23 06:00:18+00:00
"ya dia ngerti lah, naturalisasi di indo awalnya karena indo jadi tuan rumah pilduni u 20. sekarang batal, lah buat apa main di indo senior. benefitnya ga ada. ya walaupun belum tentu realistis masuk timnas inggris senior, tp peluangnya tetep ada. lagi juga masi muda ckckckck",0.0,2021-05-23 06:40:44+00:00
"hmm menarik. nyari eksposure di indo biar negara lain tertarik, kalaupun ga jd dipanggil timnas negara lain tinggal minta naturalisasi ke indo. indo mah pasti mau mau aja",0.0,2021-05-23 12:32:31+00:00
akhirnya bakalan lihat timnas full lokal tanpa naturalisasi dan keturunan sejak 2009,,2021-05-23 18:03:54+00:00
kontribusi pemain naturalisasi selain pengalaman bermain adalah mencetak bibit unggul untuk timnas indonesia ke depan contoh e wes akeh,2.0,2021-05-23 19:53:36+00:00
padahal pngin banget lihat konate di naturalisasi dan bisa main buat timnas indonesia,2.0,2021-05-26 13:44:03+00:00
pertanyaannya salah...! bisa apa timnas tanpa pemain naturalisasi.,0.0,2021-05-28 13:29:08+00:00
kante harus jadi naturalisasi timnas indo,,2021-05-29 20:59:42+00:00
"wajar timnas kalah, kebanyakan naturalisasi pemain luar , udh tau fisik asia tenggara tuh ga sekuat fisik eropa dan asia timur tapi kurang kerja keras dalam latihan (informasi dari pelatih timnasnya sendiri ), pola makan ga terlalu keurus dan masih banyak faktor-faktor lainyan.",,2021-05-30 00:10:12+00:00
...kalo begitu timnas indonesia juga cuma pernah pakai 2 pemain naturalisasi. green nwokolo sama gonzales. selebihnya pemain keturunan. itu pun main di timnas ga di waktu yg sama.,1.0,2021-06-01 03:03:29+00:00
"kayaknya bisa sih bang, tapi harus di naturalisasi dulu jadi wni, kaya pemain bola dari ln, di naturalisasi jadi wni dulu baru bisa join timnas...",1.0,2021-06-01 17:38:25+00:00
"joey sama matthew bisa jadi opsi jangka pendek untuk memperbaiki pertahanan timnas. sebenernya bingung sama situasi joey suk, dulu masuk proyeksi naturalisasi bareng diego michiels dan stefano lilipaly, tapi kemudian beritanya menghilang. joey suk juga terus bertanya2.",,2021-06-03 03:05:28+00:00
"kemarin bantu proses naturalisasi pemain asing secara ga natural, setelah berhasil punya ktp, eh fifa ga memperbolehkan membela timnas karena ga memenuhi syarat.. terus siapa yang diuntungkan dari proses naturalisasi yang ga natural ini?",0.0,2021-06-03 13:08:24+00:00
"logikanya agak gimana ya juara dulu baru didukung dan premis trakhir soal naturalisasi, itu timnas sepak bola jg naturalisasi smpai beranak-pinak d sini juga langganan juru kunci kualifikasi pildun.",0.0,2021-06-03 13:45:38+00:00
timnas tanpa pemaen naturalisasi,,2021-06-03 15:55:56+00:00
"kebalik ya skrg. timnas malay banyak naturalisasi nya. indonesia skrg malah ga ada ayo iso ayo iso. menang menang menang, lokal lebih bringas",2.0,2021-06-03 15:57:22+00:00
pemain timnas merata tanpa naturalisasi.,1.0,2021-06-03 17:38:55+00:00
"woy, gausah gengsi pake pemain keturunan/naturalisasi kalo pemainnya lebih bagus dri pada yg lokal . lu liat timnas perancis, itu hampir pemain keturunan semua yg main",2.0,2021-06-03 18:47:12+00:00
suka timnas yang gak pake naturalisasi timnasday,2.0,2021-06-03 18:54:30+00:00
kalau sudah di naturalisasi kan bisa dititipkan di timnas belanda pung,0.0,2021-06-03 23:18:02+00:00
"iya keturunan, bahkan yg keturunan pun proses pindah kewarganegaraannya namanya naturalisasi, kecuali dari lahir dia wni makanya bingung jg ama ts membeda-bedakan gitu, menurut gw sih mau lokal atau keturunan/ bule kalo pas dipanggil timnas ga asal2an kayak lord dayat mah ok2 aja",2.0,2021-06-03 23:50:15+00:00
"ane setuju dengan point beukering, jika pemain half-blood atau naturalisasi yang sudah punya paspor indonesia punya kesempatan sama dengan pemain indonesia lain untuk memperkuat timnas.",2.0,2021-06-04 12:39:40+00:00
iyaaa kalo tujuan nya memperkuat timnas harus segera di naturalisasi sebelum mereka dapet caps di negara lain,,2021-06-04 12:54:16+00:00
"padahal, di zaman sekarang, mau keturunan, naturalisasi, maupun 'pure' lokal, kalau punya kualitas yang bagus, harus dan wajib dapat kesempatan membela timnas indonesia",2.0,2021-06-04 12:57:47+00:00
"kalau pemain half blood/naturalisasi bisa ningkatin kualitas pemain timnas kenapa gak dicoba,kalau mau tetep ngandalin local pride yang ngatur pola makan aja susah emang mau nunggu berapa tahun lagi biar timnas bisa berprestasi seenggaknya di aff aja ga usah jauh jauh.",0.0,2021-06-04 13:29:47+00:00
"harusnya pssi bikin kerjasama dengan mantan pemain indo seperti mereka ini untuk di jadikan scouting talent timnas indonesia dengan aspek yang memenuhi syarat bukan asal naturalisasi, contohnya svd, jvb, dll.",,2021-06-04 13:59:07+00:00
"dulu negara tetangga mengkritisi timnas indonesia, perihal banyaknya pemain timnas yang naturalisasi. skrg mereka menerapkan hal yang sama, dan indo murni 100% pemain lokal. w",1.0,2021-06-04 15:45:48+00:00
kepa di naturalisasi timnas min?,1.0,2021-06-05 02:56:49+00:00
"saya sebagai fans timnas sepakbola memilih melihat sticker seperti di jaman kurniawan dwi yulianto, bambang pamungkas, ilham jaya kusuma, zaenal arif, boaz salossa, daripada ama naturalisasi ga jelas",0.0,2021-06-05 17:51:04+00:00
"timnas indonesia kudu naturalisasi banyak pemain nih, paling ngga incer piala asia bisa kali, joey suk, sandy dan kevin dicks kayaknya bakalan bikin kuat",2.0,2021-06-06 04:57:47+00:00
"naturalisasi pemain muda utk proyek jangka panjang. terdengar hebat, tapi penuh ketidakpastian 1. apakah mereka benar2 mampu mencapai potensi mereka? 2. andaikata bisa, apakah mereka mau melepas kesempatan bermain di timnas yang lebih tinggi kualitasnya daripada indonesia?",,2021-06-06 05:52:28+00:00
"kan dia udah jadi direktur teknis timnas pak bukan pelatih timnas lagi. dia yang harusnya ngurusin persoalan naturalisasi ini. pelatih tinggal terima beres. ini udah data statistik pemain di liga ga punya, pemain keturunan ga di urusin, tapi ngasih target tinggi ke sty",,2021-06-06 06:57:32+00:00
"entah kenapa udh ga peduli lg sama sepakbola indo, pemain timnas nya udh naturalisasi masih aja ga bs menang2 di region asia tenggara",0.0,2021-06-07 09:46:38+00:00
liat timnas tanpa pemain naturalisasi yang udah tua aja udah seneng.,2.0,2021-06-07 17:50:01+00:00
"terimakasih investasi masa depan. federasi yukk bikin terobosan baru lagi untuk investasi jangka panjang timnas. regenerasi memang perlu, tetapi hak pemain naturalisasi berdarah indonesia juga mempunyai hak untuk membela negaranya. timnasday",,2021-06-07 18:42:03+00:00
"sedihnya ngeliat timnas sepakbola kebantai :( padahal sepakbola tuh super populer, berharap kedepannya timnas bisa bangkit.. ngeliat akun fans bola indo pasti komplainnya training ground, ngurus pemain naturalisasi gabecus, pelatihan club gak bener, fasilitas club jelek, dll..",0.0,2021-06-07 18:47:20+00:00
positifnya udah gaada lagi pemain asal naturalisasi asal bule yg ujug-ujug masuk timnas,2.0,2021-06-07 19:15:56+00:00
"padahal udh bikin program usia dini kaya angkatan evan dimas, memang timnas indo ga bs determinasi sepak bola, salah passing, dribling, apalagi soal mental, naturalisasi aja dah pemain top eropa yg masih keturunan indonesia",0.0,2021-06-08 00:04:47+00:00
"shin tae yong sedang membangun generasi, tanpa naturalisasi, pssi harus berbenah jangka panjang dan konsistensi pasti akan berbuah indah timnas dengan gaya baru.",2.0,2021-06-08 04:07:50+00:00
"timnas sepak bola indonesia sudah dilatih berbagai cara.. dari militer, atletis, sampai disiplin ketat. gonta-ganti formasi, tarik pemain muda/baru/naturalisasi.. sampai staff pelatih pun. namun belom nemu titik terang. engga ada yang salah dari semua itu, tapi kenapa masih down?",0.0,2021-06-08 04:46:35+00:00
"unpopular opinion : tetep pertahanin sty, andalkan pemain keturunan / naturalisasi, yg kelasnya oke, jadikan mereka fondasi di timnas pemain lokal ngikutin gaya profesional mereka..",2.0,2021-06-08 05:56:25+00:00
jaman dulu ga ada naturalisasi2an tp timnas gapernah malu maluin. sekarang naturalisasi terus tapi permainan makin gakaruan,0.0,2021-06-08 06:06:31+00:00
"hahaha... lucu emang, tiap timnas main dan hasilnya kurang memuaskan isunya sesalu berputar di masalah pelatih dan pemain keturunan/naturalisasi, yg mana permasalahan utamanya bukan hal tersebut.",0.0,2021-06-08 06:31:31+00:00
"dimana-mana juga harus percaya proses, gua dukung banget naturalisasi keturunan, tp dengan lo ngetawain soal percaya proses tuh geli banget. dikira pemain eropa main buat timnas indonesia juga gabakal proses gitu? bakal tune in gitu aja sama cuaca, strategi dan lingkungan asia?",0.0,2021-06-08 21:03:08+00:00
"kalo naturalisasi pemain asing buat kepentingan klub gampang bgt, giliran naturalisasi pemain keturunan di usia produktif susahnya minta ampun, pake bilang tidak laku lagi hey kamu siapa?? sekjen organisasi timnas peringkat 170an dunia, yunus nusi",0.0,2021-06-10 08:21:20+00:00
"mungkin di korsel naturalisasi dianggap tabu, di timnas korsel mana ada pemain naturalisasi. hal itu mungkin terbawa ke pribadi sty, buktinya skuad timnas 100% lokal. makanya sty 1,5 tahun melatih gak minta naturalisasi pemain ke pssi.",1.0,2021-06-10 09:45:35+00:00
yes sampe saat ini belum ada naturalisasi bahkan yg keturunan masih susah masuk timnas korea. tp juga menyesuaikan dengan target sih. misal disuruh 8 besar piala asia 2023 pasti doi pikir keras dan bukan ga mungkin bawa naturalisasi. kalo cuma sea games mah ga perlu kata dia,1.0,2021-06-10 09:49:48+00:00
menjadi penyebab kedua pemain tersebut tidak bisa memperkuat timnas indonesia. seperti yang kita tahu jika indra sjafrie dikenal jarang menggunakan pemain naturalisasi di dalam timnya. alhasil jika melihat permainan timnas indonesia yang terseok-seok saat ini seharusnya pssi,0.0,2021-06-11 06:16:18+00:00
"naturalisasi semuanya, cari pelatih dari belanda. boom! dapet timnas instan.",0.0,2021-06-11 11:12:36+00:00
"memang bagus para pemain muda dimainkan, tapi kita butuh para pemain naturalisasi krn mental mereka adalah faktor pembeda utama. timnasday timnas timnasindonesia worldcupqualifiers",2.0,2021-06-11 17:24:03+00:00
"perbanyak pemain keturunan/naturalisasi berkualitas sepertinya telah menjadi kebutuhan untuk timnas manapun dewasa ini, apalagi buat negara dengan peringkat sepakbola 173 kitagaruda timnasday",2.0,2021-06-11 17:46:05+00:00
"bek timnas emang harus nyari yang naturalisasi, bek tengah harus menang fisik+mental. indra sjafri ayolah jangan anti naturalisasi",2.0,2021-06-11 18:07:11+00:00
"tapi gua respect sih ama ketum baru ini,dia totalitas mendukung timnas ,mensuport apa keperluan timnas plus bonus uang jajan /thr timnas.problemnya ada di tim manejemnnya ,sekjen kembalikan ratu tisha dan dirtek ganti dengan seseorang yang ga anti naturalisasi",2.0,2021-06-11 18:32:06+00:00
terlalu local pride harusnya semua warga indonesia punya hak sama buat bela timnas termasuk naturalisasi/keturunan .hhhhhh.... local pride idealism. jgn heran timnas main kayak tarkam.,0.0,2021-06-11 21:38:41+00:00
"pemain naturalisasi itu bagusnya buat naikin persaingan di timnas... ada yang skillnya di bawah pemain lokal kita tapi fisiknya kuat buat main 90 menit, penyakit kita biasanya mulai ngos-ngosan mulai menit ke 80...",2.0,2021-06-12 07:02:31+00:00
emang bener dah baiknya pemain timnas naturalisasi aja kalo gini terus. nih dari eredevisie angkut semua,0.0,2021-06-13 11:21:31+00:00
"semuanya lah! tbh, timnas yg sekarang di level asean aja keteteran. yok bisa yok naturalisasi",,2021-06-14 08:13:36+00:00
"mengingat proses naturalisasi yang bisa makan waktu hampir 2 tahun, lebih baik fokus dengan prioritas max usia 26 yang konsisten permainannya. trus juga untuk calon pemain timnas u20 pildun 2023 yg kelahiran sebelum agustus 2006.",1.0,2021-06-14 08:17:37+00:00
"setidaknya jgn terlalu banyak jg utk naturalisasi, pemain2 muda asli indonesia yg bagus jg banyak, seperti egy,witan,asnawi,bagus kahfi,brylian,david maulana, kalo bisa sih 2-4 pemain naturalisasi aja yg sesuai dgn kebutuhan timnas",2.0,2021-06-14 13:05:56+00:00
"soalnya pemain2 muda indonesia jg banyak yg bagus2 contoh egy, asnawi, witan, bagus kahfi, bryliann, david maulana, jgn sampai timnas banyak naturalisasi, bisa sih cukup 3-4 pemain aja, yg sesuai dgn kebutuhan timnas",,2021-06-14 13:07:28+00:00
"sekarang mah bakal lebih yakin dan percaya klu timnas rata2 di isi sama naturalisasi, wong lokal2 nya aja pada begini sikap dasar nya, ngerakeun pisan maneh erwin",0.0,2021-06-15 05:55:54+00:00
"keliatan emang, emang timnas harusnya diisi naturalisasi sm keturunan yg lama di luar. lokelprett maa hal kecil gini aja ga aware",,2021-06-15 09:52:25+00:00
"emang engga. tapi gak ada pemain naturalisasi yang dipanggil ke timnas, terakhir escudero yang dinaturalisasi dan dipanggil ke timnas (kel. umur).",1.0,2021-06-15 12:40:38+00:00
pemain naturalisasi nih kalo disini udah pasti ditolak sama akun berkedok timnas sebut saja serdadu merah putih,0.0,2021-06-16 05:33:36+00:00
"semakin yakin bahwa timnas memang perlu diisi banyak pemain keturunan dan naturalisasi berkualitas yang berkompetisi di luar negeri, terutama eropa.",2.0,2021-06-16 10:45:56+00:00
"sambil nungguin kuliah online ,main fm pake timnas indonesia full naturalisasi karna dah jenuh sama pemain lokal yang kalahan kalo ditimnas jadi di lampiasin di fm hahaha",0.0,2021-06-17 01:52:36+00:00
prosper kurenggg yaa pemain naturalisasi di timnas,0.0,2021-06-17 07:06:27+00:00
"nih kl pemain naturalisasi dah bisa ikut main, kira timnas bisa sampai mana ya?",1.0,2021-06-17 14:50:58+00:00
"just wondering, pemain timnas naturalisasi pda bisa bahasa indonesia g ya? masa iya di timnas ngobrolnya pake bahasa inggris",0.0,2021-06-18 08:17:35+00:00
"harusnya kalo pak indra sapri masak aer berfikir gamau pemain naturalisasi gegara pgn talenta lokal yg jd juara, justru biarin aja kesempatan naturalisasi, kalo kemudian timnas diisi pemain naturalisasi, otomatis standar pemain lokal buat masuk timnas juga lebih tinggi",2.0,2021-06-18 12:12:53+00:00
antara kesilapan kelab di indonesia mereka berlumba menaturalisasikan pemain untuk memperkuat pasukan mereka. tujuan asal naturalisasi utk memperkuat timnas akhirnya menyimpang utk kepentingan kelab sahaja. kredit:,0.0,2021-06-19 05:52:11+00:00
andai setiap pelatih sepaham dgn ini untuk timnas bkn asyik bingung naturalisasi pemain,0.0,2021-06-19 08:51:51+00:00
naturalisasi karawaci ga ada manfaat untuk timnas.,0.0,2021-06-20 04:17:15+00:00
"yg niat pengen naturalisasi biar bisa timnas berprestasi dpersulit dgn alibi pribumi lbh baik, nah yg pribumi sdh dplih malah indisipliner. jgnkan main ngegym aja pada loyo",0.0,2021-06-20 13:52:56+00:00
"tapi ngasih antibodi ini sama aja kayak jaman2 timnas diisi sama pemain naturalisasi, gak sustainable.antibodi ada purna tugasnya. kalo mereka pensiun, dan tubuh gak bisa produksi antibodi sendiri, gimana kita bisa menjaga pertahanan kita? masak tiap hari harus transfusi plasma?",0.0,2021-06-22 09:41:45+00:00
timnas england mainnya lack of creativity nih perlu naturalisasi evan dimas darmono,0.0,2021-06-22 19:19:39+00:00
ayo naturalisasi jerome supaya jadi wib untuk timnas yg tangguh,2.0,2021-06-23 12:31:24+00:00
top score sepanjang masa ntar dilengkapi di timnas +62. siap² di naturalisasi,1.0,2021-06-24 04:41:33+00:00
just my opinion ya min.. kurang value for money hehe.. tapi ya itulah nilai jual dari naturalisasi.. sayangnya no timnas caps.,0.0,2021-06-25 00:57:01+00:00
timnas lewat play off ada apa dgn jadwal kompetisi. kompetisi segala usia blm di gulirkan.. pemain asing..pemain naturalisasi seharusnya lihat kalender jg dulu timnas termasuk disegani di asia sekarang?.,0.0,2021-06-25 04:37:08+00:00
sepak bola indonesia bisa maju asalkan coch timo bisa menggantikan indra sjafri.... kenapa naturalisasi sandy walsh kevin diks terhambat gak ada kemajuan.. ada apa??,0.0,2021-06-25 15:00:59+00:00
"emng indra sjafri setuju buat program naturalisasi?udah tau indra sjafri demennya pemain lokal,jadi gausah bahas naturalisasi klo indra sjafri masih di bagian timnas",0.0,2021-06-26 08:23:53+00:00
menanti duet pemain naturalisasi dalam tubuh timnas indonesia,1.0,2021-06-26 10:30:11+00:00
"kalau sampe ke persib ngeri sih, ngeri serusuh apa nanti saat klok ke jakarta wkwk. praktis pilihan aman cuma bali united, kecuali kalo bener2 orientasinya cuma uang mending turun kasta ke liga 2. ga kebayang sih naturalisasi yg diharapin bisa bantu timnas turun kasta ke liga 2",0.0,2021-06-27 01:59:16+00:00
"percuma kalau pun dia dapat kesempatan dinaturalisasi juga, lihat aja banyak pemain naturalisasi tapi akhirnya gak masuk timnas sekarang... lagian menurut abah, kalo pun dia jd wni trus masuk timnas apakah pemain tengah ke belakang mampu main apik buat jaga lini blkng ?",0.0,2021-06-27 12:28:04+00:00
"males nih sebenernya, boss teddy upload foto jersey timnas indo (pemain lokal / naturalisasi), sama nomor 4 (orang belanda ke-4) posting di pantai. marc klok posting dipantai juga. males ah berharap nnti di ceng ceng-in bade kamana kang?",,2021-06-28 04:57:23+00:00
"kayaknya pssi harus diisi tim scouting buat timnas dan rekomendasi buat naturalisasi, nanti mau dpanggil mau enggak kan terserah kebutuhan pelatih. yg penting bahan ada. pelatih tinggal olah. ibarat pelatih itu koki. kalau bahan makanan ga ada. apa yg dia mau olah?",,2021-07-02 03:17:36+00:00
asep berlian ga kaleng2 kata pak amali. yg ga berkembang timnas yg disalahin naturalisasi. padahal pemain lokal yg konsisten masuk timnas satu dekade terakhir aja bisa diiitung satu tangan.,0.0,2021-07-02 13:56:41+00:00
"ya makanya, naturalsisasi yg bener bener mau kontribusi ama timnas.. jan pemain kaga jelas lancar bener naturalisasi",0.0,2021-07-02 14:20:42+00:00
makin kesini makin pesimis timnas dapat pemain naturalisasi kelas eropa,,2021-07-02 15:43:07+00:00
"kalo statement nya ngegeneralisir sih payah ya, soalnyavkalo di sepak bola naturalisasi sebelum sebelumny aharus diakui semang ya ngga ok ok amat, soaonya rata rata udah terlalu tua dan susah kepake di timnas, tapi coba liatnya ke pemain half blood yg main di liga belanda",0.0,2021-07-02 17:15:20+00:00
"harusnya bakal keliatan jelas bedanya, oratmangun dkk kan sebenernya masih muda dan ok, belum lagi pemain yg diluar lagi belanda kaya sandy walsh, kevin diks, yg kaya gini ini kalo di malay, fil, sama thai pasti udah masuk naturalisasi + main di timnas sih.",2.0,2021-07-02 17:19:16+00:00
"oo naturalisasi, pantesan agak kaget jadi pencetak gol tadi pagi soalnya memang dulu sempat main di timnas junior italia",1.0,2021-07-03 01:36:15+00:00
untuk apa pemain naturalisasi kalau timnas indonesia tak berprestasi,0.0,2021-07-03 03:13:06+00:00
"coba deh standar naturalisasi pemain bolanya ditingkatkan pak. pemain keturunan yg masih aktif main di kompetisi utama eropa / kompetisi teratas asia yg dinaturalisasi. syukur-syukur yang masih usia muda. pasti punya dampak buat timnas, pak.",2.0,2021-07-03 09:49:19+00:00
"yes. naturalisasi tidak bisa dianggap buruk. contoh nyata ya el loco, lilipaly sama beto. yg jelas memang pemantauan/scouting dan timing yg menjadikan para pemain naturalisasi bisa berkontribusi nyata buat timnas.",,2021-07-03 10:16:27+00:00
naturalisasi (diluar pemain yg dinaturalisasi secara “natural” karena telah lama di indonesia jadi tanpa bantuan pssi dan kemenpora bisa) itu memang perlu scouting yg cukup serta tentu perlu timing yang pas agar bisa sangat berguna buat timnas.,2.0,2021-07-03 10:24:45+00:00
tp kira2 apa sih yg jadiin pemain naturalisasi tidak punya impact yg besar untuk timnas?,,2021-07-03 10:38:18+00:00
sepakbola indonesia tapi menurut saya pemain darah keturunan indonesia dan pemain uda di naturalisasi dan pemain lokal di satukan di timnas indonesia pasti timnas indonesia sangat mengerikan di level timnas u16 dan timnas u-19 dan timnas u23 dan timnas senior pasti timnas indones,2.0,2021-07-03 11:25:34+00:00
"hmmm kalo kurang efektif sih ada benarnya, tapi kalau kualitas gak jauh beda? menurut kalian? naturalisasi timnas indonesia",0.0,2021-07-03 11:27:41+00:00
klo naturalisasi hasil liga indo yah sama aja pak. yang butuh diubah di timnas bukan pemain tapi mentalitas. sepakbola udah berubah ga bisa lagi andelin mentalitas main fisik kaya dulu.,0.0,2021-07-03 13:33:15+00:00
"bulan september timnas mesti ikut play off supaya bisa ikut kualifikasi babak ketiga piala asia kualifikasi piala dunia aja hancur-hancuran, gmn mungkin pake tim yang sama tim yang sama hasilnya sama cara tercepat ya naturalisasi sambil pembinaan pemain muda",0.0,2021-07-04 03:28:13+00:00
lebih bijak menaturalisasi kedepan pak naturalisasi pemain keturunan yang aktif berkarir di eropa jangan pemain liga dagelan ga memberi dampak positif buat timnas kita selama ini cuma ada 1 sih yang berdampak menurut saya hanya cristian gonzales saja,0.0,2021-07-04 04:54:44+00:00
naturalisasi efek positif: 1. bs dipanggil ke timnas kpnpun 2. peluang main di ligina lbh besar krn status pemain lokal negatif:,2.0,2021-07-04 14:19:57+00:00
"terus masalahnya apa!? kan bisa diproses dari jauh, sandy walsh aja udah nungguin, sekarang masalahnya cuma ada di ! kalo naturalisasi pemain asing yang ada di indonesia, timnas bakalan kayak panti jompo.",,2021-07-04 14:22:40+00:00
"siapa bilang naturalisasi buat timnas, orang buat beli rumah di bali",0.0,2021-07-04 16:14:50+00:00
toh sejauh ini naturalisasi ga bikin timnas angkat piala kan?,0.0,2021-07-05 02:16:39+00:00
"fokus terdekat seharusnya gimana caranya timnas lolos ke piala asia ini malah fokus pemain naturalisasi begini, begitu",0.0,2021-07-05 03:57:17+00:00
"gabisa di stop,kalo misal pemainnya itu udh lebih dari 5 tahun. dia berhak mengajukan ke kemenkumham, lagian naturalisasi nggak selalu untuk timnas. naturalisasi untuk kemudahan pemain kalo mengurus ini itu di negara ini",1.0,2021-07-05 04:18:35+00:00
naturalisasi lumayan buat timnas putri sksk,2.0,2021-07-06 09:05:38+00:00
yagimana.. lo kan dari belom kena kopit aja udah jadi koordinator dajjal.. masa naturalisasi jadi timnas gamau sik?,0.0,2021-07-07 13:32:24+00:00
"saran jgn ada naturalisasi., progam naturalisasi ga pernah menghasilkan piala apapun buat timnas indonesia.",0.0,2021-07-10 00:25:44+00:00
"seharusnya pssi banyakin naturalisasi pemain-pemain yang mempunyai darah indonesia, gak harus di panggil ke timnas, paling nggak bisa membuat para pemain asli indonesia menjadi lebih termotivasi dan meningkatkan kemampuan agar posisinya di timnas tidak tergeser",2.0,2021-07-10 05:53:39+00:00
jadi kangen pemain naturalisasi timnas indon nyanyiin indonesia raya cuma bagian reffnya aj sisanya ngunyah2 permen karet,0.0,2021-07-11 18:59:11+00:00
"kayak timnas indonesia tanpa naturalisasi, bukan apa2",0.0,2021-07-12 00:58:44+00:00
naturalisasi bawa prestasi intinya selama pemain yang dinaturalisasi berkualitas sih harusnya gapapa yang buat bantu timnas raih prestasi tuh italia aja ngelakuin juga buat raih trofi euro 2020 naturalisasi italia,,2021-07-14 11:59:56+00:00
"tentu aja cukup. dia yang milih buat belajar di argentina dan akhirnya milih buat naturalisasi dan gabung team sana, trus akhirnya bisa masuk timnas... usaha dia selama ini ga sia2 dan dia deserve banget dengan takdirnya yang dipilih dia ini",2.0,2021-07-16 13:16:23+00:00
timnas qatar banyak pemain naturalisasi apa gimana ini ?,,2021-07-21 01:56:46+00:00
adakah efek positif atau manfaat dari adanya pemain asing yg di naturalisasi untuk timnas ? atau adanya pemain naturalisasi ini hanya untuk kepentingan klub2 lokal saja ? .ntizen yg budiman mungkin punya pandangan sendiri soal ini. .kalo kata uinkmah sih teu manfaat buat timnas,,2021-07-22 05:51:51+00:00
"dia pasti ke timnas kok, kemarin dapat whatsapp dari orang dalam pssi. rencana akhir tahun ini dia akan datang ke indonesia dan melakukan proses naturalisasi nya. begitulah kira-kira isi mimpi saya tadi malam.",1.0,2021-07-23 04:09:05+00:00
"nanya deh bang,leon ini pemain naturalisasi yaa? kok baru joint thn 2019 with timnas volley polska?",1.0,2021-07-24 12:30:51+00:00
seleksinya kaya seleksi timnas bola gak? soalnya aku bukan pemain naturalisasi,1.0,2021-07-24 12:33:07+00:00
saya sangat mendukung anda broo sandy walsh... untuk cepat2 di naturalisasi dan memperkuat timnas indonesia... tapi sayang pssi ga peka peka,2.0,2021-07-26 15:01:43+00:00
"nah ini kebanyakan pemain asa afrika naturalisasi ya bukan buat main di timnas tapi emang mereka udah lama tinggal di indonesia atau beristrikan orang indonesia contoh kecil herman dzumafo, abanda herman atau bio paulin",1.0,2021-07-28 10:19:37+00:00
"masih bnyak ya yg slalu berfikir naturalisasi itu utk timnas... padahal itu udh hak wna yg sudah memenuhi syarat utk berganti kewarganegaraan, bukan hnya tntang sepakbola.",1.0,2021-07-28 16:03:08+00:00
"dia abis lulus sma kan lgsg ke argentina, trs maen di sana. ngikut jejak idolanya, mantan setter timnas argentina itu jose blanco yg jd coach timnas jg skrg, dia naturalisasi de trs join sana",1.0,2021-07-30 10:10:05+00:00
"tak semua pemain naturalisasi berguna untuk timnas indonesia. contohnya adalah tonnie cusell, yang kehadirannya tidak memberikan dampak apa pun di skuad merah putih. pemainterlupakan",0.0,2021-08-02 02:16:57+00:00
"meski sebenernya endingnya bakal lebih bagus kalo dilanjut smpe timnas jepang, tapi kagami di naturalisasi sm usa. trus ketemu di olimpiade atau apalah gitu, pasti emosional banget.",1.0,2021-08-04 17:51:16+00:00
"hallo ? ga ada niat utk naturalisasi messi? ajak dia main di liga kita (klo ada), kasi dia tim yg manajemennya cukup ok (yg gak nunggak bayar gaji pemainnya). manatau doi terkesan dan jd pemain timnas kita. lumayan bisa sekali juara level asean. messi",1.0,2021-08-06 00:59:18+00:00
"ya kalo ngga timnas suruh naturalisasi, biar menangin salah satu capres ,yg slogannya kepak sayap kebinekaan",0.0,2021-08-07 05:43:06+00:00
"masalah dari dulu emang di federasinya, apa yang mau diharapkan dari timnas yang tiap beberapa tahun sekali ganti pelatih, naturalisasi gak dimaksimalin, dan pelatih yang sok lokal. masalah juga di pemain yang pola makannya berantakan dan rasa nyaman main di indonesia.",0.0,2021-08-07 11:12:13+00:00
"rupanya pengalaman para pemain naturalisasi dari eropa tidak terlalu positif jadi penyebabnya,” tambah walsh. siapa aja tuh? johnny van beukering? raphael maitimo? marc klok? raphael maitimo? ilija spasojevic? hebat yak pengalaman pemain eropa tidak terlalu positif ke timnas.",,2021-08-08 16:12:16+00:00
"positif thinking aja mas mungkin niatnya indra sjafri bagus pengen ngambil bakat muda kaya u-19 dulu , tapi itu dulu sekarang kebutuhan timnas kalo gaada naturalisasi gak juara sih",0.0,2021-08-08 17:58:22+00:00
gak ngerti ini berita bagus apa buruk tapi yang jelas keterusan naturalisasi gak bikin timnas langsung jadi hebat,0.0,2021-08-08 23:40:22+00:00
"berarti yang keturunan bukan masuk naturalisasi? baru ngerti gw, tapi tetep aja sih maksud gw fondasi timnas kan ada di federasi dan kompetisi lokal, kalo terus2an naturalisasi/keturunan ya gak bagus juga",0.0,2021-08-09 00:39:28+00:00
"gw gak bilang gak mau, cuman kalo terus2an naturalisasi bubarin aja pembinaan, pulangin garuda select dll, masalah rank fifa bukannya indo selalu turun harapan sih pssi yang bersih transparan ~ kompetisi yang sehat dan ketat ~ timnas yang kuat, berharap doang sih",,2021-08-09 02:17:44+00:00
timnas indonesia isinya pemain naturalisasi kurang lebih kaya gini,1.0,2021-08-13 05:58:25+00:00
"ayo pak yunus, segera naturalisasi kevin diks sama sandy walsh, mereka lagi bagus-bagusnya...jangan hiraukan sang dirtek yg prestasinya kelas usia 19 thn aja, ingat kedua pemain itu bisa diambil timnas belgia atau belanda...",,2021-08-13 23:36:22+00:00
timnas indonesia juga kalo gak ada imigran dari maluku ke belanda juga gak sebanyak ini naturalisasi dari belanda,1.0,2021-08-16 03:30:19+00:00
anjay. pemain naturalisasi baru timnas.,2.0,2021-08-17 09:36:30+00:00
"naturalisasi kan untuk bantu klub dalam regulasi pemain asing | untuk timnas kaya nya udah jarang, kalo prestasi timnas senior no comment",,2021-08-18 11:29:16+00:00
"maksudnya untuk di timnas pake naturalisasi , gak ada gunanya. lebih bagus era 2004 sebelum mulai mulai ada naturalisasi era gonzales dan irfan bachdim yang masuk di 2010",,2021-08-18 11:31:51+00:00
org yg dulu naturalisasi karna mau masuk timnas trus akhirnya ngga ngapa2in jadi pada nyesel ga ya?,0.0,2021-08-18 18:08:20+00:00
usia 38 baru naturalisasi? pertanyaannya. ini buat kepentingan timnas atau kepentingan club (di bawah kasta liga 1) atau kepentingan pribadi pemain?,0.0,2021-08-20 18:49:36+00:00
"kemauan pribadi pemain, kalo memang sesuai aturan hukum ya gak masalah karena udah haknya. gak semua naturalisasi itu buat timnas.",1.0,2021-08-20 23:51:08+00:00
assalamu'alaikum wr wb selamat pagi p presiden joko widodo mhn izin pa coba d bantu buat naturalisasi pemain timnas indonesia yg d panggil oleh coach shin tae yong ini pa kurang lebih ada 7 pemain muda yg sangat brillian d club eropa nya nih pa. supaya kmajuan footballny,2.0,2021-08-21 00:09:19+00:00
"oke membicarakan masalah dilur fm yang lagi rame, tentang masalah fifa melarang naturalisasi. ini melarangnya di timnas indo aja atau gimana ? lama2 capek juga ngikutin sepakbola tanah air. lama2 ngikutin san marino challenge di dunia nyata ini wkwkw",,2021-08-21 08:38:16+00:00
"is kenapa jadi bahas naturalisasi? yang diminta pecinta timnas rank fifa 170an kan bukan naturalisasi, tolong itu anak anak muda berdarah campuran jangan dipersulit kalo mau bela timnas",,2021-08-21 13:45:28+00:00
"dirtek timnas, is, lagi-lagi sok tau dengan bilang bahwa naturalisasi itu dilarang fifa untuk kepentingan sepakbola. padahal pengakuan dari pemain keturunan indo yang main di eropa justru is-lah yang seperti menyulitkan proses naturalisasi. telek.",0.0,2021-08-21 14:20:43+00:00
"sandy walsh dan kevin diks ini ingin jadi wni dan perkuat timnas, usia mereka belum 30, performa di kompetisi eropa lagi gacor, tapi kenapa gak jadi prioritas buat di naturalisasi ya? apa mau nunggu mereka umur 35+ dulu?",0.0,2021-08-22 05:04:19+00:00
karena dari dulu naturalisasi itu lebih untuk kepentingan klub (biar terdaftar sbg pemain lokal) daripada kepentingan timnas. bener ga?,1.0,2021-08-22 05:16:17+00:00
"di statuta fifa ga boleh ada pemain naturalisasi buat kepentingan timnas, boleh nya cman pembinaan pembinaan pembinaan kon....",,2021-08-22 05:34:37+00:00
masa gak bisa 60% lokal 40% naturalisasi. biar yang main di eropa dapat bersinar juga di timnas. kalau percaya yang lokal juga gak akan berkembang kalau gak ada pemain dari naturalisasi yang kasih pengalaman bermain sepak bolanya di luar indonesia.,2.0,2021-08-22 05:37:17+00:00
"kadang bingung sama bapak satu ini, anti bgt sama naturalisasi? padahal banyak pemain keturunan yg dalam usia produktif menjadi pemain inti di klub liga kasta tertinggi eropa mau membela timnas. sekarang kompetisi kita aja ga jelas, tp dirtek ngomong pembinaan. lucu!",0.0,2021-08-22 06:17:19+00:00
"apakah stefano lilipaly layak di anggap sebagai naturalisasi gagal ? pada piala aff 2016, saat klub hanya melepas 2 pemain ke timnas, stefano lilipaly datang dengan status pemain dari klub luar negeri sc telstar. saat itu pula ia memberikan kontribusi penuh untuk tim",,2021-08-22 08:10:09+00:00
yap betul. intinya pantau pemain keturunan untuk mendapat hak naturalisasi. namun biarkan mereka tetap main diluar bukan malah diminta main di liga 1 dulu . lihat kualitas lilipaly yang waktu medio 2014-2017 main di belanda/jepang hanya datang ketika agenda timnas saja.,2.0,2021-08-22 08:13:45+00:00
"kalo diinget-inget, sejak kita pertama kali pake pemain naturalisasi (gonzales, 2010), timnas senior kita belum pernah jadi juara turnamen atau lolos putaran final kompetisi internasional, meski di setiap ajang, setidaknya ada 1 pemain naturalisasi/ keturunan",0.0,2021-08-22 08:20:53+00:00
"sebernya klo bilang butuh naturalisasi yaa butuh. tapi yg diutamakan memang berdarah indo agar mereka dapat hak juga. tapi klo anda bilang rasis sprti tidak juga. sudah ada yabes roni, maldini pali jugaa dari timur.",2.0,2021-08-22 10:09:48+00:00
"ngincer instant result, tapi proses naturalisasi, kan, jauh dari kata instan sikap saya, sih, sederhana: kalo emang mereka mau main buat timnas indonesia, mengharumkan nama bangsa, mencium garuda di dada, yo mereka pindah kewarganegaraan aja dulu. ngga perlu nunggu restu is",2.0,2021-08-22 11:45:13+00:00
"singapore sepakbolanya lebih baik aja lakukan naturalisasi, disini malah di tentang habisan, ya karena disini kebanyakan yang naturalisasi hanya untuk kepentingan klub dan pemain bukan timnas, sedangkan kekurangan pemain indonesia ada di masalah disiplin dan star syndrome.",0.0,2021-08-22 21:21:35+00:00
msh cukup bagus buat memperkuat timnas senior merah putih kalo di naturalisasi,2.0,2021-08-26 08:14:39+00:00
"gw yakin bukan karena mereka nggak bisa di nasehati, tapi emang pemainnya sendiri udah 'ndablek', jadi buat dirtek indra sjafrie, pengurus pssi, dan pelatih timnas nggak usah lah anti keturunan atau naturalisasi, toh pemain lokal liga dagelan juga nggak bisa diharapkan .",0.0,2021-08-26 10:38:24+00:00
banyak bgt naturalisasi timnas,1.0,2021-08-27 14:30:28+00:00
fifa tidak membolehkan naturalisasi. hanya selebgram lokal yang boleh jadi pemain timnas. ilmu padi percaya prokes. menyala kaka (emot api),0.0,2021-09-02 08:17:02+00:00
"jangan bermimpi kamu! orang seperti kamu tidak cocok masuk timnas indonesia, karena kami hanya butuh pemain pribumi bukan naturalisasi/keturunan!!!! camkan itu??!!!!!!!",0.0,2021-09-02 08:38:44+00:00
jatah naturalisasi itu untuk kebutuhan klub bukan timnas,1.0,2021-09-03 08:56:08+00:00
"gonzales doang kayanya yg nga ya, tp klo menurut w naturalisasi jg nga begitu bagus ah buat timnas, buktinya ampe skrg gtgt aja aff aja nga prnh dpt",,2021-09-06 09:35:43+00:00
hebat posisi striker tinggi ya 185 cm dan gelandang tinggi ya 185 cm dan bek tinggi ya 190 cm jadi bisa di naturalisasi dan jadi wni dan bisa bela timnas u-19 dan timnas u23 dan timnas senior pak jokowi,0.0,2021-09-06 17:09:31+00:00
owh saya baru tau kalo ronaldo pernah main sama ole di timnas norway berarti portugal naturalisasi ronaldo ya hmmm makasih loh edukatif sekali,1.0,2021-09-07 14:26:16+00:00
"ya karena di korea timnas muda itu tujuannya untuk pembibitan pemaen sih, bukan alat kepentingan yang ujung2 nya di level senior naturalisasi - naturalisasi lagi jawabannya. itulah bedanya sistem dengan keberuntungan",0.0,2021-09-11 23:00:14+00:00
bayangkan w pemain bola ga terkenal di uruguay terus pindah ke indonesia naturalisasi terus jadi pemain timnas pencetak gol dan diberi julukan el loco,0.0,2021-09-12 13:15:32+00:00
y lbh baik gtu utk msa dpn si pemain. sbb smua pemain naturalisasi stlh gabung timnas +62 kmudian main d liga +62 kemampuannya pd mnurun. ga bs brsaing di level internasional.,0.0,2021-09-12 15:06:43+00:00
"kalo emang dirtek timnas udah gak anti naturalisasi, ini si pascal struijk gamau coba dikontak nih? berat laah udah buat dia tembus squad timnas belanda mah",1.0,2021-09-12 16:23:51+00:00
cocok buat di naturalisasi sama timnas indonesia karena kebetulan berdarah indonesia juga.,2.0,2021-09-12 17:21:53+00:00
tambah pede karena 2 pemain asing dan 1 pemain naturalisasi bisa main,2.0,2021-09-15 11:58:25+00:00
hahaha ajg cape2 naturalisasi eh ga bisa bela timnas gitulah pemain mata duitan,0.0,2021-09-17 06:23:34+00:00
"aff masuk perhitungan fifa, sea games bisa kalo boleh turunin pemain muda dan kalo ga ada yg protes. walaupun bukan turnamen fifa, bisa aja diprotes yg lain karena secara hukum fifa harusnya doi belum boleh main di timnas. kan bisa aja naturalisasi halaand trus dimaenin.",,2021-09-17 07:57:33+00:00
naturalisasi bermasalah jadi inget sackie doe. udah pernah bela liberia 4x tp dinaturalisasi juga jadi wni. kayanya udah pasti ga bisa bela timnas kalo gitu ya,1.0,2021-09-17 08:23:15+00:00
"kontribusi pemain naturalisasi bagi timnas masih minim. dengan kondisi kompetisi lokal yang belum mature, berusaha keras agar pemain indonesia maupun keturunan yang berkompetisi di ln bisa dipanggil dan bergabung timnas adalah salah satu strategi terbaik.",2.0,2021-09-18 04:45:15+00:00
keburu umur 30+ baru bisa bela timnas kok pemain naturalisasi indo tua2 wkwk,0.0,2021-09-18 07:55:57+00:00
masalah nya mungkin ada bapak scout talent anti naturalisasi di timnas,1.0,2021-09-18 09:59:36+00:00
"iyaa naturalisasi, soalnya dia main sbg timnas bukan club aja(?)",1.0,2021-09-20 10:02:15+00:00
ayo satukan mereka di timnas indonesia. siap naturalisasi,2.0,2021-09-20 15:31:50+00:00
"udah plg mending naturalisasi pemain keturunan di liga top eropa aja, tc timnas tinggal mikirin strategi saja bukan lagi pembinaan mental, fisik, pola makan, dan teknik dasar .",2.0,2021-10-01 14:45:30+00:00
"gak mau ambil timnas junior putri afganistan? cabor sepk bola, udah jadi tinggal naturalisasi",0.0,2021-10-02 05:40:43+00:00
"tim sepakbola papua mainnya keren. tp orang² lbh memilih naturalisasi orang asing utk dijadikan pemain timnas. negeri yg embuh. ponxxpapua2021 disclaimer : tim sepakbola jabar dibantai 5-1, fyi.",0.0,2021-10-04 11:44:33+00:00
"kalo ibaratnya pemain timnas sepakbola, dia itu pemain naturalisasi. cuma ya gitu mainnya jelek banget.",0.0,2021-10-06 11:39:38+00:00
"kalau yg di naturalisasi pemain kaya gitu mah bagus, tapi biasanya yg di naturalisasi tuh pemain liga 1, kaya guy junior, beto, dutra, vizcarra dll, kayaknya sandy walsh yah yg pengen bgt main di timnas",0.0,2021-10-07 15:17:29+00:00
"akhirnya timnas senior mulai ga pake striker naturalisasi, good job sty",2.0,2021-10-07 16:29:25+00:00
"nah iya tuh bawaannya suudzon wkwk, apalagi kalau soal pemain naturalisasi atau keturunan kayanya susah banget maen di timnas padahal pelatih membutuhkan dia.",1.0,2021-10-07 20:46:27+00:00
"gregetan sebenernya. udah berulang kali dia kasih semangat ke timnas setiap kali tanding, tapi tetap ya orang² termasuk si dirtek ga naturalisasi dia. lagian yg bener aja, knp mesti sandy yg kontak pssi biar dinaturalisasi? ga ada inisiatif banget. pemalas sejak dulu.",0.0,2021-10-11 10:23:16+00:00
"pemain yg mubazir di naturalisasi, impactnya nol besar utk sepak bola indonesia, stop naturalisasi batasin pemain asing di indonesia (minimal cm2/3) disetiap club indonesia, club2 indonesia hrs berani orbitin pemain muda atau atur regulasi buat liga 2 hrs pemain2 u21 smp u23 sj",0.0,2021-10-11 12:12:07+00:00
ada. jdi naturalisasi timnas taiwan,1.0,2021-10-14 08:17:25+00:00
bapak kementerian mempora ri terhormat mauya 11 pemain keturunan darah indonesia segera di naturalisasi dan jadi wni untuk sekuat timnas u-19 bapak kementerian mempora ri terhormat,2.0,2021-10-14 11:39:46+00:00
bapak kementerian mempora ri terhormat mauya ronaldo kwateh dan hugo samir dan altah ballah mauya mereka di naturalisasi dan jadi wni dan di panggil ke timnas u-19 dan mauya mereka di panggil ke timnas u-19 dan mereka trio timnas u-19 nantik di piala asia u-19 bapak kementerian,2.0,2021-10-14 11:42:36+00:00
"jadi pemain timnas gapapa, tapi nanti tetep main di liga luar yaaa. yang udah udah begitu naturalisasi malah main di liga sini :(",0.0,2021-10-18 11:52:08+00:00
"mantap mas, naturalisasi patson daka skrg jg ke timnas belgia",,2021-10-18 12:53:25+00:00
gw lbh setuju pmn keturunan yg d panggil timnas dari pada pmn asing d naturalisasi krn pmn keturunan lbh berhak dan banyak yg berkualitas tuk d panggil timnas junior maupun senior .,2.0,2021-10-22 13:35:33+00:00
"bener, apa lagi naturalisasi indo lelet banget, klok aja bertahun tahun masih belom bisa perkuat timnas wkwk",0.0,2021-10-23 03:46:46+00:00
mencoba maen football manager 21 sebagey pelatih timnas pake database semua pemain free agent + liga 5 + no brexit and work permit + naturalisasi pemain. dan melihat seperti apa wajah sepakbola dunia di universe itu.,1.0,2021-10-23 07:18:21+00:00
naturalisasi pemaen gaada darah keturunan atau tinggal lama dari kecil jatohnya kek klub bukan timnas,1.0,2021-10-23 09:52:18+00:00
"ada pemain luar yang pengen naturalisasi di susah susahin giliran ngajuin naturalisasi ke pemain yang gak pengen naturalisasi semangat pas di tolak di jadiin kambing hitam pemainnya, gini amat timnas gabon",0.0,2021-10-24 10:59:50+00:00
ga bisa distop aja apa ya naturalisasi beginian? ga bikin timnas berprestasi juga,0.0,2021-10-24 19:45:04+00:00
"beda nya mereka itu, di kelompok umur mereka masih kurang, pembinaan pemain muda nya masih kurang, tapi kalo timnas senior nya memang bagus soalnya banyak naturalisasi, mungkin beberapa tahun ke depan mereka bakal down utk timnas seniornya",0.0,2021-10-25 11:07:58+00:00
"semisal pemain2 naturalisasi nya sudah underperform , dan utk pengganti nya dari timnas kelompok umur jg kurang bagus",0.0,2021-10-25 11:10:11+00:00
"boga pemaen label timnas dan naturalisasi, tapi strategina maen long ball-long ball bae. mending mun anu akuratmah, ieu mah asal ngangkat bola bae",0.0,2021-10-26 11:56:30+00:00
"naturalisasi ga melulu soal timnas bro, nyatanya banyak pemain luar yg udah tua pada naturalisasi buat ngakalin jumlah pemain asing diklub kan, sekalian aja ini yg masih muda.",1.0,2021-10-26 14:41:56+00:00
"dia sebenarnya bisa aja naturalisasi sejak beberapa tahun lalu karena sejak dia masih remaja pun, ia selalu diabaikan oleh pelatih inggris. tercatat ia gak pernah mendapatkan pemanggilan dari timnas inggris baik itu di level junior maupun senior, meskipun performanya di klub...",1.0,2021-10-26 17:03:42+00:00
emang susah ya? 4 pemain asing + 1 naturalisasi? si ijo malah gak ada 1 asingnya + irianto lagi ke timnas + kiper cadangan ketiga,0.0,2021-10-26 17:51:32+00:00
klau ada 4/5 pemain naturalisasi timnas u23 bisa ngalahin australia,2.0,2021-10-26 18:30:45+00:00
"mungkin sih, di sepak bola kita aja bnyk pelatih luar negeri ngelatih diaini. klo pelatih timnas indonesia boleh dari luar negeri, cuma harus naturalisasi dulu kan? dah lama gak ngikutin sepak bola lagi",1.0,2021-10-27 09:22:46+00:00
sayang sekali peraturan fiba bolehin setiap timnas cuma bawa 1 pemain naturalisasi aja,1.0,2021-10-29 01:20:41+00:00
"level yang di maksud bagi sebagian orang adalah level federasi kak,bukan timnas nya. timnas bisa di bentuk bahkan dari sebagian besar naturalisasi atau semua lokal. tapi federasi ini yang harus di benahi,dari systems sampai structural.",0.0,2021-10-29 15:44:50+00:00
"menarik kalau elkan dipanggil, artinya udh fix dia membela timnas indonesia, tp ya u know gimana drama dia lah. klok juga, sampai sekarang blm debut karena administrasi, ribet memang naturalisasi, tp kalau keduanya gabung bs nambah kekuatan nanti pas aff",1.0,2021-10-29 15:57:52+00:00
"shin tae yong kudu geura2 manggil henhen ka timnas, hawatos bilih di naturalisasi nagara sejen",2.0,2021-10-30 13:29:43+00:00
"buktikan keseriusan dan kecintaan mereka (pemain naturalisasi) menjadi warga negara dan negara baru untuk membela timnas indonesia dan bekerja, klo gagal depaktasi_bukanlagi_deportasi",0.0,2021-11-09 01:50:05+00:00
belasan tahun main fm dan sering banget naturalisasi pemain untuk timnas indonesia tapi jordi amat ngga pernah masuk list. emang baru ketauan garis keturunannya ya?,1.0,2021-11-11 15:16:55+00:00
"kalo dengan cara naturalisasi timnas indonesia bisa juara kayanya ngga apa-apa deh, asal bisa dipanggil timnas terus. kalo kaya aff tahun ini sty terbentur aturan cuma bisa manggil maksimal 2 dari tiap klub liga indonesia kayanya sulit buat dapetin timnas terbaik.",,2021-11-12 11:52:37+00:00
"kita sudah memainkan pemain local fred sejak awal timnas terbentuk, prestasinya? nihil. passing aja ga bisa, level timnas loh. mending ambil pemain keturunan. lagian bukan naturalisasi, tapi keturunan. kolot fc.",0.0,2021-11-13 01:30:59+00:00
"jordi amat (rayo vallecano / tim la liga spanyol, ex timnas spanyol u19) - calon pemain naturalisasi timnas sepakbola indonesia. ga bisa bayangin, klo lini pertahanan timnas diisi elkan baggot - sandy walsh - jordi amat - mees hilgers - kevin diks",2.0,2021-11-13 05:57:46+00:00
kok aku mudengnya ngritik alus proses naturalisasinya ya? bukan total nolak ada pemain naturalisasi di timnas. semacam sbelum dinaturalisasi tu minta mereka berbagi pengalaman sama yg lokal dulu. gitu gak sik..,,2021-11-13 08:25:00+00:00
"us sering bersaing dengan negara lain untuk mendapatkan pemain, dest vs belanda, musah vs inggris. memang mereka tidak naturalisasi karena bisa dual passport, tp case tentu mirip dengan timnas indonesia. yg banyak diaspora di eropa, layaknya dest dan musah diaspora us di eropa.",,2021-11-13 23:54:16+00:00
"kalo timnas bola idn didominasi pemain naturalisasi or keturunan. vibesnya tuh kyk jaman hindia-belanda tau gk, pas ikut pildun '38. lama-lama warlok yg dominan 'mini' gk bakal kepake wkwk",0.0,2021-11-14 16:37:19+00:00
"banyak yang keberatan soal pemanggilan para pemain keturunan indonesia yang membela timnas. padahal, ini berbeda dengan naturalisasi.",1.0,2021-11-16 09:52:09+00:00
"sebenernya, naturalisasi cukup oke kalau slot utk timnas senior. kl junior, rasanya cukup banyak pemain dg talenta bagus. mungkin perlu digembleng saja saat latihan. makanya skrg getol aja persiapin u-15 biar seniornya juga keangkat tahun2 berikutnya.",2.0,2021-11-16 11:47:05+00:00
"sejujurnya, naturalisasi pemain yg notabene bermain di luar negeri bisa jadi opsi terbaik untuk kemajuan timnas indonesia.",2.0,2021-11-16 14:54:28+00:00
"melawan afghanistan (negri yg porak poranda akibat perang) saja kalah , lantas apa yg bisa dibanggakan dari timnas kita? kerja pssi ngapain aja sih, apa cuma jadi agen naturalisasi? mikir",0.0,2021-11-16 21:53:58+00:00
pemain naturalisasi bukan jaminan jadi pilihan utama di timnas indonesia. bahkan ada yang hanya cicipi 2 laga.,1.0,2021-11-19 06:50:00+00:00
".sudah banyak yang di naturalisasi tapi tetap belum bisa mengangkat prestasi timnas indonesia, mungkin ketuaan kali ya pemain-pemainnya.. . . naturalisasi pemainketurunan",0.0,2021-11-22 08:09:04+00:00
"kalau proses 4 pemain naturalisasi sukses, bukan tdk mungkin pemain2 keturunan indonesia yg main di top tier liga eropa akan tertarik juga untuk memperkuat timnas indonesia, nama2 sprti ragnar oeratmangoen emil mulyadi.",2.0,2021-11-23 14:33:24+00:00
"terhitung udah lebih dari 10 tahun naturalisasi pemain dilakukan di timnas indonesia. udah lebih dari 35 pemain dinaturalisasi. hasilnya? emas sea games tak tergapai, juara piala aff gak mampu. piala dunia? mohon ampun.",0.0,2021-11-24 15:54:04+00:00
"sebenernya naturalisasi dengan scouting yg baik dan assessment yg proper bisa membawa pemain bagus untuk timnas. dan harus dibarengi dengan kebijakan yg konsisten. pelatih terlalu sering diganti, liga sering bentrok dengan jadwal timnas. gimana mau dapetin komposisi juara.",0.0,2021-11-24 16:22:34+00:00
"56 hari menjelang pertandingan pertama timnas indonesia di piala asia wanita 2022. tidak ada berita terkait tc, latih tanding, turnamen persiapan, naturalisasi pemain atau apapun terkait timnas wanita. apa ini tidak penting ?",,2021-11-26 12:07:51+00:00
"ingat ya, kalo emang pemain setuju gabung timnas, itu haknya. hukum membolehkan. hanya, yg penting adalah kebijakan naturalisasi ini kudu efektif. sebab, selama satu dekade ini sama sekali tidak efektif. naturalisasi tidak terlarang, tapi benahi pembinaan adalah kewajiban.",0.0,2021-11-27 06:29:14+00:00
"mereka berdarah indonesia, mereka lebih memilih negara asalnya karena lebih menjanjikan prestasi dan masa depan. mereka yakin dengan kualitas yang dimiliki untuk masuk standar timnas negaranya. itulah kenapa naturalisasi dalam konteks sepakbola indonesia delusional. cc",0.0,2021-12-01 04:18:44+00:00
"memang sih statusnya naturalisasi, tapi tetap sah2 saja kan bung, gilaa,giliran ada yg mau perjuangin timnas kita biar tidak di obok2 lagi,malah masih ada saja yg beginian jadi hilang respect sama bapak yang satu ini,bacot doang",0.0,2021-12-01 07:51:41+00:00
"semuanya pantes, mungkin kita bisa naturalisasi tsubasa biar timnas kita tambah kuat bung acid",2.0,2021-12-01 10:33:31+00:00
....salah satu cara menaikkan level timnas ya dg naturalisasi.....kalau bisa mulai dari timnas u-19 mulai diramaikan dg naturalisasi....,2.0,2021-12-01 14:00:01+00:00
"saran, liga sepakbola tetap berjalan normal. tapi serahkan slot pemain timnas ke pemain keturunan/naturalisasi. jadi pemain lokal fokus di kompetisi domestik, pemain keturunan/naturalisasi fokus di kancah internasional",2.0,2021-12-01 16:35:32+00:00
rvp bukan darah indonesia. radja pernah bilang kalo dia gak tau kebijakan naturalisasi di pssi itu ada. sisanya ya itu soal hak pribadi milih timnas mana. naturalisasi delusional? ente ribet!!! negara eropa langganan pildun juga ada yang naturalisasi pemain buat masuk timnas.,,2021-12-01 22:05:48+00:00
"boleh deh ga ngandelin naturalisasi, asal semua pemain indo pada abroad, sekelas timnas prancis aja banyak pakai pemain naturalisasi kok karena banyak imigran yang datang ke prancis, seperti zidane yang sekarang malah jadi legenda timnas prancis padahal buka asli warga prancis",2.0,2021-12-01 22:40:07+00:00
"setuju, sudah muak kita lihat timnas senior selalu kalah kalah,apalagi kalahnya lawan seasean, itu lbh menyakitkan, kemarin2 kurang lokal apalagi coba pemain2 timnas, tp hasilnya masih aja ampas. ranking 160an aja sok keras anti naturalisasi,pdhl mereka keturunan.",0.0,2021-12-02 01:01:09+00:00
"delusionalnya gimana mas ? emang indonesia pada waktu itu nawarin naturalisasi ke pemain yg di foto itu ? pssi, walaupun tdk sempurna juga mnurut saya kerja nya udah bener kok. mereka nawarin mau gak main di timnas. apa salahnya kalau pemainnya mau ?",1.0,2021-12-02 03:18:06+00:00
"skuad shin tae young ini perpaduan pemain muda, keturunan naturalisasi ya mindos? cm knp liga 1 nya msh jalan kl timnas maen?",0.0,2021-12-02 03:46:37+00:00
"fyi aja naturalisasi yg dijalankan federasi selama ga bisa disebut program. federasi seperti latah, naturalisasi untuk timnas saja dilakukan menjelang turnamen. kecuali naturalisasi untuk kebutuhan klub.",,2021-12-02 14:17:55+00:00
"keren keren !!!! berarti tahun depan, udah bisa bela timnas garuda di kualifikasi piala asia. kabar terkini proses naturalisasi sandy walsh dkk: pemeriksaan dokumen, target rampung awal 2022 kitagaruda",,2021-12-03 20:36:34+00:00
"boleh sih bilang menpora yg skrg ga bener, tp jgn bilang bagusan menpora sebelumnya dong. yg itu kan udah korupsi, bisa2nya yg ga punya kualitas buat timnas malah dibantu naturalisasi. jgn2 …..",0.0,2021-12-04 00:06:01+00:00
taisei marukawa cocok nih di naturalisasi. duet timnas bareng marselino ferdinan,2.0,2021-12-04 13:51:34+00:00
tiap thn timnas tc k eropa. hasilnya tetap ajj pke pmain naturalisasi dan minim prestasi,0.0,2021-12-07 10:52:10+00:00
"pelatih dan pemain kita yg dah jelas2 jago diganti pelatih asing, dipegang tae yong kita pernah menang ? contoh tuh u17 u20. pantes timnas kita gak pernah menang. buang2 duit aja! pemain naturalisasi pilih yg jago bukan yg banyak gaya! ngerti gak lo",,2021-12-08 00:20:17+00:00
"lagian de paula ini tipikal striker naturalisasi banget persis kaya di indonesia. tiba-tiba udah tua dijadiin wn trus bilang cinta2 negara, pas main di timnas posisinya jelek terus.",0.0,2021-12-09 11:11:06+00:00
"ezra nyusahin fix, skillnya juga sama aja ama pemain lokal, mending kalo mau naturalisasi ambil yg skillnya di atas rata2 lah timnasday",0.0,2021-12-09 13:41:54+00:00
"iya emang bener kok menang krg meyakinkan, but atleast we won. its always nice to start a tournament with a win, toh banyak jg takeaway positif dr game td. soal naturalisasi, ini 30 pemain terbaik udh dukung aja susah bgt. stop being so negative dgn timnas sendiri lah timnasday",,2021-12-09 14:18:24+00:00
mungkin alasan sty pengen naturalisasi karena passing pemaen timnas pada ngaco. udah gak bisa diselamatkan.,0.0,2021-12-09 14:29:22+00:00
"jadi udah tau lah ya, kenapa (menurut gua) timnas bola kita butuh pemain naturalisasi yang maen di liga-liga top eropa sana?? ngandelin pemain liga lokal mah yaudah..",2.0,2021-12-09 14:30:16+00:00
abis ini ada media atau influencer indonesia interview dia kamu minat gak naturalisasi dan maen di timnas indonesia?.,1.0,2021-12-09 18:02:14+00:00
"pantes ya coach sty pengen naturalisasi pemain keturunan yg posisinya bek. bek timnas skrg agak kurang kalo dimainin jadi ball playing defender, jadi engga bisa build up serangan dari belakang.",,2021-12-09 20:43:05+00:00
"ya intinya emang gak serius aja ikutan turnamennya. gimana mau ngumpulin pemain2 terbaik, kalau tiap tim dibatas cuma bisa kirim 2 pemain ke timnas terus buat apa naturalisasi marc klok, spaso, dll?",,2021-12-10 02:22:50+00:00
"setuju banget, bukan naturalisasi ya. tapi, pemain keturunan yang ga kaleng². kerja cerdas lebih enak sembari membangun timnas.",,2021-12-10 07:10:49+00:00
jawabannya kok ngalor ngidul naturalisasi timnas baru elkan banggot yg bs gabung di timnas,0.0,2021-12-10 19:35:14+00:00
"nonton timnas indonesia lawan laos sempet bingung ada pemain bule, mungkin naturalisasi... sing penting menang mudah2an juara affsuzukicup2021",2.0,2021-12-12 11:26:29+00:00
"oh ya, nggak usah jauh. timnas cewenya deh naturalisasi dulu, jngn maksa pemain yg kapasitasnya masih u-17 buat ke senior",,2021-12-13 12:38:59+00:00
"ya kalo ngerti sepakbola sih gak kaget. kalo ngeliat rekam jejak para pemain asing atau naturalisasi disini pun mereka dulu pernah menjadi bagian timnas negara mereka di usia muda. ya kayak el loco, simic, carlos fortes dan banyak lagi pemain asing lainnya ex timnas muda",1.0,2021-12-14 08:11:17+00:00
"dugaan saya pemain naturalisasi timnas gobak sodor itu ga sepenuhnya tanggalkan kewarganegaraan asalnya, bisa jadi sekarang dia punya 2 paspor",,2021-12-15 11:11:20+00:00
bisa gak ya sepak bola indonesia di hapus saja..emg udah ga bisa ketolong udah hancur kq masih aja di pertahanan mending bubarin aja lha sepak bola indonesia ini ga ada perkembangan..klo mau maju cuma 1 pake pemain naturalisasi semua nya..,0.0,2021-12-15 13:53:50+00:00
timnas+pemain naturalisasi+shin tae yong = wonderfull,,2021-12-15 14:47:24+00:00
artinya sampe 2029 kita ga akan berbicara banyak di luar level asean. kecuali: -melakukan beberapa naturalisasi posisi kunci dengan pemain yg jago dan posturnya bagus. -mempersiapkan tim manajerial yang lebih bagus untuk timnas dari skrg.,0.0,2021-12-15 23:25:54+00:00
"kalo ngomongin timnas kita, sy cuma menyayangkan aja dgn merekrut pemain naturalisasi. kayak berasa nggak murni aja. semoga 5 tahun kedepan timnas sdh tdk perlu lg ada pemain naturalisasi. sudahilah, biar aja kalah terhormat, daripada menang tp berasa nggak sempurna .., maaf",0.0,2021-12-16 08:53:03+00:00
"persiapan dan mental kurang, liga tetep jalan, udah gitu naturalisasi asal2an",0.0,2021-12-17 12:35:19+00:00
percayalah jika timnas sllu mengandalkan pemain naturalisasi gk bakal kita bisa jdi juara.. belajarlah dari aff u 19 besutan indra syafri..dan klo bisa usul indra syafri yg dijadikan pelatih inti timnas indonesia,0.0,2021-12-18 12:00:01+00:00
"ada beberapa faktor: 1. naturalisasi waktu itu baru berjalan, bachdim gonzales bener2 buat pembeda banget 2. liga indonesia belum ada perpecahan, belum ada perpecahan di klub maupun federasi, euforia di liga juga bagus 3. timnas u-19 era evan dimas dkk",,2021-12-19 06:23:14+00:00
naturalisasi anaknya sty biar bapaknya betah latih timnas indonesia...,0.0,2021-12-19 15:24:51+00:00
skuad timnas aff ini gak ada pemain naturalisasi ya?,1.0,2021-12-19 15:48:16+00:00
"udah ga mungkin, mas. soalnya dia sendiri ga menjadikan timnas indonesia sbg pilihan. yg saat ini sedang diusahakan pssi adalah naturalisasi jordi amat, mees hilgers, sandy walsh, dan kevin diks.",1.0,2021-12-19 17:38:44+00:00
"kalo pun ada naturalisasi lagi, gue harap mereka ngga cepat cepat pindah ke liga 1. biar main di luar aja terus. yang kita perlukan buat naik level di timnas memang soal pengalaman main di liga yang sekompetitif eropa.",2.0,2021-12-20 05:51:32+00:00
"tapi emang pas ngelatih filipin asli bagus banget ini orang, beneran deh lo boleh taruhan ama gue kalo ini orang nggak masuk timnas filipin nggak kayak sekarang meskipun 11 pemain naturalisasi semua. dari tahun 2002 bahkan 80an timnas filipin udh pake pemain naturalisasi",2.0,2021-12-20 08:25:23+00:00
"baru ada elkan timnas racikan sty udah keren, gimana kalau ditambah pemain naturalisasi lain ya",2.0,2021-12-20 09:08:32+00:00
"tuh dibawah ada yg bilang naturalisasi gagal, pemain gabisa lari, siapa lagi kalo bukan si onoh emg gabisa bedain ezra lagi main buat timnas/persib, dari warna bajunya udah keliatan.",0.0,2021-12-22 00:34:42+00:00
"timnas sekarang banyak pemain naturalisasinya. bagiku gapapa. selama kualitas liganya masih gitu-gitu aja, timnas ya bakal susah bersaing. toh saat ini yang naturalisasi juga ga sebanyak itu yang main di timnas. udah mulai banyak juga pemain lokal main di luar. itu proses bagus",2.0,2021-12-22 03:31:55+00:00
bisa bisa nya pemain no 25 singapore masuk timnas wkwkwkwkw... gda bahan naturalisasi lagi ?,,2021-12-22 13:13:03+00:00
"timnas sekarang isinya pemain lokal kualitas atas, pemain yg main di eropa, sama naturalisasi dg kemampuan top. semoga selepas ini lebih banyak pemain lokal main di liga luar.",,2021-12-22 13:29:59+00:00
"kelassss..witann.. awal2 2 kubu msh grogi. lini tengah dikuasai timnas, transisi baik, passing2 progress nya baik, chemistry smakin terbentuk. baru pemain naturalisasi korea yg kliatan dri singa. taktik sty msh tepat. timnasday indonesiaaa !!!!!",2.0,2021-12-22 13:33:01+00:00
lain kali timnas indonesia ambil naturalisasi ssb ajax yg berhasil aja jangan yg gagal kayak ezra.,0.0,2021-12-22 14:51:14+00:00
"kl gak, setiap menjelang lakon timnas, selalu yang diteriakkan naturalisasi. maunya instan. kenapa gak dibenahi dulu dari aturan pssi nya? misal aturan pemain asing 3 +1 orang, tapi tidak bisa 2 atau seluruhnya striker. max 1 striker yg didaftar timnasday timnasgaruda",0.0,2021-12-22 16:24:48+00:00
"dgn adanya naturalisasi, makin bnyk pemain yg bisa diperhitungkan utk bela timnas. scr ga langsung juga bisa jd motivasi pemain supaya ga kalah saing dan mau berkembang. emg ga semua naturalisasi sukses, tp ga ada salahnya mencoba",2.0,2021-12-23 11:47:34+00:00
"ragnar oratmangoen harus bisa diusahain pssi, kalo dia jadi di naturalisasi gua yakin lini tengah timnas indonesia bisa lebih kuat",2.0,2021-12-23 12:26:16+00:00
"karna kalo pemain keturunan bisa langsung main di timnas, urus dokumennya gampang klo pemain full naturalisasi harus tunggu 5 tahun baru bisa main kyk marc klok, dan tidak kontroversial di bilang bukan pemain indonesia karna mmg punya darah indonesia",,2021-12-24 01:01:21+00:00
"logika macam apa ini, dipikirnya liga2 dan federasi negara2 amerika latin dan afrika bagus apa? tp krn pemain2 mereka mau main ke eropa, standar pemain timnas dan kualitasnya pun ikut naik. pemain naturalisasi ini jd pemacu buat pemain2 lokal biar naikin standarnya.",2.0,2021-12-24 18:45:04+00:00
"""satu2nya pemain naturalisasi indonesia yg berhasil hanyalah cristian gonzales. sisanya macam igbonefo, nwokolo, otavio dutra; masih mending dapat caps di timnas. sisanya gagal total, bahkan banyak yg belum merasakan panggilan timnas. lilipaly baggot bukan naturalisasi ya""",0.0,2021-12-25 12:23:03+00:00
"timnas tanpa naturalisasi, umur rata” team 23 tahun",1.0,2021-12-25 12:44:22+00:00
tetep lah timnas jaman firman utina bp boaz paling terbaik. skrg bnyk naturalisasi gangaruh,0.0,2021-12-25 14:26:41+00:00
ga sia sia timnas kipernya naturalisasi dari spanyol,,2021-12-25 14:27:08+00:00
"iya gakpapa wkwk justru semakin banyak supporter semakin bagus dong, btw pemain naturalisasi itu warga negara asing yg merubah statusnya jadi wni biar bisa main di timnas",1.0,2021-12-25 16:24:55+00:00
"liat betapa senengnya pas menang kemaren.. gua bangga bgt sama mereka.. liat juga yang cuma keturunan tapi mau bela indonesia. elkan baggott, ezra walian + igbonefo yg naturalisasi walau gaada keturunan indonesia mereka bangga bisa bela timnas :",2.0,2021-12-26 07:54:32+00:00
"kukira nadeo pemain naturalisasi, jebule misuhe jancuk efek fyp tiktok timnas kuabeh",0.0,2021-12-27 05:07:33+00:00
"""harusnya sih jangan ya. soalnya proyek sty ini kan jangka panjang; banyak pemain muda di timnas biar pas di golden age jadi alias nyetel dan lagi mau naturalisasi pemain.""",0.0,2021-12-27 16:07:41+00:00
"wanjayyyyy, ternyata timnas manggil striker baru toh? baru tau gw, jangan naturalisasi jg",1.0,2021-12-28 05:35:29+00:00
"ngomong ngomong naturalisasi pemain buat timnas , nemu jackpot di seorang mees hilgers tuh. lagi dilirik psv eindhoven. sekarang main di fc twente. bakal menarik kalau sampe berhasil gaet ini pemain satu selain ragnar oeratmangoen. bukan ngga mungkin mees dilirik knvb juga.",2.0,2021-12-28 09:54:44+00:00
"timnas indonesia butuh benzema. skema taktik all out defence. kalo bek udah dapat, tekan bulat atau segitiga kedepan. benzema lari dan shoottt keras goll. . naturalisasi benzema",2.0,2021-12-29 02:18:07+00:00
katanya diklat persib salah satu yang terbaik. satupun pemain binaan persib kok ga ada yg di panggil timnas? di panggil dua pemainpun itu bukan pemain binaan asli. itupun pemain naturalisasi udh gitu yg satu belum juga di percaya tampil,0.0,2021-12-29 09:25:50+00:00
timnas era naturalisasi part 1 adalah sebenar-benar generasi emas timnas indonesia. nepi selebrasi irfan bachdim dijadikeun koreo praktek senam pas aing sma ku si diddo.,2.0,2021-12-29 13:04:48+00:00
"elias dolah, tristan do, manuel bihr, philip roller nama2 pemain naturalisasi thai yg beken, pssi kalo cari pemain keturunan yg model bgini lah, jgn asal tamvan, skillnya juga harus diatas pemain lokal timnasday",0.0,2021-12-29 13:06:37+00:00
"menang lgsg konvoi, kalah jersey timnas ga jadi to the moon. still win win for me . sty pertahankan, cari pemain naturalisasi eropa, fokus piala asia 2023.",2.0,2021-12-29 14:17:51+00:00
kyknya timnas perlu naturalisasi satu lagi bule lho pak..,2.0,2021-12-29 14:27:54+00:00
"ternyata timnas indonesia stuck disitu2 aja yaa, kirain ada perkembangan ya berarti gasalah sty mau banyak pemain naturalisasi, biar punya pemain timnas yg isi staminanya roti susu",0.0,2021-12-29 14:32:22+00:00
"tiga tips menurut gua ampuh buat bikin timnas indonesia minimal juara di asia tenggara: 1. wajib militer bagi semua atlet yg membawa nama negara di kancah internasional (fisik) 2. syarat dipanggil masuk timnas dinaikkan, minimal bermain di klub luar indonesia 3. naturalisasi",2.0,2021-12-29 14:50:56+00:00
"1. skuad ini masih muda, kasih waktu 2-3 dibawah sty kita bisa ngejar vitnam/thai 2. naturalisasi prioritas di penyerang, lokalan ga ada yg bs dharapkan 3. liga joget coba dibenerin lah, apa2an liga bisa jalan saat timnas main",2.0,2021-12-29 16:03:12+00:00
messi suruh naturalisasi dlu ke timnas baru bisa kek gini,0.0,2021-12-30 00:27:25+00:00
pemain asing ojo gelem di naturalisasi nak timnas indonesia. rugi eman karir,0.0,2021-12-30 02:07:51+00:00
"aku terakhir ngikutin timnas itu pas dulu si kim jeffrey naturalisasi trus irfan bachdim balik ke indo stlh itu, entah mengapa g denger kabar-kabar timnas lg, baru kedenger aff ini jadi? gimana dong? wks elaaah... bangga ke timnas sendiri dikatain fans dadaka........",0.0,2021-12-30 02:50:17+00:00
bukannya gak nasionalis gak dukung timnas... realistis boss... kalau sty sdh latih 5 tahunan dan dikasih bibit unggul mungkin lain cerita.. ini kan ngandalin catutan dan naturalisasi,0.0,2021-12-30 05:03:36+00:00
"perhatikan kata material. ya. fokusnya itu bangun stadion, kirim segelintir pemain ke luar latian bentar, naturalisasi pemain, hire pelatih timnas asing yg mahal. itu oke, tapi tidak substansial dan short term. nggak lebih dari semacam gimmick politik aja. panjang dah..",0.0,2021-12-30 06:42:52+00:00
"setelah duet bepe-boaz, indo belum punya striker yang oke. j. van beukering, e. walian, dan bahkan g. nwokolo yang ajib banget di liga, tetep masih kurang bisa kasih kontribusi buat timnas. ini contoh nyata indo harus fokus develop calon striker lokal dan kurangin naturalisasi",0.0,2021-12-30 09:14:24+00:00
"kalau mau naikin level timnas secara cepat, naturalisasi pemain yg main di eropa, cari pemain keturunan yg potensial, kesampingin yg main di liga lokal dan ambil pemain2 yg main di liga luar, agar pemain lokal terpacu untuk terus berkembang (kecuali pemain lokal lg top perform).",2.0,2021-12-30 19:46:59+00:00
"kebanyakan yg sudah2 pemain dinaturalisasi hanya untuk kepentingan club, bukan timnas, lalu mereka yg gasuka dgn pemain naturalisasi menjudge klau para pemain naturalisasi pasti gagal, kasian untuk pemain keturunan, padahal dia juga punya hak yg sama untuk bela timnas.",0.0,2021-12-30 19:53:38+00:00
tweet besok pagi tunduh kurang sare gitu aja terus sampe jarjit naturalisasi timnas indonesia,0.0,2022-01-01 15:42:43+00:00
pak mau tanya dong...buruknya kualitas liga 1 itu apa termasuk terlalu banyaknya akal2an naturalisasi pemain oleh klub sehingga bisa menambah kuota pemain asing klub? dan bukan mendukung kerangka timnas? shg pemain lokal spt striker jadi minim menit bermain?,,2022-01-05 06:21:32+00:00
emangnya naturalisasi pemain keturunan yang main di luar negeri itu udh menjamin prestasi untuk timnas indonesia yaa???,0.0,2022-01-06 09:56:52+00:00
"selepas boaz, timnas indonesia lebih mengutamakan penyerang naturalisasi. penyerang indonesia kurang dapat kesempatan di liga dan regenerasi yang awalnya terlihat menjanjikan pun terputus.",0.0,2022-01-07 12:52:22+00:00
"naturalisasi diharapkan jadi jalan pintas dalam mengangkat performa timnas indonesia. sayangnya, sejumlah pemain naturalisasi gagal tampil mengesankan bersama skuad garuda. cnnindonesia",0.0,2022-01-08 01:30:00+00:00
"hmm, tapi ini emang salah satu skuad terbaik yg pernah dimiliki timnas indonesia sih. meskipun full pemain lokal (tanpa keturunan / naturalisasi), tapi kualitas di semua sektornya merata dari mulai kiper, bek, gelandang, sampe strikernya bagus semua kangen timnas era ini",2.0,2022-01-08 01:43:09+00:00
"naturalisasi ? tergantung. kl spt yg dilakukan klub2 indo, gk ada guna bwt timnas, krn levelnya biasa aja. tp jk yg diambil adl pemain2 top di eropa, oke. knp ? utk bersaing dgn vie tha, or dgn tim2 kuat asia, kt butuh pemain2 kelas eropa. yg ada saat ini msh level asean/aff.",,2022-01-11 10:00:50+00:00
4 pemain naturalisasi yang siap diperkenalkan di timnas. semoga mereka bisa memberikan kontribusi positif bagi timnas indonesia. 1. jordi amat 2. sandy walsh 3. need hilgers 4. ragnar oratmangoen,2.0,2022-01-13 10:14:57+00:00
"lagian pembinaan pemain kan harusnya dari klub bukan timnas toh yg diambil sty bukan pemain asing, melainkan punya hubungan darah dengan indonesia. masih banyak yg salah kaprah antara pemain naturalisasi dengan pemain keturunan.",,2022-01-16 16:46:05+00:00
"bangun pagi langsung dihadapkan sama pernyataan haruna soemitro-nya madura united yg menolak naturalisasi pemain. pak tua, mereka itu pemain keturunan bukan naturalisasi yg ga ada garis keturunan bs jd pemain timnas paspor indonesia. klo masih ga faham lebih baik anda diem.",0.0,2022-01-16 22:24:02+00:00
bapak tau bedanya naturalisasi sama keturunan gak sih pak??? diketawain sama timnas prancis itu lho pak mereka pakai keturunan bisa juara piala dunia,0.0,2022-01-17 00:48:47+00:00
"haruna sumitro jelek! semua omongannya jelek! kecuali soal naturalisasi..aku ndukung omongan beliao..wkwkwk. entah naturalisasi dipaksakan, atau ada sedikit karena campuran darah indonesia. ingat, siapa terakhir striker timnas aseli wong indonesia? dedik? wkwkwk..",,2022-01-17 03:13:10+00:00
kalau kayak gini kapan maju nya sepak bola indonesia. kayaknya ngga cuma pemain yang di naturalisasi tapi pengurus pssi juga perlu di naturalisasi harunaout,0.0,2022-01-17 08:08:39+00:00
"sebener e untuk memajukan sepak bola indonesia, lebih efektif melakukan naturalisasi pengurus pssi daripada pemain harunaout",0.0,2022-01-17 10:37:11+00:00
para pemain eropa yang merupakan keturunan indonesia kembali bertambah. semoga naturalisasi ini membawa timnas indonesia berjaya di asia dan mampu menembus piala dunia,,2022-01-17 18:36:15+00:00
"lawan timor leste yg serumpun dng portugal, timnas sampai harus nurunin pemain naturalisasi ronaldo dan figo",0.0,2022-01-18 10:31:48+00:00
"naturalisasi memang perlu mengingat masih banyak kelemahan yang dimiliki oleh timnas indonesia. namun, adanya pemain naturalisasi tak menjadi jaminan sebuah tim bisa memenangkan trofi. headline",0.0,2022-01-21 13:30:00+00:00
"btw pelatih timnas putri dan ketum pssi ga minta naturalisasi instan juga? timnas putra ada kompetisi, pemain berlimpah tapi maksa proyek naturalisasi. timnas putri ga ada kompetisi, pemain minim tapi ga ada naturalisasi. di jis tuh banyak bule pinter main bola, kayak sam kerr",0.0,2022-01-22 02:11:23+00:00
jujur saya heran dgn sepak bola indonesia...mulai dari pemain lokal hingga menggunakan jasa pemain naturalisasi tetapi tetep aja minim prestasi padahal pilipina yg dulu jd bulan bulan kita skrg rangking fifa nya jauh meninggalkan kita...apanya yg salah dgn timnas kita,0.0,2022-01-25 16:16:09+00:00
belajar dari hancurnya naturalisasi asal jadi timnas timor leste,0.0,2022-01-26 12:24:07+00:00
"pemain produk liga dagelan keliatan kualitas aslinya di permainan timnas sekarang. tanpa pemain naturalisasi dan abroad, timnas indonesia cuma sekelas tim bola pon. haruna masih mau bilang naturalisasi ga penting??",0.0,2022-01-27 12:44:43+00:00
"timnas indonesia sedang bertanding melawan timor leste malam ini. mainnya jelek, khususnya edo dan dedik. pengen liat pemain naturalisasi segera main.",0.0,2022-01-27 12:52:35+00:00
"baru tau ternyata ronaldo udh di naturalisasi dr timnas portugal ke timnas indonesia, rambutnya juga berubah",0.0,2022-01-27 13:59:59+00:00
"3rd gig of today (3/3). ngomongin penting gak penting pemain naturalisasi terutama untuk timnas indonesia bareng di youtube . btw, menurut lo... naturalisasi tuh perlu gak sih?",1.0,2022-02-02 15:54:31+00:00
"demi prestasi timnas, pssi melakukan naturalisasi pemain. program ini udah dilakukan lebih dari satu dekade. hasilnya, belum tampak. mungkin, karena yg lebih perlu dinaturalisasi adalah pengurus federasi dan para wasit serta asisten wasit. parah bener kinerjanya.",0.0,2022-02-03 06:22:18+00:00
joktug! ada yg bisa buat mosi pro tentang naturalisasi pemain sepakbola timnas indonesia? sekalian rep v yaaa,,2022-02-12 12:22:22+00:00
tak selamanya pemain naturalisasi memberi dampak positif untuk timnas indonesia. lima pemain ini buktinya.,,2022-02-17 06:30:00+00:00
"saya sebetulnya malas membahas naturalisasi instan dengan dalih kepentingan negara demi timnas indonesia. tapi, penolakan dari 3 pemain baru-baru ini menunjukkan kebijakan ini tidak dirancang dengan baik. kalau memang serius, tirulah turki.",0.0,2022-02-19 06:16:23+00:00
buat yang familiar sama pssi/sepak bola indonesia: pemain naturalisasi itu mereka naturalisasi jadi wni nya lewat prosedur normal kah? ato ada semacam fast track/jalur khusus?,1.0,2022-02-19 09:56:06+00:00
"waduh, tahu gini dulu kagak usah dinaturalisasi sih kalau minim kontribusi untuk timnas indonesia.",0.0,2022-02-19 12:10:00+00:00
"timnas indonesia mungkin bisa dicoba, daripada dibacotin sama kaum rahayu cuma bisa naturalisasi pemain doang. ya setidaknya bisa jadi macan asia lagi lah.",0.0,2022-02-19 17:35:01+00:00
"tinggal 1 slot naturalisasi, apakah mattew steenvoorden? yang jelas steenvoorden sudah lama ingin bela timnas garuda. bola berada di kaki coach sty, tinggal mau mengumpan ke steenvoorden apa pemain lain.",1.0,2022-02-22 08:01:29+00:00
gak sengaja lihat rencana naturalisasi pemain2 keturunan buat maen di timnas bola. akusih tim ga peduli ya klopun misal starting eleven pemain naturalisasi smua wkwk. trus pasti ada yg nyinyir lah beda kualitas lah sama pemain lokal gabisa disamain. laahh?? aneh wkwk,2.0,2022-02-25 02:19:41+00:00
"sama seperti jordi amat, jika kemarin kevin diks jadi di naturalisasi kemungkinan akan menemui kendala seperti ini diks terkir kali membela timnas belanda saat usianya di atas 21 tahun pada 2018 tapi kalau lihat case munir kedua pemain di atas bisa membela timnas indonesia",,2022-02-25 09:53:09+00:00
"anjir bocor di podcast wkwkwk naturalisasi timnas bola ambil emil audero/kiper sampdoria wkwk padahal dulu sempet viral , tolak mentah2 timnas indo wkwk",,2022-03-01 15:00:41+00:00
timnas indonesia dapat keuntungan jika naturalisasi emil audero,2.0,2022-03-02 14:10:09+00:00
lagi ngomongin naturalisasi di pos kiper timnas. yang namanya mu tetep kena senggol,0.0,2022-03-03 02:29:35+00:00
emil kalo ke timnas sih ga ada kendala di aturan fifa harusnya. tinggal liatin akta kelahiran aja. ya sama koordinasi dgn figc krn caps di italy junior. cyrus kalo udah pegang paspor sini juga aman. kalo belum pegang dan skrg pegangnya paspor us sih kyanya harus naturalisasi.,1.0,2022-03-04 01:32:24+00:00
sepak bola indonesia tidak akan maju selama: 1. wasite buluk 2. gelat gelut wae 3. supporter do padu 4. supporter kencing sembarangan di stadion 5. klébété ra paham offside 6. pssi masih kayak gitu 7. kalah ngamuk 8. stres naturalisasi 9. tambahono dewe sakterusé...jik akeh,0.0,2022-03-08 02:19:09+00:00
"memang calon pemain naturalisasi yang satu ini, paket komplit. attitude bagus, skill kuereenn, dan satu lagi, cinta indonesia banget. lancar nyanyi indonesia raya di kbri brussel ditunggu debutnya bela timnas garuda di kualifikasi piala asia 2022.",2.0,2022-03-08 13:13:31+00:00
"prestasi timnas kurang jos, pakai pelatih asing dan naturalisasi pemain. kinerja wasit sarat kontroversi, wasit asing disiapkan jadi solusi. sebenarnya, ini kebijakan yg normal. toh, ketuanya kan bule. iwan bule. kapan ini exco pssi atau pt lib-nya orang asing juga? ooops.",,2022-03-08 14:29:31+00:00
"eh itu pemain yang mau di naturalisasi njamin timnas dapat prestasi, mari berdiskusi mbang gabut ~",,2022-03-08 17:59:41+00:00
"teja, kalo warga negara itali, donnarumma juga bakal jadi cadangannya, jadi lu gausah cape-cape naturalisasi si emil buat jadi kiper timnas. emil biar fokus di jabar aja.",,2022-03-09 16:02:00+00:00
"timnas indonesia perlu ditingkatkan agar kompetisi terdongkrak lebih baik, caranya? naturalisasi pemain!",,2022-03-10 09:45:05+00:00
"ngga salah dong mempertimbangkan orang yg cinta indonesia dari pada ngajak orang yang sok paling hebat. segera naturalisasi saja. penyebab cyrus margono pilih timnas indonesia ketimbang iran, alasannya menyentuh hati! lewat",,2022-03-13 15:56:23+00:00
"diharapkan, dengan pemain naturalisasi, timnas indonesia wajib berprestasi. selengkapnya: timnasindonesia",,2022-03-15 10:56:11+00:00
"stop polemik naturalisasi, lihatlah dari timnas prancis!",2.0,2022-03-17 08:55:34+00:00
"timnas italia yang berprestasi aja ngga alergi sama naturalisasi kalo emang lagi butuh kok, timnas indonesia yang nir-prestasi dan manajemennya nggak kompeten kok alergi naturalisasi",0.0,2022-03-18 18:02:45+00:00
"otd 23 maret 2013 sergio van dijk debut bersama timnas indonesia. tiga bulan kemudian, ia ikut laga uji coba vs belanda. setelah dua pertandingan, van dijk hilang bak ditelan bumi. naturalisasi harus beriringan dengan pembinaan dan pengembangan pemain muda lokal.",0.0,2022-03-23 15:22:38+00:00
"sing penting sponsor masuk, denda pemain dan klub, timnas naturalisasi. wes. yg lain urusan tuhan wkwk",0.0,2022-04-02 00:36:02+00:00
simple aja 5 timnas 2 naturalisasi 4 asing gitu ya dik rumus lu dulu?,1.0,2022-04-03 06:36:05+00:00
semoga di naturalisasi timnas garuda,2.0,2022-04-03 21:06:39+00:00
pemain berlebel timnas can tentu alus di klub. percuma pemain naturalisasi nu timnas tapi kualitas kurang pantes. pilih sesuai kebutuhan dan karakter yang di butuhkan tim dan pelatih. tong loba teuing kalem kaburu meunang pemain sesa supres2maderpakerlah!,0.0,2022-04-04 04:45:05+00:00
naturalisasi buat timnas ga siee,,2022-04-04 06:23:11+00:00
"naturalisasi kebutuhan klub cepet, giliran naturalisasi keturunan rekomendasi dari pelatih timnas lamanya kek puasa emyu",0.0,2022-04-05 05:47:49+00:00
"dari 35 pemain naturalisasi, hanya empat nama yang tembus dua digit penampilan bersama timnas indonesia. bahkan, hanya gonzales dan lilipaly yang mencapai kepala dua. sisanya, gagal dengan bermacam alasan: usia menua, tak sesuai kebutuhan pelatih, hingga hilang tanpa kabar.",0.0,2022-04-05 09:20:46+00:00
"dibagi lg ndit, yg emang sengaja naturalisasi buat kebutuhan timnas siapa aja. kalo liat kayaknya banyak yg emg ngurus sendiri ya krna faktor sudah memenuhi syarat pindah wni",1.0,2022-04-05 09:27:27+00:00
dia itu jatohnya naturalisasi apa ketururnan sih bang? soalnya kan kaya jepang tuh kalo gasalah timnas futsalnya ada kiper asing asal eropa atau amerika latin kalo gasalah deh,1.0,2022-04-05 12:42:58+00:00
posisi erling dedik sbg striker lokal non naturalisasi di timnas akan terusik kayanya,1.0,2022-04-06 07:14:34+00:00
"tiap liat/baca respon pemain naturalisasi yg semangat bwt gabung timnas tuh rasanya kek terenyuh, bangga aja liat nasionalis mrk",,2022-04-07 09:08:04+00:00
bambang bayu septiaji opo di naturalisasi sm timnas myanmar min?,1.0,2022-04-08 09:39:08+00:00
ini kiper timnas naturalisasi ya? tapi passionnya keren banget anjirrr respect,2.0,2022-04-10 11:44:59+00:00
"katro,mental jadul. gausah sok,tim nasional peringkat 1 sampe 10 besarpun banyak pemain keturunan,kita siapa? timnas peringkat 160 aja kok belagu. baca berita bang,pemain naturalisasi yg dulu2 itu pemain mana? ya pemain tim liga indo,klub2 bobrok. jgn samain sama yg skrg",0.0,2022-04-10 19:13:09+00:00
"baca berita bang,bedain naturalisasi kebutuh klub sama timnas,kalo klok,igbonefo,walian,van dijk,bio paulin,gonzales,beto dll itu cuma level liga indo aja,liat yg skrg,pemain klub liga atas dunia,kalo mau koar2 harus liat2 dulu bang wkwk",1.0,2022-04-10 19:14:43+00:00
ngga sreg sih timnas diisi pemain naturalisasi..,0.0,2022-04-11 06:44:10+00:00
"iya, ini bek naturalisasi baru timnas indonesia. pernah ketemu mane.",,2022-04-11 07:35:31+00:00
wah kaget kirain proyek naturalisasi ini buat kepentingan timnas ternyata buat klub. sesuatu yg belum pernah terjadi di sepakbola indonesia ini.,0.0,2022-04-11 17:04:09+00:00
"udah di naturalisasi malah ke indo, alamat ga lama kepake di timnas..",0.0,2022-04-11 21:43:05+00:00
percuma naturalisasi tapi langsung main di liga dagelan. kualitas permainannya pasti akan menurun dan kontribusi di timnas dikhawatirkan minim seperti pemain naturalisasi sebelum2nya. pantesan langsung didatengin ke luar negeri tau2nya ada klub lokal yg udah mau nampung wkwk,0.0,2022-04-12 01:17:13+00:00
"lah jauh jauh cari naturalisasi di eropa biar timnas main bagus, malah pemainnya mau main di liga lokal",0.0,2022-04-12 01:23:37+00:00
"naturalisasi untuk kepentingan timnas naturalisasi untuk kepentingan klub circle family, klub exco, (digilir)",0.0,2022-04-12 02:31:22+00:00
"ternyata naturalisasi juga buat kebutuhan klub, bukan cuma kebutuhan timnas.",1.0,2022-04-12 03:32:32+00:00
naturalisasi untuk timnas apa untuk klub jadinya bol ??,1.0,2022-04-12 04:03:12+00:00
"setelah naturalisasi dan main di liga indonesia, gak dipanggil2 timnas lagi",0.0,2022-04-12 04:37:41+00:00
"lah emang tujuannya gitu bang, pemain asing di naturalisasi demi kepentingan klub bukan demi timnas. jadi jangan heran naturalisasi jordi bakaaln di percept biar bisa di here we go salah satu tim liga terbaik sejagad alam semesta",0.0,2022-04-12 05:53:51+00:00
"yhaaa kirain naturalisasi dia untuk timnas, ternyata untuk kepentingan klub lokal lagi wkwkwkwk",0.0,2022-04-12 06:24:57+00:00
timnas dan naturalisasi adalah akademi mbali united,0.0,2022-04-12 11:15:38+00:00
"sah mah emang sah, yg dibahas ini kan tujuan naturalisasi nya. jadi bukan untuk memperkuat timnas, tapi biar club gak perlu pake jatah pemain asing untuk pemain yg punya kualitas pemain asing",0.0,2022-04-12 11:52:58+00:00
"tolong bisikin bang, please jngn sampai main di liga wakanda. tantangannya ga ada dan cuma mengecewakan pendukung timnas yg mendukung naturalisasi.",0.0,2022-04-12 15:17:43+00:00
"yang di untungkan klub bukan timnas klo cuma maen di indonesia. naturalisasi itu harus menguntungkan timnas, jd maen ttp di luar negeri",0.0,2022-04-13 01:35:06+00:00
"oke gw tangkep maksud lo, berarti maksud lo tujuan naturalisasi itu harusnya buat punya pemaen indo yang maen reguler di eropa gitu ye? sorry bos ekpektasi gw beda nih harapannua dia punya pengaruh besar ke timnas or pemaen indo pas maen/luar lapangan itu aja broo.",0.0,2022-04-13 05:59:01+00:00
"kalo jordi amat jd main di liga 1, sebaiknya program naturalisasi di stop, udah jelas liga eropa itu lebih kompetitif dibanding liga lokal, sebenernya program naturalisasi ini program u/ timnas atau u/ klub sih",0.0,2022-04-13 06:13:02+00:00
"gw juga heran sama pikiran lo, buat gw yang pernah liat essien, odemwingie, sissoko maen di liga indonesia aja liatnya biasa aja. ekpektasi lo buat naturalisasi emang beda bos bukan buat timnas tapi reguler maen di eropa. itu aja bedanya",,2022-04-13 06:44:48+00:00
"tong jauh2 eta si ezra jordi amat kan mantan pemain timnas junior, da mun konsisten kapake nepi senior mah cadu tah moal mungkin daek di naturalisasi ka indonesia",1.0,2022-04-13 14:38:42+00:00
bisa buat naturalisasi starting ix timnas yg bisa jadi juara dunia.hahaha,,2022-04-13 21:39:56+00:00
ini yang pada di naturalisasi udah pasti masuk skuad timnas ya bre?,,2022-04-14 05:07:12+00:00
"kalo emang banyak pemain naturalisasi dan mereka yang diprioritasin buat timnas, semoga aja pemain lokal kita jadi berambisi buat abroad",2.0,2022-04-14 05:27:19+00:00
"banyaknya pemain naturalisasi, harusnya jadi pelecut bagi pemain lokal buat ningkatin kualitas agar bisa bersaing masuk ke timnas.",2.0,2022-04-14 06:08:39+00:00
"this, udah lah, ga capek-capek ngingetin para produk naturalisasi atau keturunan untuk jauh-jauh dari liga indonesia!!! you guys will be okay out there, dan berkembanglah di sana untuk membangun timnas indonesia yang berkualitas tinggi!",2.0,2022-04-17 11:25:00+00:00
andai semua pemain bola di dunia bisa di naturalisasi. sebut 3 nama pemain yang kamu pengen buat berkostum timnas indonesia! sejamsebelumbuka,1.0,2022-04-18 10:00:13+00:00
"kalau disini agak mending bro, yg pemain lokal dan yg pemain muda² diberi kesempatan main. jd lumayan buat aset timnas. kalau kebanyakan naturalisasi krg bagus jg",0.0,2022-04-18 20:08:30+00:00
"sama halnya di timnas rugbi hong kong (non bola), mayoritas 99% diisi pemain naturalisasi dan cuma 1 pemain dari lokal*. *data skuad dari 2018",1.0,2022-04-19 12:24:18+00:00
sudah yg kesekian kalinya naturalisasi pemain timnas tp kejuaraan yg di ikuti blm juga dpt diraih naturalisasibukansolusi,0.0,2022-04-19 14:05:08+00:00
bikin aja timnas naturalisasi,1.0,2022-04-19 14:09:24+00:00
"...ada baiknya mmg mereka ini dipantau dan diseleksi utk naturalisasi, toh mereka punya hak juga membela timnas, di sisi lain kompetisi nasional utk usia 18-20 thn tetap jalan biar ada iklim kompetisi dari kategori ini jadi ya hanya yg terbaik utk membela timnas (u19 s/d u21)..",2.0,2022-04-19 14:41:41+00:00
"aji mumpung sbnrnya ni, moga bkn jd bancakan proyek oknum2 pssi buat nyari cuan jd calo paspor wni, yg pasti naturalisasi baiknya sesuai kebutuhan head coach timnas aja. pssi tugasnya sbg federasi y urus grassroot, kordinasi sm kemenpora kemendiknas buat turnamen pelajar",0.0,2022-04-19 17:14:59+00:00
saya tertarik membahas naturalisasi pemain asing di liga 1 pak . mereka sangat bermanfaat untuk meningkatkan level permainan klub dan meningkatkan level liga 1 di level asia. syukur-syukur bisa untuk timnas tp mereka difokuskan untuk meningkatkan level klub. (1),2.0,2022-04-20 13:27:45+00:00
"naturalisasi mungkin akan memperbaiki performa timnas, tapi tidak membuktikan apa² tentang proses membangun persepakbolaan di indonesia. pssi timnasindonesia",0.0,2022-04-20 15:36:14+00:00
"ngga ada naturalisasi diplomat apa ya? seperti gagal jadi diplomat indonesia, lulusan hi ini memutuskan mendaftar sbg diplomat di negara x di eropa kaya pemain bola kalo ngga masuk timnas asalnya maka milih timnas lain, yg penting main bola internasional",0.0,2022-04-21 04:31:00+00:00
"gw bingungnya disitu. kok terkesan terbalik prosesnya. brt klo skedar naturalisasi sgt gampang sbnarnya. yg jd masalah g bisa main di timnas. di berita utk walsh dan jordy pdhl baru ngajuin pindah aja terkesan sulit krn dokumennya kurang, mgkn krn negaranya bukan belanda kyk klok",,2022-04-21 13:50:06+00:00
bisa jadi lent. waktu naturalisasi eranya fano cs. animo masyarakat utk timnas lagi menurun pasca gagal di aff 2010 dan seag 2011. pas ezra bgtu juga trus ekspos media memang tidak semasif sekarang,1.0,2022-04-22 10:47:38+00:00
"tapi bener emang paling gacor striker naturalisasi ya beliau, umur sudah masuk masa pensiun aja masih oke kok maen di timnas maupun liga indonesia. dan beneran cinta indonesia",2.0,2022-04-22 12:28:48+00:00
"gak semuanya, ezra naturalisasinya gak 5 tahun. mark klok juga kurang 5 tahun udah dapet naturalisasi walau belum bisa main buat timnas indo.",1.0,2022-04-22 13:37:55+00:00
bedain aturan uu kewarganegaraan indonesia sm aturan fifa. klok lolos syarat naturalisasi dasar hukumnya uu kewarganegaraan tp ga lolos main di timnas krn terbentur aturan fifa. di gak bisa buktiin punya keturunan indo makanya harus munggu 5 taun br bisa main di timnas.,1.0,2022-04-22 16:20:50+00:00
bapak ga liat dokumen naturalisasi ditahan sm dept bapak ? nyata didepan mata timnas mau dibantai,0.0,2022-04-25 22:12:50+00:00
"naturalisasi pemain itu untuk meningkatkan standarisasi pemain level timnas, kalo pemain lokal gk bisa ngikutin standar yg tinggi ya jangan harapin pemain itu",0.0,2022-04-28 02:12:05+00:00
"ada anak bertanya pada ayahnya, mengapa ada pemain naturalisasi?",0.0,2022-05-01 00:01:41+00:00
"emang udah benar marc klok di naturalisasi demi kepentingan club aja, kalau untuk timnas? gak dulu",0.0,2022-05-06 13:42:08+00:00
pentingnya naturalisasi pemain eropa di timnas indonesia terlihat di match ini.,2.0,2022-05-06 13:47:08+00:00
"berita timnas kemarin2 rame soal perekrutan naturalisasi, terus pemain indonesia yg main di luar negeri, kirain dgn begitu timnas nya ada perubahan membaik, ga taunya kok malah tambah jelek sih?",0.0,2022-05-06 13:47:41+00:00
"ya padahal udah ada si best player senior hasil naturalisasi, dia ngapain aja? kalo gue jadi rio fahmi sih ga bakal down, lagian yang bully juga bukan supporter timnas indonesia, tapi supporter timnas myanmar.",0.0,2022-05-07 03:28:37+00:00
"banyak pemain naturalisasi yg un faedah, naturalisasi hanya dibuat akal akalan, mengakali kuota pemain asing. tidak ada dampak signifikan buat timnas indonesia.",0.0,2022-05-07 04:29:43+00:00
klok ini hanya pemain naturalisasi yang di peruntukan kebutuhan klub buka untuk timnas,,2022-05-10 12:48:15+00:00
masih nggak paham urgensi naturalisasi marc klok buat timnas.,0.0,2022-05-13 10:16:10+00:00
naturalisasi masih satu-satunya cara buat naikin level timnas sampai pssi punya program jangka panjang yang jelas terkait pembinaan usia muda dan kualitas liga yang bagus.,2.0,2022-05-16 12:35:49+00:00
"gas gas. ga usah mikirin pemain lokal yg protes kebanyakan naturalisasi katanya~ karena kalo ga ditrigger begini, bakalan jalan ditempat doang mereka, ga mau maju dan abroad kalau emang pengen ke timnas..",0.0,2022-05-19 00:48:18+00:00
"sakit yang tak berdarah yang terhormat pengurus federasi sepak bola indonesia, kira2 mau sampai kapan sepakbola kita seperti ini? bkn salah pelatih atau pemain, tp yg slh yg ngurus sepakbola..apa perlu kita naturalisasi pengurus sepakbola luar, biar ngurus sepakbola disini",0.0,2022-05-19 11:59:14+00:00
"pelatih sudah kualitas tinggi, ada pemain naturalisasi, tapi timnas tetap gak juara. sebenarnya, salahnya di mana sih?",0.0,2022-05-19 12:14:31+00:00
timnas itu udh paling bener naturalisasi minimal 11 pemaen liga eropa jadiin inti semua,2.0,2022-05-19 12:25:13+00:00
"saya sih sudah memprediksi indonesia tetap gak akan berbicara banyak di cabang sepak bola meskipun memiliki pelatih hebat. sistem kompetisi yang jelek pasti akan berujung pada timnas yang loyo. sty mencoba shortcut dengan naturalisasi, tetap gagal total.",0.0,2022-05-20 03:13:06+00:00
"kegagalan timnas indonesia, posisi nyeleneh irianto dewangga, menanti peran pemain naturalisasi",0.0,2022-05-20 05:36:59+00:00
"kelemahan timnas indonesia era sty itu di lini belakang.. butuh pemain berkualitas, ya dengan naturalisasi ini.. sty cerdas.. naturalisasi bukan milih striker, tp milih bek.. moga segera turun tuh naturalisasi nya.. gass uji coba lawan sepadan.. asli bakal kuat indonesia..",2.0,2022-05-20 15:38:32+00:00
"bubarkan saja liga 1, timnas isi naturalisasi semua",,2022-05-21 09:06:14+00:00
"dengan hanya seaba championship 1996 sebagai gelar juara yg pernah diraih timnas indonesia, maka iya marques naturalisasi pertama",1.0,2022-05-22 14:53:55+00:00
"trio klok-lilipaly-kambuaya di lini tengah timnas?? gak jd naturalisasi jordy wehrmann, sty panggil lilipaly yg kurang lebih pny tipe main yg sama. pilihan menarik!",2.0,2022-05-25 11:28:14+00:00
gini amat timnas yang naturalisasi gw,,2022-05-28 02:50:44+00:00
"ingat target tinggi di timnas, ekspektasi dari naturalisasi pun tinggi",1.0,2022-05-28 12:03:13+00:00
"biaya agen naturalisasi, biaya pesawat ke indonesia, biaya htm ngisi list latihan bareng timnas, biaya hotel di indonesia dll bisa direfund ga?",0.0,2022-05-30 10:21:45+00:00
"-rek lek misal e ono pemain bola umur e masih dibawah 21 thn tapi udah main di timnas u23 luar negeri, trs nanti kan pas umur e udah 21 thn bisa milih sendiri jadi wn mana, menurut aturan fifa gausah naturalisasi kan?? soal e aku tau moco selama masih main di timnas (cont..)",1.0,2022-05-30 15:35:10+00:00
"main di klub2 top lokal, gaji gede, followers banyak, endorse banyak, bagi mereka mah segitu aja udah cukup yang penting udah bikin bangga orang tua dan diri sendiri, masuk timnas mah bonus mangkannya mending banyakin naturalisasi aja, biasanya naturalisasi lebih nasionalis",,2022-06-03 08:38:32+00:00
"belum dinaturalisasi, sandy walsh kecewa tak bisa bela timnas indonesia: calon pemain naturalisasi sandy walsh belum bisa memperkuat timnas indonesia saat melawan kuwait di kualifikasi piala asia 2023",1.0,2022-06-05 04:35:02+00:00
setuju rizky ridho sih. cuma tetep klok walaupun pemain naturalisasi keliatan banget semangatnya buat bela timnas indonesia. marc klok u got my respect.,,2022-06-08 18:30:32+00:00
pantes timnas sepakbola indonesia sukses banget. pemaennya hasil naturalisasi semuaaa... ngga ada pemaen lokal..,0.0,2022-06-10 02:55:13+00:00
"timnas tidak akan menang bahkan level aff walaupun pelatihnya pep guardiola dan naturalisasi messi ronaldo selama pssi masih diisi orang yang berinvestasi untuk revenue politik. berat sekali beban sty, selain mengurus timnas mengurus drama dan menghadapi pengurus pssi.",0.0,2022-06-11 22:59:52+00:00
fokus naturalisasi jordy amat sandy walsh dan shane pattynama agar timnas garuda jangan jadi bulan2an di piala asia.bravo coach shin tae yong.pelatih hebat yg bisa menemukan strategi jitu utk garuda walaupun pemainnya berasal dari liga indonesia yg kurang bermutu,2.0,2022-06-15 01:16:20+00:00
"in shin tae yong we trust!! tebar ancaman dulu aja. walau secara permainan belum memuaskan namun dengan skuat muda, naturalisasi dan banyaknya pemain tampil di luar negeri, timnas pasti diperhitungkan lawan lawan di piala asia 2023. komentar kalian lob? bolalobfootball",,2022-06-15 06:18:33+00:00
"kalo beneran mau nyalon di jabar, coba lakuin 3 hal ini dulu, pertama naturalisasi semua pemain rekomendasi sty yg udah mau main di timnas (minimal yg udah masuk list dulu, sandy, jordi, sama shyane buat yg senior, jim corque dkk buat yg u19), kedua coba usahain jadi -",2.0,2022-06-15 11:04:31+00:00
pemain naturalisasi buat timnas indonesa semakin kuat,2.0,2022-06-16 23:13:06+00:00
"dari ignya pak ha, “menatap harapan bersama netizen timnas (naturalisasi please )” si bapak mungkin berharap dari joe biden buat menemukan para pemain ncaa buat timnas putri",0.0,2022-06-21 00:53:38+00:00
gapapa. nanti mail kita naturalisasi buat jadi timnas sepak bola indonesia.,0.0,2022-06-22 14:09:32+00:00
"ada yang masih ingat dengan jhonny van beukering? ya, dia adalah mantan pemain naturalisasi timnas indonesia. lama tak terdengar, beukering kini menjadi perbincangan. terkait pengakuannya saat ini yang bekerja sebagai satpam di klub striptis.",1.0,2022-06-23 00:00:29+00:00
jangan terlalu sombong .komentar nya yang sopan dan santun dan jangan menyinggung atau meremehkan timnas indonesia karena timnas indonesia jadi kebanggaan rakyat indonesia .klw tidak mau anak nya emil audero di naturalisasi oleh pssi.jawab dgn komentar sopan dan santun,0.0,2022-06-24 05:22:41+00:00
"beberapa tahun terakhir, tiap kali timnas ngumumin pemain yg dipanggil, gua gatau siapa strikernya yg emang murni nomor 9. sekalinya tau, pasti keturunan campuran atau naturalisasi. terakhir gua tau setelah bambang pamungkas sama boaz tuh ya... yongki aribowo",1.0,2022-06-24 15:00:38+00:00
"langkah timnas sekarang pun sebenarnya juga bagus, punya pelatih bagus semacam sty, proyek pemain naturalisasi semacam jordi amat, dan regenerasi pemain macam marselino, rizky ridho, pratama arhan, sudah on the track.",,2022-06-25 03:21:08+00:00
"so far emg baru sandy walsh yg pindah jadi wni karena emg pure mau jadi pemain timnas, pemain naturalisasi yg lain kebanyakan ada udang dibalik bakwan",,2022-06-25 11:35:19+00:00
"kami selalu pencinta bola kususnya timnas indonesia, mohon semua para pemain yg di rekomendasikan sty yg di naturalisasi kan cepat2 di selesaikan baik yg senior / junior, biar keinginan kami terlaksana, ingin timnas indonesia senior / junior, jadi juara dan ber prestasi",2.0,2022-06-26 09:09:19+00:00
"timnas kita terbiasa melihat sepak bola dgn kacamata hasil, cara instan ditempuh. rekrut pelatih ternama (klo sty dan milla bisa disebut ternama), naturalisasi yg mubajir (hanya klok yg berfungsi, lilipaly lumayan), dan terakhir liga 1 dibanjiri pemain luar.",0.0,2022-06-27 10:50:08+00:00
"kecewa sih pasti sama jordi amat tapi ya bagaimana lagi, itu sudah pilihan dia takutnya orang yg gak suka naturalisasi bakalan menggoreng ini sampai ke depan dan bisa mencoreng pemain yg memang niat buat bela timnas semoga jordi bisa menunjukkan performa terbaiknya di timnas",2.0,2022-06-27 15:46:21+00:00
"coach sty bukan pelatih timnas kaleng2, ini salah satu pembuktiannya !, sepakbola harus dibenahi dari dasar, lapangan gembala sapi, mentalitas, kualitas liga dll, bukan mikirnya selalu instant, naturalisasi dll coba berkaca dari cambodia dong garuda",2.0,2022-06-27 16:51:42+00:00
"timnas indonesia diyakni bakal rugi besar jika tak naturalisasi jordi amat, benar gak sih?",,2022-06-28 07:01:10+00:00
"timnas indonesia diyakini bakal rugi besar jika tak naturalisasi jordi amat, benar gak sih?",,2022-06-28 14:30:00+00:00
"naturalisasi itu untuk kepentingan timnas. gak akan mengubah fakta jordi mainnya untuk timnas indonesia. dia main ke jdt sebagai pemain asean, ya itu hak warga negara indonesia. masa wni tp gak dianggap pemain asean. tolol amat lo pada.",0.0,2022-06-29 04:34:23+00:00
"kasihan sandy walsh sama shayne pattynama yg kena imbas nya, padahal mereka itu tulus loh di naturalisasi dukung timnas indonesia",2.0,2022-06-29 10:15:22+00:00
"artinya dia sebenarnya mau naturalisasi bukan pure untuk bela timnas indonesia. kita suporter mau dia bela timnas dengan tetap menjaga kualitasnya bermain di liga yang oke dan lebih kompetitif. kalo cuma buat pribadinya dia, ya mending develop rizki ridho aja sama baggot.",0.0,2022-06-29 10:54:23+00:00
"bisa tidak orang di federasi, pemerintah dan pelatih timnas yang meyakinkan pihak yang tidak setuju bahwa naturalisasi pemain lain atau yang selanjutnya tidak menimbulkan masalah baru ?. kalau tidak, kasihan pemain keturunan yang memang tulus ingin bermain untuk timnas indonesia.",0.0,2022-06-29 10:55:07+00:00
"bisa dikatakan begitu, jordi amat yg banyak orang gatau tiba² pengen bela timnas indonesia, dan yg mantau kalo jordi ini ada darah indonya ya orang jdt juga, pdhl mah gpp itung² bales budi. sebenarnya ga ada ruginya kita naturalisasi jordi, banyak manfaatnya malah, cuma netizen-",2.0,2022-06-29 10:59:02+00:00
yee kocaq wkwk akhirnya pecah jg suporter timnas lagi lagi masalah naturalisasi vs anti naturalisasi wkwk,,2022-06-29 11:13:26+00:00
"johor dt itu tim terbaik asia tenggara loh, pernah juara afc, dan rutin main di liga champions asia. rasa2nya bermain disana pun masih 2-3 level lebih baik daripada main di liga lokal. 2 gelandang naturalisasi timnas indonesia aja main di liga lokal.",1.0,2022-06-29 11:22:30+00:00
"masalah jordi amat yg gabung jdt itu sebenrnya sih ya hak dia mau pilih mana. cuman ngw masih jengkel, kok undang-undang indonesia dipake kepentingan pribadi, bisa bisa nya naturalisasi diakalin sama pihak luar gitu cuman yaudah semua udh terjadi, semoga bagus di timnas",,2022-06-29 11:34:35+00:00
"wkwkwkwk kudunya sepak bola indonesia mawas diri, kalo emang federasi, liga dan timnya punya kualitas ya jordi amat gak bakal ambil pusing buat nerusin karir di indonesia. mau di stop naturalisasi ya bodo amat yg penting semua aspek yg disebutin jordi terpenuhi",0.0,2022-06-29 11:38:07+00:00
"ga usah terlalu sibuk urusin pemain naturalisasi, terserah dia mo main dimna yg jelas tdk malu2in negara n slalu siap kalo internasional calling. mending klian para penguasa prbaiki tuh sarana n prasarana timnas indonesia. mo lihta negara berprestasi tp fasilitas tdk ada. berak!",0.0,2022-06-29 11:50:53+00:00
"kalau pelatih butuh naturalisasi tetap lanjut, gak mungkin pelatih milih secara acak untuk mencari pemain naturalisasi, jordi amat dipilih pasti karena dia punya kualitas, kita lihat saja seberapa berpengaruhnya jordi amat di timnas indonesia",,2022-06-29 11:53:06+00:00
"akan jadi pertaruhan besar buat jordi amat ke jdt, selain buat pribadi, tapi buat timnas indonesia. simpelnya indonesia butuh bek berkualitas, dan jordi ga bisa mempertahankan kualitasnya, ya indonesia sia² naturalisasi dia.",0.0,2022-06-29 12:05:02+00:00
"kalo dia ngga dimaenin di sana atau jadi camat, baru deh ngga usah naturalisasi. selama dimaenin dan emang diperuntukan ngisi starting di timnas. why not?",2.0,2022-06-29 12:16:51+00:00
"dari zaman dulu juga mayoritas pemain timnas isinya anak muda indonesia, sampe sekarang juara aff juga gak bisa. naturalisasi itu solusi jangka pendek, harusnya dpr mendorong pssi untuk membenahi pembinaan dan infrastruktur.",0.0,2022-06-29 12:39:30+00:00
"dahulu, segelintir publik berharap timnas indonesia diisi oleh pemain naturalisasi yang berkualitas. fisik dan skill yang lebih mumpuni, menjadi yang dicari dan menjadi alasannya. jordi amat jelas memenuhi kriteria itu. sayang, ia kesandung masalah dgn segelintir netizen. mc",2.0,2022-06-29 13:15:47+00:00
"bahkan menurut istrinya yang juga agennya, ada keluarganya meninggal gogon rela ga pulang ke negaranya agar syarat menetap di nkri 5 tahun itu ga hangus. dan terbukti, sampai saat ini cuma gogon pemain naturalisasi yang prosesnya natural ini yang tenaganya untuk timnas kerasa!",2.0,2022-06-29 13:16:05+00:00
"gua setuju timnas naturalisasi bule-bule asing di liga eropa sana! tapi bubarkan pssi, karena ga ada gunanya! mereka ga bisa bikin kompetisi yang tujuannya untuk mendapatkan pemain timnas yang bagus!",0.0,2022-06-29 13:32:04+00:00
"kalo gonzales msh muda udah di naturalisasi, pasti lebih jagor maen di timnas",2.0,2022-06-29 13:37:09+00:00
cancel !!!! standar naturalisasi untuk timnas harus tinggi. kalo cuma main di jdt saya pun bisa ganti amatkecewa di timnas,0.0,2022-06-29 13:46:00+00:00
"jika naturalisasi pemain timnas indonesia bisa, dan di harapkan lebih baik dan instan, apakah bisa naturalisasi pejabat agar lebih baik dan instan ? indonesia butuh pejabat naturalisasi !! agar bisa mengatasi harga minyak goreng, bbm, cabe, membuka pekerjaan dll timnas",0.0,2022-06-29 14:13:14+00:00
"pro kontra ini terjadi karena trauma masa silam thd kebijakan naturalisasi yg tidak berujung prestasi dan bukan mengedepankan kepentingan timnas semata. trauma itu terjadi karena berkali-kali disakiti dan berkali-kali dikhianati. hebatnya, meski begitu tetap cinta. luar biasa.",2.0,2022-06-29 14:27:07+00:00
"mempunyai darah keturunan itu syarat pemain naturalisasi yang diminta oleh regulasi fifa, jika ga punya darah keturunan atau silsilah keluarga fifa juga mewajibkan minimal 5 tahun tinggal di negara bersangkutan. cek kasus marc klok ya pas dilarang fifa membela timnas.",,2022-06-29 14:28:46+00:00
"sungkem lah sama beliau. selain naturalisasi nya bener, kontribusi beliau jg bener ke timnas",2.0,2022-06-29 14:40:38+00:00
"inti dari komen anda itu ya di bagian hanya kita belum bla bla. terlepas dari jordi yg ke jdt, gue tau orang2 seperti anda ini anti naturalisasi. kata2 andalannya palingan, dari sekian banyak penduduk indonesia, masa ga ada yang bisa jadi pemain andalan timnas? klasik",0.0,2022-06-29 15:22:21+00:00
"gak ngerti lagi sama orang2 di negri ini. ribetin keputusan orang cuma gara2 iri karena pihak lain lebih baik. mau naturalisasi messi, cr atau siapapun yg lu anggep bagus juga gak akan bisa bikin timnas ini juara piala dunia.",0.0,2022-06-29 15:57:54+00:00
"menurut pendapat gw, syarat naturalisasi yang diajukan oleh federasi olahraga itu pemainnya harus jago (banget). dan dilakukan untuk kepentingan timnas . oh iya, satu yang pasti. surat-suratnya harus lengkap dan prosedurnya diikuti dengan baik.",1.0,2022-07-01 02:08:47+00:00
ini akun2 yg ngaku2 pecinta sepakbola indonesia n bikin petisi batalkan naturalisasi bgst banget yach..ga ada relasinya dia gabung suatu club dg keinginan dia menjadi timnas. justru biar terbiasa bermain dg pemain2 asia yg jd lawan timnas di kualifikasi2 regional..,,2022-07-01 06:48:16+00:00
"2. sering berganti pelatih praktis pergantian pelatih yg terlalu sering membuat pemain2 terus berganti masuk timnas, ga cuma naturalisasi, pemain lokal pun begitu. menyesuaikan selera dan kebutuhan pelatih.",0.0,2022-07-02 00:38:31+00:00
"mulai dari jaman luis milla, kebijakan timnas senior berubah. karena fokus kepada pada asian games, sering timnas senior diisi pemain2 u23, sehingga jatah pemain senior berkurang. ini juga membuat pemain naturalisasi yg sudah senior tidak masuk squad.",,2022-07-02 00:40:07+00:00
"padahal bisa salah pssi yg selalu kisruh sehingga timnas jadi ga optimal. makan2 sebelum final, pssi-kpsi, dibanned fifa, pemecatan luis milla sebelum aff. itu aja udah andil pssi yg membuat timnas tidak optimal. kemudian pemain2 naturalisasi ini yg jadi kambing hitam.",0.0,2022-07-02 00:47:32+00:00
"asal scouting dgn benar, di umur yg tepat dan sesuai kebutuhan pelatih, naturalisasi itu bisa jadi alat pelengkap timnas menjadi timnas yg lebih baik lagi",,2022-07-02 00:54:11+00:00
"naturalisasi yang diendorse federasi itu kepentingannya cuma satu, untuk kebutuhan timnas. harus spesial . kalau emang niat mau jadi wni, ikutin aja aturan uu utk mengajukan kewarganegaraan jalur keinginan sendiri bukan jalur kebutuhan negara",,2022-07-02 01:11:53+00:00
"sulit mas netizen kita dikasih penjelasan detail gini. lebih suka pukul rata lalu loncat ke kesimpulan klo naturalisasi yg g ada efeknya. padahal gonzales di aff '10, lilipaly aff '16, beto di ag terbukti bs angkat permainan timnas. pokoknya g juara = naturalisasi gagal.",0.0,2022-07-02 02:31:04+00:00
let’s move on. (1) paspor indonesia buat jordi amat will not make your life miserable - unless you have no life. (2) paspor indonesia buat jordi amat mungkin lebih berguna buat timnas dibandingkan dengan naturalisasi pemain asing untuk klub indonesia,0.0,2022-07-02 04:16:41+00:00
gara2 ini jadi bikin tulisan berjudul “timnas naturalisasi”,1.0,2022-07-02 05:04:36+00:00
dulu selalu punya pikiran kalau pemain yang mau naturalisasi ke indonesia itu pada dasarnya sudah menyerah mengejar mimpi membela timnas aslinya.,0.0,2022-07-06 02:24:11+00:00
"bukan maksud mematahkan semangat, tapi melihat hasil yang ada timnas u-19 belom bisa diproyeksikan untu wc u-20. sty harus mencari bibit yang lebih unggul dari ssb se indonesia dan naturalisasi agar pemilihan pemain dapat diseleksi lebih ketat timnasindonesia",0.0,2022-07-06 15:48:29+00:00
pemain naturalisasi bakal jadi kunci timnas indonesia pada fiba asia cup 2022,2.0,2022-07-08 08:51:05+00:00
"naturalisasi kan buat timnas, yo ra masalah main neng club endi",1.0,2022-07-09 23:47:09+00:00
"selama pssi masih dikelola secara serabutan, pembinaan pemain tidak jelas arahnya, naturalisasi pemain serampangan. saya sudah vakum mendukung timnas selama 10 tahun terakhir. bukan karena saya tidak cinta timnas, namun saya merasa cinta saya dibalas oleh racun oleh federasi",0.0,2022-07-10 14:42:50+00:00
"waktunya serius berbenah,masih ada kejuaran dunia sepakbola di indonesia,serahkan timnas u19 ke coach yg lain,biar sin ta yong fokus ke u23 senior atau out,bangun training centre,lanjutkan naturalisasi dan perbaiki kompetisi.",2.0,2022-07-10 17:43:17+00:00
biar timnas naturalisasi,0.0,2022-07-12 02:34:12+00:00
dari beberapa tahun lalu juga udah gue bilang timnas perlu pemain yg bisa rebound dan defense bawah rim. mau gamau naturalisasi karena pemain lokal terlalu kecil. bagus perbasi bisa naturalisasi pemain sesuai kebutuhan dan menutup kelemahan klasik indonesia soal size,2.0,2022-07-12 12:53:26+00:00
"pemain asing yg mau di naturalisasi knp pas di club mainnya 'agak' bagus. tp pas udh di naturalisasi dan main di timnas, mainnya b aja. timnas wakanda loh ya bukan timnas sini kok.",0.0,2022-07-12 13:26:31+00:00
"betul naturalisasi nya tokcer. tapi gak lepas juga dari pembinaan usia dini-nya. kayaknya hampir semua pemain timnas yg masa kecilnya di indonesia ini jebolan dbl. duh, andai liga danone bisa se-rapih dbl.",2.0,2022-07-12 13:56:02+00:00
"regulasi eligibility tiap olahraga itu menarik. rugby cukup menarik, bagi para “pecinta” naturalisasi atau pemain rasa asing di timnas, timnas rugby ini adalah salah satu yg cocok. yg di foto di bawah ini adalah timnas indonesia dua2nya.",1.0,2022-07-12 15:37:27+00:00
"gak harus kak. selama dia mau ngebela ri. ga masalah, yang paving the way itu si jamarr jhonson. cuma banyak yg gak apresiasi aja. karena saat itu mindset pelatih kita, pemain naturalisasi kulit hitam tinggi = center. jamarr bukan center. makanya gak works2 bgt di timnas",1.0,2022-07-13 09:32:49+00:00
"gini nih kalo naturalisasi nya memang untuk kepentingan timnas.. liga nya baik, timnasnya juga baik.. ga kayak cabor sepakbola ya kan pak . dan terpantau ketum perbasi nya blm vidcall sm bolden after match kmaren. xixixi ga kayak bapak wkt aff kmaren.",,2022-07-13 22:28:46+00:00
"diliat dr aspek fasilitas dsb. nampaknya kita kalah dr 3 negara itu, tp mngkin afc punya pertimbangan lain ngeliat animo fans timnas klo main di indonesia. ya kita liat aja lobi2 kedepannya, yg pnting pas piala asia pemain naturalisasi udh bisa main deh.",1.0,2022-07-18 05:16:00+00:00
sampai kapan naturalisasi pemain dilakukan timnas?,1.0,2022-07-18 11:33:05+00:00
"delano ladan gabung klub eerste divisie top oss menutup peluang timnas punya striker naturalisasi dalam waktu dekat. sudah 2,5 tahun coach sty cari striker tapi belum ketemu yang cocok.",,2022-07-18 15:32:13+00:00
"lucu bgt nonton sty di interview sport77, interviewnya isinya soal teknis sepakbola smua apalagi pas jawaban kenapa ga bisa cari striker naturalisasi, sudah 2tahun saya cari tapi saya belum menemukannya segitu langkanya striker buat timnas, lokal susah naturalisasi jg susah",1.0,2022-07-19 02:02:45+00:00
kangen dg skuat timnas yg non naturalisasi begini,2.0,2022-07-19 04:33:27+00:00
"yang slm ini, sll saya sorot terkait dinamika sepakbola di indonesia, adalah soal liga. prestasi timnas itu bonus, mw sehebat apapun pelatih timnas kita meng upgrade pemain, termasuk melalui naturalisasi, akan sia2, jika liga kita masih amburadul dan jauh dari kata profesional.",,2022-07-19 15:04:11+00:00
kyanya bakal dipanggil ni ya mas buat world cup klo musim ini bagus. dia ini emang ada peluang buat naturalisasi ke italia ya?,,2022-07-19 15:39:51+00:00
pemain naturalisasi dibutuhkan timnas indonesia lantaran lantaran lawan di piala dunia u-20 memiliki postur yang tinggi-tinggi.,2.0,2022-07-21 07:10:00+00:00
"bisa, klo misalnya dia punya dua kewarganegaraan bisa dinaturalisasi yg penting rank timnas indonesia nya udh diatas 100an biar pada mau di naturalisasi soalnya rata2 pemainnya dri eredivisie",1.0,2022-07-21 07:11:30+00:00
"piala dunia juga menjadi fokus saya. salah satu kunci penting dalam memperkuat timnas kita agar bisa mengikuti ajang piala dunia u-20, dengan menempatkan pemain naturalisasi di dalam timnas indonesia. saya harap proses naturalisasi pemain bisa dipercepat dan memperkuat timnas.",,2022-07-21 12:01:15+00:00
timnas u-19 butuh pemain naturalisasi,2.0,2022-07-22 23:45:16+00:00
liga kacau tidak berprestasi timnas kesulitan mencari pemain bagus solusi : naturalisasi. kan penontonnya yang tidak berkualitas? ya solusinya naturalisasi penonton aja.,1.0,2022-07-25 13:25:01+00:00
mikir mo naturalisasi ke timnas garuda di bawahan asuhan sty...,,2022-08-01 10:35:11+00:00
senoga cepat naturalisasi ke timnas as,2.0,2022-08-01 13:47:34+00:00
"lebay! buat apa ngabisin energi pindah sana-sini, benerin kompetisi kek, benerin fasilitas buat timnas kek, fokus naturalisasi pemain permintaan coach kek. ayolah fokuskan ke yang lebih penting-penting dulu.",0.0,2022-08-02 04:03:53+00:00
naturalisasi juga mana nih masa belom beres2 sampe sekarang... udah sampe dimana proses naturalisasi pemain timnas indonesia ????,0.0,2022-08-03 09:30:23+00:00
"kasusnya andri udh biasa kok, mirip pemain naturalisasi indonesia. ketika karir mereka di luar negeri bagus ga bakal ada kepikiran buat bela timnas. jadi ya doain aja yg terbaik buat andri syahputra semoga sukses di qatar",,2022-08-03 12:39:25+00:00
"bicara gampang nya kalau yg gak mau gabung/membelot/gak mau di panggil cuma 1 pemain, terus kenapa naturalisasi terus ada dan lebih banyak. terus tau gak lebih dulu proses naturalisasi atau proses pemanggilan dia ke timnas yg dia tolak.?",0.0,2022-08-04 02:45:34+00:00
bulan kemerdekaan ini mah enaknya main fm pake timnas biar nasionalisme kita semakin membuncah--walau pemain naturalisasi semua,2.0,2022-08-04 07:21:48+00:00
"pemain asingnya bagus + banyak pemain naturalisasi dan pemain keturunannya + pemain lokal kelas timnas, gak heran sih jadi op gitu disana",2.0,2022-08-05 15:07:18+00:00
"liat di bangku cadangan palace masih ada jairo reidewald jadi kepikiran kok dia kayaknya jatuh banget ya setelah dari ajax? di timnas belanda jg gk pernah dipanggil lagi keknya, kalo di coba buat diajak main buat timnas indonesia (naturalisasi tentunya) kira kira bakal mau gk ya?",1.0,2022-08-05 19:53:50+00:00
"dari 3 pertandingan awal, kita ga lebih buruk dari persib yang bertabur bintang timnas, naturalisasi dan asing mahal. ayolah, isok iku dipoles titik ngkas, strikermu lhooo.. tulung.",0.0,2022-08-07 16:21:29+00:00
"kalo aturan fiba diterapkan di fifa untuk naturalisasi, mungkin pemain macam ander herrera, pascal gross, inaki williams bisa dinaturalisasi ke timnas indonesia wkwk",0.0,2022-08-09 11:39:01+00:00
jepang dan para hafu di timnas jepang *termasuk naturalisasi,1.0,2022-08-12 18:00:34+00:00
"lokal pret... gue berani jamin pas masuk senior paling cuma 1-2 pemain tim u16 ini yang tembus, sisanya hilang, ujung-ujungnya pake pemain keturuanan atau naturalisasi lagi, jaman evan dimas cs dulu kurang heboh apa coba, sekarang berapa yang bertahan di timnas?",0.0,2022-08-13 03:19:37+00:00
dia bangga local pride itu krna emg timnas umur segitu blm bisa dpt pemaen naturalisasi apa gimana sit?,0.0,2022-08-13 03:28:01+00:00
"ini yang bikin ilfeel pas u16 juara selain menpora ketum. karena masalah terbesar timnas tuh di senior, dimana pemain yang bagus di level junior tapi perkembangannya stagnan. naturalisasi itu bukan berarti tidak percaya pemain lokal, tapi untuk memacu mereka untuk naik level",0.0,2022-08-13 16:26:18+00:00
perlu dicatat selama ini tak ada prestasi apapun yg melibatkan pemain naturalisasi di timnas,0.0,2022-08-14 00:33:43+00:00
rohit sudah pernah bela timnasnya bang..percuma naturalisasi kalo gak tembus timnas indonesia.,0.0,2022-08-14 16:48:49+00:00
liga tanpa pemain asing tanpa pelatih asing timnas tanpa keturunan naturalisasi timnas tanpa pelatih asung salam lokal preet..,,2022-08-16 10:37:27+00:00
kalo begitu sambo masukin timnas aja dr pd pake pemain naturalisasi lagi,0.0,2022-08-18 18:22:51+00:00
itu fredi samba pemaen timnas naturalisasi dari rio de janeiro ya?,1.0,2022-08-18 18:37:38+00:00
"keren, prestasi yg membanggakan, timnas bola aja yg buat program naturalisasi ngga bisa menyaingi... bravo indonesia...",,2022-08-20 08:07:20+00:00
"wkwk ini pemain naturalisasi sampah bgt ga ada bagus2 nya buat sepakbola indonesia. di timnas gagal penalti, di liga ga respect, di socmed jg ngegas mulu lancar bener ngehujatnya",0.0,2022-08-20 08:10:13+00:00
"belain sesama naturalisasi nigeria yg gak ada kontribusinya sama timnas, ayo geng brazil mana suaranya?",0.0,2022-08-20 08:16:32+00:00
pantes naturalisasi pemain timnas aja kaga kelar kelar,0.0,2022-08-24 14:27:33+00:00
kalo naturalisasi non permintaan timnas tidak dihentikan itu ada pemain asing lain di klfc soalnya romel morales mau dicalonkan jadi naturalisasi tp ga jadi.,1.0,2022-08-24 14:45:32+00:00
naturalisasi buat pemain timnas aja mas,2.0,2022-08-26 01:18:47+00:00
"tentunya kami semua berharap naturalisasi pemain, khususnya jordi amat dan sandy wals bisa cepat selesai. dua pemain ini rekomendasi coach shin tae yong dan mereka dibutuhkan untuk menambah kekuatas timnas indonesia. mochamadiriawan iwanbule shandywalsh jordiamat",2.0,2022-08-29 05:00:49+00:00
"jaman nurdin halid kalo gak salah ada pemain naturalisasi asal brazil yang sempat mau dijadikan proyek timnas, koreksi jika salah",1.0,2022-08-29 07:44:33+00:00
agak aneh klo naturalisasi cuma kebutuhan timnas doang klo ngga perform gmn?? ttep di pake di timnas?? naturalisasi sekalian yg mau aja ratusan bahkan ribuan pemain syaratnya pernah bermain di pro. biar bersaing secara bebas,0.0,2022-08-29 08:45:01+00:00
optimis naturalisasi jordi dan sandy dongkrak timnas di ranking fifa,2.0,2022-08-30 08:00:34+00:00
"kalo 3 naturalisasi gabung + yang abroad eropa n asia di ijinkan oleh klubnya yang artinya full skuad terbaik timnas , saya optimis. . tapi kalo pake full lokal pride ya optimis gak optimis. wkwk",2.0,2022-08-30 08:16:49+00:00
naturalisasi pemain demi kebutuhan timnas sepak bola indonesia.,2.0,2022-08-30 08:26:47+00:00
"dan squad timnas indonesia thn 2026. ada banyak regen. naturalisasi ada ben van leer di espanyol (status, cadangan mati) paling mahal egy. di legia warsawa. need improvement. rank fifa ke 96 btw",1.0,2022-08-30 13:53:40+00:00
"kalau melihat daftar para pemain naturalisasi yang saat ini beredar di indonesia, cuma madura united lah yang untung karena ngawu-ngawu di liga 1. sedangkan untuk negara, blas rung tau. bahkan timnas dengan pemain naturalisasi pun untuk juara piala tiger sekali aja belum pernah!",0.0,2022-09-01 03:46:03+00:00
besok2 jangan pilih yang pake embel-embel bule deh. timnas u20 aja pake naturalisasi..,0.0,2022-09-01 06:18:48+00:00
kenapa setelah timnas indonesia u16 menang dia teriak lokal pride lokal pride seolah menyindir timnas senior yang ada pemain naturalisasi,,2022-09-01 10:06:55+00:00
"pesan untuk kalian yg saat ini sedang pada ribut. mending flashback saat timnas main di tanah arab dan berhasil lolos ke piala asia, bukankah jadi pencapaian setelah sekian lama absen. bukan karena lokal pride, keturunan pride atau naturalisasi pride! indonesian pride!",2.0,2022-09-02 01:40:58+00:00
untung aja ga gegabah ngambil tawaran naturalisasi hahaha skrg dipanggil timnas belanda deh. mantappss,2.0,2022-09-02 13:27:32+00:00
setuju2 aja klo emang pssi thn dpn mau stop dulu naturalisasi. setidaknya di thn ini udh 3 bahkan lebih (termasuk yg u20 nanti) yg bakal gabung timnas. biar pemain2 ini buktikan dulu kontribusinya di timnas ubah stigma negatif org ttg pemanggilan keturunan. win2 solution.,2.0,2022-09-04 03:31:55+00:00
"ini dulu persoalannya dimulai (yang gua denger) ketika ada pemain naturalisasi dari belanda yang bapuk, 2 orang. lalu ada yang dari afrika 1 orang. merembet ke lokal. mereka mau dipanggil ke timnas kalo ada harga yang pas. tapi ini cerita jaman dulu wkwkwk",1.0,2022-09-06 16:47:36+00:00
"kalo timnas senior pake naturalisasi sih masih masuk akal, tapi kalo dari kelompok umur aja udah pake naturalisasi yang lebih dari 50% dari line up agak gimana gitu.",0.0,2022-09-08 12:43:42+00:00
ini mah naturalisasi cuma akal-akalan aja biar gampanh ikut turnamen hahaha. bukannya timnas/pelatnas/pbsi yang butuh.,,2022-09-10 00:27:41+00:00
"menyingkirkan pemain asli indonesia dengan naturalisasi,hanya untuk prestasi. dpr tidak pernah melihat kebawah,tetapi sllu melihat ke atas. sangat banyak pemuda2 dikampung yg lebih hebat dr pemain naturalisasi. sebentar lg pemain timnas indonesia naturalisasi semua.",0.0,2022-09-21 04:28:14+00:00
"perpaduan pemain muda dan senior, pemain lokal dan naturalisasi, bisa mengimbangi, bahkan membuat lawan dengan ranking fifa jauh lebih tinggi harus angkat topi. headline",2.0,2022-09-25 02:44:00+00:00
"pssi era ibul: - tc timnas ga ada dana, dapat apbn via kemenpora, - ga dapat pemain bagus dari sistem kompetisi, dapat bantuan dpr setujui naturalisasi pemain, - friendly mach timnas di jabar ga ada yang nonton, dapat bantuan pengerahan penonton pns dari pemda bogor.",0.0,2022-09-26 14:32:13+00:00
"orang ini berbicara tentang counter attack yang justru tim yang dia asuh kalah lewat gol counter attack sore tadi. juga bicara tentang local pride saat shin tae yong bisa membawa timnas indonesia ke level yang baru dengan pemain naturalisasi. have some shame, coach",0.0,2022-09-27 15:09:16+00:00
dari dulu emang udah gk ada harapan sekarang timnas juga bukan timnas indonesia tapi timnas naturalisasi nonton tarkam lebih menghibur dari pada nonton liga,0.0,2022-10-02 00:56:35+00:00
"naturalisasi pemain sudah, saatnya naturalisasi suporter untuk sepak bola indonesia yang beradab",0.0,2022-10-02 02:49:53+00:00
"sekarang atlet naturalisasi timnas, masih rendah banget apresiasi buat creator ya",,2022-10-02 09:50:44+00:00
"gpp mas, kali ini kalau perlu presiden bubarkan pssi juga kita terima. toh pssi bikin kompetisi pun cari pemain untuk timnas melalui naturalisasi.",0.0,2022-10-02 10:28:39+00:00
"yang anti asing, pemain abroad, atau naturalisasi mending sebaiknya dibuatkan wadah. timnas u-55 cocok.",,2022-10-11 05:55:46+00:00
kalau nyari menejer baru sih ole gunnar solskjaer yg cocok sih sama permainan timnas indonesia. ada chance gede jg buat naturalisasi haaland karna faktor sekampung. plus chance indonesia jd runner up premier league juga gede.,0.0,2022-10-12 15:01:29+00:00
"stystay coach tolong coach jangan out. kenapa si orang orang gak bisa melihat ketulusan coach. ibul sebenernya selalu mendukung loh kemauan sty buat yang baik baik seperti naturalisasi pemain. kinerja ibul itu bagus, kalau mereka out emang menjamin sepak bola indonesia bagus?",,2022-10-13 01:30:29+00:00
"ibul + sty mundur, usir benalu yg ada dijajaran pengurus pssi, majuin orang-orang yg bener, kompetisi segala jenjang umur jalan bagus, abroad makin banyak, naturalisasi sesuai kebutuhan, siapa pun pelatih timnas nanti tinggal cari strategi yg bener aja kok biar timnas bagus :)",0.0,2022-10-13 01:41:16+00:00
setuju lah bang. kan contoh naturalisasi gagal timnas kan : iwan bule iwanbuleout,0.0,2022-10-14 14:51:26+00:00
"masalahnya, demi national pool yang siap juara, naturalisasi saja kurang. coba buka database fm nya deh. atau minimal rasakan dulu: pemain regen blasteran indonesia-inggris menolak dipanggil timnas indonesia dan lebih pilih menunggu timnas inggris satu kata: mampus.",0.0,2022-10-15 12:37:36+00:00
"saya setuju naturalisasi pemain asing untuk memperkuat timnas asalkan kriteria pemain tsb : 1. skill, teknik, stamina,attitude,speed, diatas rata - rata pemain timnas indonesia. 2. minimal dari negara rangking 50 fifa dan main di klub luar negeri kasta liga 2,1 3.berumur 20-25.",2.0,2022-10-17 02:30:08+00:00
"anak2 muda di timnas indonesia dan para pemain naturalisasi yg bgabung di timnas, semoga selalu semangat,bprestasi baik dlm putaran final u20 afc 2023 dan piala dunia u20,2023 mengingat tim2 yg akan btanding dlm u20 afc 2023 dan piala dunia u20 2023 adl tim2 kuat dr bnyk negara.",,2022-10-23 05:01:14+00:00
timnas isinya cuma pemain2 naturalisasi,1.0,2022-10-23 05:53:51+00:00
"mau timnas isinya full naturalisasi ato pemain keturunan, prestasi indo paling mentok situ2 aja ~ lah wong isi orang2 federasinya masih itu2 aja ~",0.0,2022-10-23 09:41:29+00:00
nyesel enggak sih udah naturalisasi para pemain ini?,0.0,2022-10-24 09:30:01+00:00
"200juta penduduk indonesia, buat cari pemain timnas harus sampai naturalisasi. para pejabat di pssi mereka bisa berpikir maju ga sih. oiyaya ngurus/mengawasi liga indonesia aja ga bisa, pantes nyari pemain timnas lewat jalur naturalisasi terus.",0.0,2022-10-24 14:57:54+00:00
1. ratna sarumpet di gebukin 2. monas di gundulin 3. patung bambu bersetubuh di tengah kota jakarta 4. sumur resapan a.k.a kandang lele di tengah kota jakarta 5. pembayaran fee pormula eek yg masih misterius. 6. naturalisasi sungai menjadi pemaen timnas indonesia 7. ok oc,0.0,2022-10-26 02:47:08+00:00
harapan dan untuk dua pemain naturalisasi indonesia yang diproyeksikan memperkuat timnas u-20. kalo harapan jebreeeteam apa nih?,1.0,2022-10-26 14:34:13+00:00
"btw,ada yg tanya naturalisasi mulu? : yaa gimana jelasinnya ya... percaya kwalitas liga nya mampu munculin da best player tembus ke timnas?kwalitas liga masih gitu² aja se-asean urutan 3besar segan urutan 22 enggan..(dibawah negara serumpun pula) edan!!!bubar bubar...",0.0,2022-10-27 01:19:22+00:00
betul sekali. biar pemain nanti yg masuk timnas itu pemain yg dari liga luar aja. atau kalo bs naturalisasi aja,,2022-10-27 11:57:42+00:00
"bosan dgn narasi asli pribumi. siapapun boleh secara konstitusi. negara sudah diatur undang2. jgn bodoh. apakah ahok jg dibenci krn cina? menurut anda? sama halnya pemain timnas bola yg naturalisasi, apakah harus di olok2?",0.0,2022-10-28 10:51:44+00:00
naturalisasi pemain bukan satu-satunya opsi meningkatkan prestasi timnas indonesia,1.0,2022-11-09 08:16:35+00:00
"baru ditandatangani oleh pak terkait naturalisasi yg akan memperkuat timnas di ajang aff 2022 nanti. dan , keduanya keturunan indonesia dari neneknya. semoga rekomendasi tgipf tidak menghalangi semangat mrk membela indonesia!",2.0,2022-11-09 11:29:54+00:00
"bang doel walaupun tetap kritis tapi selalu antusias saat bicara bgm membuat timnas semakin kuat. beliau memberikan dukungan dengan tetap memberi masukan positif, termasuk saat membahas naturalisasi shayne pattynama yang selama ini bermain di klub norwegia, viking fk.",2.0,2022-11-10 00:04:39+00:00
"naturalisasi lagi, mas-mas ganteng ini akan memperkuat timnas u-20, di mei 2023 nanti. ivar jenner neneknya asal jember, dan justin hubner, turunan bandung-makassar. pokoknya yg berdarah indonesia ditarik semua sama untuk belain timnas. keren!",,2022-11-10 13:40:05+00:00
sejauh ini pemain naturalisasi dengan caps terbanyak adalah gonzales. striker 46 tahun yang belum pensiun dari sepak bola profesional ini telah membela timnas indonesia 29 kali. ada pemain idola kalian lob? sumber : cnn indonesia bolalobfootball naturalisasi,1.0,2022-11-18 08:43:17+00:00
pemain naturalisasi tak menjamin prestasi timnas indonesia timnasindonesia timnas lewat .com,0.0,2022-11-19 09:59:02+00:00
"menurutmu, proses naturalisasi kaya gini jaminan prestasi buat timnas gak sih? | narasi daily",1.0,2022-11-19 13:30:26+00:00
program naturalisasi pemain tidak otomatis mendongkrak prestasi. perlu pembenahan mendasar untuk membangun tim nasional sepak bola indonesia. opini adadikompas,0.0,2022-11-19 13:56:04+00:00
program naturalisasi pemain tidak otomatis mendongkrak prestasi. perlu pembenahan mendasar untuk membangun tim nasional sepak bola indonesia. tajukrencana adadikompas,,2022-11-19 14:26:40+00:00
nilai pasar skuad timnas indonesia auto dikuasai pemain naturalisasi.,,2022-11-23 13:05:00+00:00
akankah kedantangan pemain naturalisasi bakal bawa konflik internal ke tubuh timnas indonesia?,1.0,2022-11-24 10:00:01+00:00
coba naturalisasi pemain timnas kamboja.,0.0,2022-11-25 13:55:40+00:00
"saya bukan tidak suka naturalisasi, tapi apabila satu klub pemain naturalisasinya banyak bagaimana. sepak bola indonesia harus kita dukung agar bisa masuk ke piala dunia revolusisepakbola bongkar total pssi",0.0,2022-12-06 07:00:01+00:00
"kami tidak menyalahkan klub, tapi kami harus duduk bersama klub, menerapkan strategi agar ada pemain muda, pemain naturalisasi dan pemain asing sepak bola indonesia harus kita dukung agar bisa masuk ke piala dunia revolusisepakbola bongkar total pssi",2.0,2022-12-06 07:00:02+00:00
"yth presiden kami bapak mohon dengan sangat pak, proses naturalisasi pemain sepak bola shayne pattinama dipercepat agar bisa membela timnas indonesia di piala aff sebelumnya terima kasih bapak presiden",2.0,2022-12-06 11:41:15+00:00
"satu dekade sebelum piala aff 2022, saat pemain naturalisasi tak mampu selamatkan timnas indonesia",0.0,2022-12-10 13:54:07+00:00
"kita sependapat dg menteri pemuda olah raga, naturalisasi itu penting dan baik dalam memajukan sepak bola indonesia namun naturalisasi itu jgn terlalu ruwet/sulit. maroko itu sangat mudah sebab langsung dua paspor asal dia keturunan org maroko.",2.0,2022-12-14 06:46:49+00:00
"gitu kok ada yg kebakaran jenggot ketika timnas indonesia nerapin naturalisasi pemain half blood. lokal pret nya aja kualitasnya stuck2 aja,apalagi kualitas liganya. peehhh",0.0,2022-12-17 06:34:28+00:00
"ini saatnya garuda juara!! usia pemain yang lebih matang, dengan pelatih yang masih sama ditambah pemain naturalisasi yang punya pengalaman bersaing di liga utama eropa, membuat timnas garuda ditargetkan juara tahun ini. selamat berjuang garuda bolalobfootball",2.0,2022-12-23 08:27:41+00:00
stop naturalisasi pemain asing ke timnas indonesia. indonesia tidak kekurangan anak - anak berbakat dalam hal sepakbola.,0.0,2022-12-23 15:09:50+00:00
menurut gue kayanya gapapa deh timnas indo banyakin pemain naturalisasi yang penting bisa memperbaiki kualitas sepak bolanya soalnya dari dulu tu sepak bola indonesia gini gini aja mulai dari gue sd sampe udah kuliah,2.0,2022-12-23 17:24:00+00:00
"dulu era thn 90 an timnas indonesia pemainnya ga pke trasi ..eh naturalisasi ,mnghapi kamboja udh mnjdi lumbung kemenangan telak .sekarang diisi pemain naturalisasi bdannya kekar2 mainnya biasa2 aja justru yg mncetak gol pmain lokal lionel messi kpn dinaturalisasikan pak..",0.0,2022-12-24 01:25:10+00:00
"lawan brunai mestinya timnas bisa cetak 8 goal.aplg diperkuat super star naturalisasi,jordi amat. spaso dibela shin tae yong, janjikan ada rotasi kala timnas indonesia lawan brunai di piala aff 2022. melalui",2.0,2022-12-25 07:32:23+00:00
"timnas sepakbola indonesia ini kebanyakan pemain naturalisasi, yang paling nggak berguna menurut gua iwan bule.",0.0,2022-12-26 04:19:40+00:00
"klok jordi amat, 2 pemain naturalisasi yang bisa kasih warna untuk timnas. van beukering juga kasih warna siiiiihhh dulu, tapi warnanya warna limbah pabrik yang dibuang ke sungai. :))))",0.0,2022-12-29 10:57:15+00:00
"dari dulu juga pemain timnas indonesia sudah begitu…. apa bedanya sty dg pelatih lokal sekalipun kalau merasa kecewa tapi tidak bisa memperbaikinya, bahkan sdh pakai pemain keturunan/naturalisasi segala (kemewahan yg tdk didapat danurwindo dkk dulu)..?",0.0,2023-01-03 15:41:31+00:00
"kalo yg benar naturalisasi bkn normalisasi, kenapa sampe yohanies lengser dia tdk kerjain juga? sebenernya apa itu konsep naturalisasi? didiamkan banyak sampah karena sampah itu natural? atau kali ciliwung mau dinaturalisasikan agar bs main bola di timnas indonesia?",0.0,2023-01-04 09:12:36+00:00
langkah naturalisasi atau pemberian kewarganegaraan bagi pemain asing untuk memperkuat timnas indonesia merupakan kebutuhan jangka pendek.,1.0,2023-01-06 14:20:03+00:00
"timnas indonesia gini2 aja. mau naturalisasi pemain kelas dunia pelatih kelas dunia, hasil tetep gini2 aj. diam di tempat",0.0,2023-01-09 14:26:52+00:00
"apa yg bisa dibanggakan dg timnas saat ini? diisi dg banyak pemain naturalisasi pelatih asing hingga pangkas bbrp generasi tapi tetap jadi ayam sayur. faktor non teknis ada pada pengurus tak mudah memang, sebab selama ini begitu besar pengaruh cuan di sepakbola kita.",0.0,2023-01-09 15:17:55+00:00
"gagalnya timnas melaju ke final, membuktikan kualitas sty dibawah kualitas pelatih lokal, pemain naturalisasi yg diandalkan tdk mampu mengangkat permainan timnas. buat apa ada liga klau selalu mengandalkan pemain yg dinaturalusasi dan pelatih asing...",0.0,2023-01-09 15:19:07+00:00
keknya timnas indonesia harus naturalisasi 11 pemain yg berkualitas yah mungkin yg kualitas passing kontrolnya setara jordy amat sama klok lh biar permainan rada meningkat dan taktik pelatih bener² jalan,2.0,2023-01-09 16:19:25+00:00
"kalo pendapat gue nih ya, 10 pemain timnas indonesia itu menggunakan pemain naturalisasi aja, sisa 1 pemainnya baru menggunakan pemain lokal. karena kualitas pemain lokal kita dari zaman dulu selalu kurang baik, mau itu dari passing dan dribble yang buruk.",0.0,2023-01-09 19:53:58+00:00
"stay, terus kasih semua pemain naturalisasi yg dia mau, biarin dah timnas indonesia bule semua asal ada prestasi nya",2.0,2023-01-09 22:21:42+00:00
lebih baik indonesia naturalisasi seluruh pemain chelsea daripada di liga kalah melulu. dan dijamin timnas indonesia akan berprestasi.,2.0,2023-01-10 00:43:50+00:00
"kayanya ada logika yang cukup rapuh dari pengurus sepak bola indonesia. yak, naturalisasi. kalo diperhatiin tiap indo mau aff ada aja pemain baru dari hasil naturalisasi dengan dalih nambah kekuatan tim nge-trigger pemain2 lokal buat naikin kualitas mainnya (kayanya)",0.0,2023-01-10 03:29:40+00:00
makanya menurut saya lebih baik ambil naturalisasi yang memang udah matang aja di liga2 luar. kalo perlu 11 pemain timnas indonesia pake jasa mereka semua. gue yakin untuk kelas asia tenggara mah pasti bakalan merajai.,2.0,2023-01-10 11:26:26+00:00
walaupun gue suka era sty karena di era ini berani potong generasi dan pemain naturalisasi (atau apalah namanya) kepake dan berguna… tapi gue yakini timnas indonesia tuh cocok banget main kayak waktu era luis milla.,2.0,2023-01-10 13:48:52+00:00
"klo emng salah 1 solusi supaya timnas indonesia bisa bicara bnyk di tiap kompetisi internasional itu tambah pemain naturalisasi, why not?dicoba aja kombinasi dgn pemain lokal yg emng kualitas nya jg ok, dengan catatan memang dibutuhkan oleh sty u/ mengisi posisi itu",2.0,2023-01-10 15:52:43+00:00
"iya betul. makanya kalo timnas indonesia mau kuat, harusnya jangan naturalisasi pemain keturunan eropa, tapi naturalisasi orang2 cina. cina adalah bangsa kuat, bahkan kalo seandainya diadu, timnas argentina atau brazil pun tidak akan mampu mengalahkan cina.",0.0,2023-01-11 02:15:22+00:00
ganti aja namanya jadi timnas indonesia all star . 2007 tanpa naturalisasi timnas kita bisa main bagus di piala asia,0.0,2023-01-11 03:09:21+00:00
"saking udah gak yakin dengan kualitas liga 1, banyak pemain level remaja/kelompok umur naturalisasi pun dimasukkin. padahal nanti adalah piala asia untuk timnas senior, bukan kelompok umur.",,2023-01-11 06:01:41+00:00
goblok! timnas yg lebih baik itu caranya dengan pembinaan dari usia dini. perbaiki kompetisi. perbaiki kualitas wasit. hilangkan suap. bukan dgn naturalisasi,0.0,2023-01-11 15:39:35+00:00
apakah kita masih punya kebanggan pada timnas indonesia bila 2/3 pemainnya berasal dari naturalisasi ?,,2023-01-12 00:56:14+00:00
sedang menunggu ciroalves otw naturalisasi timnas indonesia,1.0,2023-01-13 15:41:39+00:00
"kasian nasib pemain naturalisasi, pasti menyesal melihat carut marut bobrok nya federasi indonesia yang mungkin sudah ditakdirkan tolol ini. hah ajig kadon mikiran sepak bola indonesia kieu.",0.0,2023-01-13 16:42:13+00:00
iya bener kasian sty downgrade harusnya timnas cocoknya minimal diisi 11 pemaen naturalisasi grade a.,0.0,2023-01-14 06:08:10+00:00
"tiba2 ada yg tereak sty out,padahal sty pelatih bagus...emang situ keren? coba bawa didier deschamps latih timnas indonesia pasti dia juga bingung mao ngapain....kompetisi nya aja begitu gimana mao pilih pemain makanya harap maklum sty ngebet naturalisasi pemain keturunan....",,2023-01-14 11:17:30+00:00
"saatnya timnas sepak bola indonesia le stelan awal, pelatih lokal dengan pemain non naturalisasi. karena setlah dilatih beberapa pelatih asing dan selalu menaturalisasi pemain hampir tiap tahun tp hasilnya tetap aja zonk",0.0,2023-01-15 10:15:21+00:00
ketua pssi baru kalo bisa memiliki target memperbaiki sistem liga 1 2 dan 3 serta timnas utama dan u 23 etc. ga perlu naturalisasi kl mmg pemain lokal lbh bagus dan kl bs pelatih timnas jgn jd bintang iklan kopi. plus sop pemain dan keamanan stadion,0.0,2023-01-18 14:29:18+00:00
pemikiran yang konyol. yakin dengan dilatih sama pelatih dlm negeri dan full pemain lokal bisa berkembang timnas indonesia? dilatih sama pelatih berkualitas dan ada pemain naturalisasi aja ttp stuck di situ2 ajah.,,2023-01-22 10:31:02+00:00
"memang melimpah nya di posisi bek, bang. striker bukannya ga ada. setau gw (tolong koreksi kalo salah), rafael struick yg lagi dlm proses naturalisasi juga bisa diplot jadi striker. balik lagi ke si pemain juga, apakah dia mau bermain untuk timnas indonesia dan ganti paspor.",1.0,2023-01-23 14:38:28+00:00
"sibuk dengan naturalisasi, dgn dalil timnas juara, cari jalur singkat bgt. sejauh ini emang menghasilkan..? percuma!! kalo federasi masih maen sama mafia. dan pembangunan usia dini masih bobrok!!! juara piala asia? cuman mimpi di siang bolong!",0.0,2023-01-24 16:06:53+00:00
naturalisasi? wkwkwk bentar lagi kali ciliwung bakal main bola di timnas indonesia… semua itu berkat omong kosong anies. tetap hidup meskipun tidak berguna seperti mantan gubernur jakarta yohanies baswedan.,0.0,2023-01-25 01:01:37+00:00
sepakbola indonesia emg udah gak masuk akal. liga bobrok timnas gagal juara. yang salah tetap naturalisasi,,2023-01-25 04:51:33+00:00
datang lah ke indonesia dan naturalisasi jadi timnas garuda pensiun mu tak lengkap kalo belum juara aff,2.0,2023-01-25 07:30:29+00:00
serius nanya.. pemain timnas khususnya naturalisasi dibayar brp sih? pindah kewarganegaraan tuh gak sepele loh.. lagipula timnas indonesia main di kompetisi bergengsi paling mentok asian cup itu juga paling sering 4 tahun sekali kalo lolos,1.0,2023-01-25 11:45:39+00:00
ada yang sadar banyak pemain naturalisasi keturunan belanda untuk timnas indonesia.,1.0,2023-01-25 12:10:30+00:00
"padahal semua keturunan, kecuali klok yg udah keturunan jauh:)stop lah make istilah naturalisasi, jangan mengotak ngotakan pemain gini:)ga ada istilah pemain lokal lah, keturunan lah, naturalisasi lah. kalau mereka udah make jersey timnas indonesia semua sama,pemain indonesia",2.0,2023-01-26 06:28:53+00:00
permasalahan mencari 11 pemain terbaik timnas indonesia perbaiki liga lokal dan sistem sepakbola indonesia cari pemain naturalisasi terus,0.0,2023-01-27 09:41:54+00:00
"bapak nya anak2 di timnas indon jaman naturalisasi blm tenar ya bang, alias mayoritas masih di huni lokal pride.",,2023-02-01 16:39:46+00:00
"kalo timnas mau sukses, suka gak suka ya starting line upnya hrus pemain naturalisasi semua dari cf sampai kiper, secara fisik dan konsistennya tetep beda, pemain non naturalisasi jaman sekarang banyak yg berbakat tp gak konsisten dan kebanyakan minusnya di first touch.",2.0,2023-02-02 01:30:34+00:00
naturalisasi yg tepat buat timnas indonesia untuk jangka panjang,1.0,2023-02-02 04:25:08+00:00
"menurut gue bukan ga paham tapi bingung. karena sty dituntut juara sedangkan skill dan mental pemainnya seperti itu. pelatih timnas mengandalkan pemain dari klub, sedangkan klub dan liga di indonesia masih jauh dari standar. makanya opsi tc dan naturalisasi dipilih.",0.0,2023-02-02 21:06:51+00:00
"berhasil naturalisasi matías soulé jadi warga korsel dipanggil timnas wkwkwk, ohya ini fm jadul jadi ca/pa dia keknya gak setinggi sekarang, sisa nya ini pemaen regen semua",1.0,2023-02-03 16:50:22+00:00
cape istirahat cill.. sama siap2 tuh ngurus dokumen buat naturalisasi buat bisa nganterin timnas juara dunia,0.0,2023-02-04 07:29:47+00:00
"indra sjafri aja yg latih udah, kurangi tc banyakin naturalisasi kl indra nya gamau dan milih local pride yaudah ikhlasin aja kl misalnya timnas indo balik ke setelan pabrik, kita nonton liga eropa aja gaes.",,2023-02-04 08:24:36+00:00
"mau pelatihnya sekelas zidane, pep, klopp, mourinho. klo kualitas pemain timnasnya jelek ya sama aja, bisa diliat kualitas pemain lokal sama naturalisasi, naturalisasi lbh menonjol. kualitas pemain timnas bagus,klo didukung liga yg bagus.",0.0,2023-02-04 11:47:33+00:00
"td ngomel karena sty/dirtek timnas g ada omongan apa² ke pelatih² club liga 1 bang, tapi giliran manggil pemain yang abroad/naturalisasi langsung disamperin ke sana. semacam lu g ada omongan apa² tapi tiba² minta/nuntut hal yang banyak.",0.0,2023-02-04 13:44:03+00:00
tolong naturalisasi orang ini dan angkat jadiin sekjen atau exco. kita butuh orang seperti ini untuk meloloskan timnas ke piala dunia,,2023-02-06 12:31:33+00:00
"klo gaji club itu ud di rangkep bro selama kontrak,misal 2 thn ya bayar nya 2th lgsg itu+nilai kontrak si pemain,beda lg sm timnas yg sistem nya bulanan,klo sponsor club sm sponsor pemain kan beda lagi pemasukannya.coba situ liat pemain naturalisasi yg main di luar gabakal…",1.0,2023-02-07 09:08:52+00:00
"sekalian sih kalo bisa ke liga jepang semua aja yg jagoan2 timnas, kiblat liga asia kebanyakan di jepang semua, ya tau sendiri kan ga perlu sindir menyindir demi kualitas player lokal terutama yg tanpa darah naturalisasi",2.0,2023-02-10 07:07:28+00:00
"malah saling cibir sat. gini amat punya pelatih kelas dunia tapi malah ngatain kek gini. ya kek gini nih, katanya adanya liga buat timnas. giliran pemain nya gak dipanggil pada koar koar, giliran pelatih pakai pemain naturalisasi dicibir sana sini",0.0,2023-02-11 14:05:16+00:00
"1 pemain naturalisasi di klub luar 'dijemput' sty dan izin ke club. 9 pemain lokal (5 diantaranya main reguler) diambil ikut timnas tanpa ada komunikasi dengan pelatih kepala dan club, di ajak zoom yang join cuma assisten. sty dan penyepongnya sama² sombong.",0.0,2023-02-11 17:17:20+00:00
"biarin aj....bumbu2 kompetisi....ujungnya nanti ktemu yg terbaik saat ini lah....wkwkwk btw tim level antah berantah, dikasih coach sekelas tite masih gurem dibawah viet...yg penting naturalisasi biar jadi timnas naturalisasi.....wkwkwk",0.0,2023-02-13 00:48:01+00:00
"aji santoso sty sama sama belum kasih trofi tapi progressnya nyata tidak bergantung di 1 pemain, bahkan 1 formasi. cair whatever, tapi kita pernah berprestasi ketika dipegang pelatih lokal dan tanpa naturalisasi,indra sjafri, bima sakti ! pelatih lokal for timnas why not..",2.0,2023-02-13 09:06:10+00:00
"lupakan dulu target timnas juara di turnamen level asteng. benahi dulu liga, pembinaan usia dini. sering adakan turnamen² amatir ditiap daerah, agar bakat² yg muncul bisa diserap oleh klub bola. stop naturalisasi.",0.0,2023-02-14 15:51:24+00:00
push rank timnas tiap fifa match day menambah naturalisasi utk jangka pendek mengakomodir pemain yg mau abroad merubah sistem liga seperti mls dan fokus entertaint oriented memberikan reward kepada asprov yg berhasil menyelenggarakan kompetisi ku secara rutin,2.0,2023-02-15 10:10:15+00:00
"buat sekolah bola dari umur 12-13 tahun, disekolah bola nanti semuanya dicontrol dari gizi,olahraga,fisik dll. biar kelak 10/15thn kedepan tercipta generasi emas timnas indo. muak lihat dari -+ 2jt penduduk indonesia harus make pemain naturalisasi yang skillnya pas2an",2.0,2023-02-15 16:51:17+00:00
"infrastrukstur liga di tingkatkan juga udah bagus, gausah fokus timnas bisa ngalahin kanan kiri, gabisa instan di sepakbola kecuali naturalisasi",1.0,2023-02-16 06:16:00+00:00
"jangan pemain timnas mulu yg dinaturalisasi, sesekali boleh lah pengurus federasinya hasil naturalisasi juga",0.0,2023-02-16 12:31:40+00:00
"slamat pa erik, tolong pa erik bikin road map buat 10th kedepan, bukan sekedar timnas bagus naturalisasi ini itu.. engga ada yg instant boss! pembinaan usia dini,kompetisi berjengjang.. kompetisi yg baik akan menghasilkan timnas yg baik",,2023-02-17 00:07:20+00:00
"mohon percepat naturalisasi pemain keturunan indonesia u-20 ivar jenner, justin hubner rafael struick, yang terhormat pak , mereka punya darah indonesia punya hak yang sama untuk membela timnas indonesia, percepatnaturalisasi",2.0,2023-02-17 07:03:04+00:00
"pertama dalam sejarah, kita lihat hasilnya apakah akan terbentuk timnas yg bisa juara asean atau hanya bisa naturalisasi",1.0,2023-02-18 03:18:40+00:00
"yang keren, pak punya strategi yg bagus krn dngn adanya pembinaan atlit dari daerah2 utk timnas dpt mengurangi ketergantungan pada naturalisasi. era baru pssi bersihberprestasi",2.0,2023-02-19 07:00:00+00:00
ini adalah strategi erick untuk mengurangi 'ketergantungan' pada naturalisasi. indikator kemajuan pengelolaan sepak bola indonesia juga terlihat dari munculnya pemain-pemain bintang hasil pembinaan lokal.,2.0,2023-02-19 07:00:26+00:00
pantes timnas butut loba naturalisasi. lolonana pemaen lokal ngan bisa tackle lumpat,0.0,2023-02-19 08:24:14+00:00
"keren sih entah nz u20 yg bapuk atau memang timnas u20 kita yg udah naik level, hebat gak panik di press minim salah passing juga bnyk create chance. padahal gak ada marselino dan 3 calon pemain naturalisasi.",,2023-02-19 13:30:26+00:00
"bagi fans yg anti pemain naturalisasi, noh lihat kelemahan kesalahan mental yg bikin timnasu20 kebobolan lagi! timnas timnasday timnasindonesia",0.0,2023-02-19 14:04:28+00:00
"kesannya pssi itu bodoh. pssi hrs umumkan skuad timnas u-20 utk pa dan pd akan diisi oleh pemain2 hasil seleksi dr yg mengikuti tc terhitung tgl 1-8 feb 2023 + pemain naturalisasi shg, harus disiplin tdk ada syarat apapun pssi erick thohir indra sjafri",0.0,2023-02-20 03:24:56+00:00
"setiap wna pengen jadi wni itu sah-sah aja selagi memenuhi peraturan, jangan pada berpikir kalo naturalisasi hanya untuk kepentingan timnas / klub, bisa aja dia udah nyaman tinggal di indonesia.",1.0,2023-02-20 10:49:22+00:00
"b aja skillnya, cuma unggul di visi bermain sama positioning. tapi naturalisasi bukan cuma untuk main di timnas, mungkin dia mau tinggal lama di indo",0.0,2023-02-20 17:49:23+00:00
emang timnas tuh perlu naturalisasi ngarepin lokal semua mah goblok2,0.0,2023-02-21 14:26:15+00:00
"di piala asia yg di mulai 1 maret nanti..3 pemain naturalisasi dimainkan, biar tidak babak belur lwn2 tim asia lain.berhubung pk amali sudah focus urus sepak bola, segera evaluasi timnas u20..perlu perombakan 5 atau 7 pemain..sblm terjun ke piala asia..",1.0,2023-02-21 14:45:26+00:00
"solusi, a.l: 1.timnas u20 perlu terus ditempa untuk bs lebih baik dan meyakinkan 2.segera timnas u20 dg formasi kekuatan penuh, bersama bbrp pemain naturalisasi 3.mudah2an ada lg ptandingan psahabatan timnas u20 vs tim dari eropa,afrika,asia yg akan btanding di pildun,afc u20.",2.0,2023-02-22 06:02:46+00:00
"pak erick thohir , tolong sampein ke coach sty rekomendasikan untuk panggil  kevin diks / thom haye delano ladan / jelte pal  ke timnas indonesia lewat jalur naturalisasi untuk berlaga di afc asian cup 2023. dia pemain yg sangat luar biasa terimakasih",2.0,2023-02-24 16:45:43+00:00
tak salah timnas indonesia gunakan pemain naturalisasi,,2023-02-26 07:18:33+00:00
pelatih asal korsel sty msh ada upaya baik dg kegagalan u20 akn diganti dg marselino pemain naturalisasi kita lihat hasilnya harapan rakyat indonesia sepak bola indonesia hrs lebih maju krn rakyat indonesia maniac dg sepak bola yg dibenci itu supporter mdh tersulut unt berantem,1.0,2023-03-09 01:19:48+00:00
timnas (naturalisasi) indonesia? program naturalisasi menghambat pembinaan. pemain naturalisasi spt elkan baggot dkk apa tinggal 5 th berturut turut di indonesia? sesuai uu no.12 thn 2006 contoh christian gonzales tinggal lama dan fasih bhs indonesia.,0.0,2023-03-09 05:42:20+00:00
"marwah penyerang lokal bangkit, timnas indonesia bakal garang tanpa bomber naturalisasi",,2023-03-15 11:47:33+00:00
"minta 11 naturalisasi. sampai d sini makin paham, shin tae yong emang ga ambil pusing soal timnas yg disupport pemain lokal. dia mau jalan pintas buat nyelamatin karirnya. tanpa satupun piala selama handle timnas indonesia, karir kepelatihannya setelah ini gal bakal marketable.",0.0,2023-03-19 08:50:39+00:00
"ingat yah, naturalisasi adalah keputusan paling ujung dalam membangun olahraga nasional. ini sebagai peluang kehebatan sepak bola indonesia guebarengerickthohir",2.0,2023-03-21 00:41:52+00:00
guebarengerickthohir berapa jumlah pemain naturalisasi sepak bola indonesia yg diperbolehkan di bahas di dpr. semoga keputusan yg diambil dapat memajukan sepak bola indonesia.,,2023-03-21 02:25:21+00:00
"plt menpora sebut naturalisasi menjadi ujung dalam pembangunan olahraga nasional. natularisasi bisa menutup peluang talenta terbaik sepakbola indonesia. aku sih yakin, pak erick thohir bisa bangun sepak bola indonesia lebih berkembang. guebarengerickthohir",,2023-03-21 08:17:12+00:00
naturalisasi adalah opsi terakhir dalam membangun sepak bola indonesia. guebarengerickthohir,2.0,2023-03-21 08:41:05+00:00
"nah gini dong, jangan dkit2 naturalisasi. bakat sendiri harus diutamakan. plt menpora ri muhadjir effendy menegaskan bahwa naturalisasi merupakan jalan terakhir dalam memperkuat timnas.",2.0,2023-03-21 13:24:23+00:00
"belanda aja, biar hubner main timnas indo di databas naturalisasi kita aja",,2023-03-22 10:56:26+00:00
permasalahan banyaknya pemaen timnas hasil naturalisasi oleh sebenernya berawal dari karena presiden dan pelatih timnas indonesia sama2 orang yang haus akan legacy.,,2023-03-22 11:04:48+00:00
"ikuti saran mas sambil ngumpulin data dan pendapat dari pemain2 calon naturalisasi, seperti justin hubner, mas8h minat main di timnas indonesia nggak? biar tidak jadi korban php lagi",1.0,2023-03-30 06:08:37+00:00
"apakabar kelanjutan naturalisasi. masih inginkah mereka mebela timnas indonésia a.k.a apakabar uang triliunan yang hangus, siapa yang ganti? apakabar umkm yang mempersiapkan stok merchandize event apakabar indonesia menjadi pemimpin dunia?",0.0,2023-03-30 13:27:33+00:00
"padahal lebih ngarep doi yg di naturalisasi daripada klok, pasti bakal kepake banget di timnas pemain yg kaya gini",2.0,2023-04-01 08:02:32+00:00
naturalisasi tka lebih ekpres drpd pemain timnas yg notabene memiliki darah indonesia,,2023-04-01 10:50:21+00:00
sty hanya mngandalkan pemain naturalisasi.kalo mereka batal? okezone bola: shin tae-yong buka suara soal proses naturalisasi 3 calon pemain timnas indonesia u-20 usai batal main di piala dunia u-20 2023. melalui,0.0,2023-04-02 13:50:53+00:00
"saran gw hire penulis naskah sutradara luar yg berpengalaman, anggep aja seperti pemain naturalisasi timnas, contohnya the ambush, film uae yg disutradarai pierre morel (taken, from paris with love, the gunman), tim penulis naskah yg pernah bikin furious 7 medal of honor.",,2023-04-02 17:15:13+00:00
"sstuju, bagus itu, baiknya semua liga harus diseleksi ulang lewat liga antar kampung terus keatas liga antar kecamatan, antar kabupaten, antar provinsi dan akhirnya terbentuk liga nasional dan timnas ,shg tidk perlu lagi naturalisasi krn kita bisa jaring talenta dari bawah",2.0,2023-04-05 06:47:36+00:00
timnas indonesia kini sdh banyak pemain naturalisasi keturunan. terutama disektor tengah dan belakang. bagaimana pandangan mas charis yulianto tentang naturalisasi pemain keturunan khususnya disektor belakang??. padahal striker haus gol yg kurang (seperti bp).,1.0,2023-04-05 10:03:08+00:00
alif dan raya kalo udah gede mau bela timnas indonesia masuknya pemain naturalisasi atau bukan yah ??,1.0,2023-04-07 09:08:47+00:00
"stadion sdh semakin hebat, bahkan bbrp sdh berstandar fifa. pemain naturalisasi melimpah, pelatih dr korsel, eropa hgga amerika latin sdh silih berganti didatangkan. peringkat pssi blom jg beranjak masuk top 100 apalagi 50. trus apa yg kurang?",0.0,2023-04-07 16:43:36+00:00
knp banyak yg sebelah mata ke pemain yg mau ikut naturalisasi padahal mengorbankan privilege status warga negara terdahulunya (negara maju) demi main timnas bbrp tahun dan belum tentu prestasi juga + federasi dan pemerintah yg wkwkwk,0.0,2023-04-09 11:30:12+00:00
"bang terus bgimana kelanjutan dari proses naturalisasi 3 pemain keturunan indonesia dr belanda itu : justin hubner, ivan jenner, dan sturick, apakah dihentikan atau dilanjutkan? kami mohon utk dilanjutkan saja, utk timnas senior di piala asia? kasihan mereka?",2.0,2023-04-10 04:54:01+00:00
"proses naturalisasi memakan waktu lama,tahu2 gagal dan digagalkan,mereka mau dinaturalisasi ingin memperkuat timnas u20 indonesia di pildun u20.",1.0,2023-04-10 05:00:24+00:00
"kalo udah wni mah mau di timnas atau klub ya status nya sama, sama sama wni! bukan naturalisasi lagi..",2.0,2023-04-10 16:33:23+00:00
"mereka kan masih ada keturunan darah italia bisa milih timnas mana yang dibela jadi gak bisa dibilang naturalisasi, contohnya elkan baggott, bahkan timnas prancis aja banyak yang bukan keturunan asli.",1.0,2023-04-10 19:26:48+00:00
"perancis yang liga nya bagus aja pemain timnas nya banyak yang naturalisasi, sedangkan liga indonesia kualitas nya jelek jadi ya butuh pemain naturalisasi, kalau mengandalkan pemain lokal susah untuk maju timnas nya...",0.0,2023-04-10 23:36:08+00:00
"para pemain naturalisasi ini bisa dijadikan andalan timnas indonesia untuk piala asia 2023 mendatang, bagaimana menurut kalian?",1.0,2023-04-11 10:00:00+00:00
"timnas negara kuat aja masih pake naturalisasi, sedangkan di belahan dunia lain masih ada timnas peringkat 149 dunia yang menolak naturalisasi, kurang belagu apa negara ituu wkwk pantes ga maju2",0.0,2023-04-11 12:38:40+00:00
"boleh nambahin, kayaknya naturalisasi skrg urgent, soalnya 2 pilar timnas yg punya postur lg masa pemulihan, dan kalo mau ngandalin vincent aja di posisi 5 bakal susah karena pasti kena rotasi. prosper jg lg ada isu gk sedap di timnas",2.0,2023-04-11 13:23:50+00:00
trio naturalisasi ini bisa menjadi tulang punggung timnas indonesia dalam piala asia 2023 blcmay,2.0,2023-04-11 14:03:00+00:00
"beda dong, naturalisasi yg bener cuma jordi amat sejauh ini,sebelum dia cuma naturalisasi keperluan klub,liat kan jordi amat lgsg gendong tim dan masuk top 11 aff kmrn? next bakal ada sandy sama shayne,mereka ber3 baru bener2 naturalisasi sesuai timnas",2.0,2023-04-11 15:50:36+00:00
"gw paham sih maksudnya. di indo perlu naturalisasi soalnya indo ga nganut dual citizenship. kalo indo nganut dual citizenship ya ga perlu naturalisasi, cukup lobi aja biar dia declare ambil timnas indonesia utk sepakbolanya",,2023-04-11 16:53:17+00:00
"ya setidaknya sekarang keliatan banget kalo et lebih banyak gimmicknya -bilang lanjut liga 2 -bilang pake var -gagal lobi pake karangan bunga, tumpengan -bilang naturalisasi gampang tapi ruwet -ada wacana timnas main di satu klub",0.0,2023-04-13 12:02:47+00:00
"kalo gtu ngapa pemain naturalisasi mau dibatesin di liga? wkwk di liga di bilang naturalisasi, di timnas wni kalo kata lilipaly",1.0,2023-04-14 06:42:46+00:00
wah cr-7 bisa di naturalisasi memperkuat timnas garuda atau minimal tim bola yang ada di jateng gak tuh pak ?,,2023-04-14 06:56:21+00:00
tapi kebanyakan yg nolak pemain naturalisasi tuh ex pemain timnas yg skrng udh jadi pelatih,1.0,2023-04-14 07:28:13+00:00
ada kemungkinan pemain yang dalam proses naturalisasi itu mengurungkan niatnya untuk menjadi warga negara indonesia,1.0,2023-04-14 10:10:00+00:00
"yakin mau bela timnas indonesia? kok minta harga selangin untuk proses naturalisasi... justin hubner meminta syarat uang rp 14,6 miliar buat proses naturalisasi naturalisasihubneralot",,2023-04-14 15:34:52+00:00
"hahaha ga yg muda, ga yg senior. sama aja butut nya. emang ini timnas wajib pake 100% naturalisasi biar ky france. gausah pake teriak2 lokal pride basiii",,2023-04-14 15:35:30+00:00
"pak buat apa si naturalisasi pemain,? yg sdh di naturalisasi sj gak jg mmbawa timnas berprestasi, knyataanya gak ada kmajuan sm skali di sepak bola konoha ini, gak prlu lg naturalisasi pmain tp tingkatkan dan majukan pemain lokal spy lbh baik lg bs membawa kmajuan",0.0,2023-04-15 00:39:04+00:00
"lah terus si inaki wiliams kok bisa pindah timnas? dia dari timnas spanyol ke timnas ghana, pdhl dia udh pernah debut loh di timnas senior nya spanyol, tapi knp dia masih bisa di naturalisasi?",1.0,2023-04-15 18:13:08+00:00
asal jangan wan abud saja yang pimpin program normalisasi diganti naturalisasi tapi ga dikerjakan.. klo mau naturalisasi belajar sama pssi bisa naturalisasi pemain timnas indonesia,0.0,2023-04-16 08:27:45+00:00
membayangkan seandainya pluim80 menjadi pemain naturalisasi dan memperkuat timnas indonesia,1.0,2023-04-16 13:09:38+00:00
adanya pemain naturalisasi akan meningkatkan persaingan sehat dalam timnas guebarengerickthohir,,2023-04-17 08:29:32+00:00
"prancis jg ada pemain yg numpang lahir atau numpang besar di prancis tp bisa masuk timnas, alias malah gak ada darah keturunannya. jd ya wajar2 aja sih naturalisasi itu..",2.0,2023-04-17 09:05:19+00:00
"-timnas era sty mainnya tiki taka dan umpan pendek -egy pemain jelek (apalagi yg ngomong klo jeleknya dari dulu) -hanno behrens ampas -tc jangka panjang harus dilestarikan -arhan gakpapa stay di verdy, walo ga pernah dimainin -naturalisasi adl 1 1 nya kunci",0.0,2023-04-17 10:57:24+00:00
pemain timnas prancis itu mereka di naturalisasi ya bang?,,2023-04-17 14:35:42+00:00
"kaya timnas langganan juara aja. kalo timnasnya berprestasi pakai lokal, terus naturalisasi jeblok, baru dah boleh marah-marah",0.0,2023-04-17 14:48:27+00:00
another reminder buat pak erick thohir kalau ngga selamanya bisa mengharap kalau program naturalisasi beberapa pemain bisa mulus untuk ngekatrol kualitas timnas setiap segi umur. memang kompetisi muda kompetisi lokalnya yang harus dibenahi lebih dahulu. harus jelas roadmapnya.,0.0,2023-04-17 14:56:29+00:00
"ya selama ini lokal emg sering juara juga kah? naturalisasi yg serius bru bbrp taun terakhir, yg bener2 bagus pemainnya, dlu mah emg ngaco, dan klo lu nnton timnas skrg tau gmna bedanya pemaen lokal sama naturalisasi, amin dah semoga gaada lokal di timnas, lebi bagus",0.0,2023-04-17 20:55:48+00:00
hampir ka ga respect ke timnas indo banyak naturalisasi nya serasa ngedukung orang2 asing mending kalo bikin bangga mah,0.0,2023-04-17 21:04:28+00:00
timnas isinya pemain naturalisasi semua hahaha,0.0,2023-04-17 21:30:49+00:00
"kalopun iya minta 1 juta euro, kayaknya itu cara dia aja buat nolak di naturalisasi indonesia secara halus, toh dia juga masih punya prospek bagus di timnas belanda.",0.0,2023-04-17 22:04:46+00:00
"timnas bola kebanyakan naturalisasi, orang indo aslinya pada kemana ya",,2023-04-18 01:00:54+00:00
"lah justru federasi yg nolak hubner, rumornya dia minta 1jt euro plus kebijakan istimewa lainnya selama jadi naturalisasi. yah jelas gak tau dirilah belum ngasih apa ke tanah air udah minta di istimewakan, apa gak malu ke pemain lain yg udah tumpah darah, keringat demi timnas.",,2023-04-18 02:36:36+00:00
"orang ngomongin prestasi timnas lokal vs timnas naturalisasi, dikasih fakta malah sewot. yg gua katakan sampah bukan hanya pemain naturalisasi yg sekarang tapi juga dari masa lalu. kalau gak bisa baca gak usah sok komentar lah",0.0,2023-04-18 09:26:10+00:00
data apaan? juara taun 91 ? timnas naturalisasi ? emang ada? 1 skuad aja naturalisasi cuman 3 orang. itu bisa disebut timnas naturalisasi? kalo goblok dan bego itu kasih batas napa wkwkwk.,0.0,2023-04-18 12:49:15+00:00
"isinya elitis, ga punya pendirian tegas, mencla mencle sama kasus kanjuruhan tapi percaya klo persepakbolaan lokal bisa berkembang lewat shortcut prestasi timnas dan naturalisasi.",,2023-04-20 05:02:42+00:00
"meski dengan full team pemain keturunan atau naturalisasi, timnas kita masih bakal kalah sama negara2 asia barat timur. apalagi kalau masih ngotot lokal pret",0.0,2023-04-20 05:19:04+00:00
timnas indonesia bisa jadi juara kalau semua pemainnya naturalisasi.,2.0,2023-04-20 11:51:29+00:00
semoga aja timnas utak-atik formasi 352. karena winger timnas lagi bapuk+punya pemain naturalisasi di kanan kiri. di depan ada satu striker senior biar jadi mentornya sananta.,2.0,2023-04-21 10:31:04+00:00
"bukan bela ibul, era ini untuk kompetisi club lokal sangat buruk, mulai dr operator sampai wasit, dana fifa buat training ground entah kemana tp ibul punya terobosan epa dan menghidupkan timnas wanita, naturalisasi pemain aboard berkualitas jangan lupa juga",0.0,2023-04-21 15:36:18+00:00
"fm 20, pakai timnas indonesia tembus 40 besar.... di fm 23 sudah pakai pemain naturalisasi masih susah menang wkwk",,2023-04-22 01:57:12+00:00
"naturalisasi baru paham kenapa anies pakai istilah naturalisasi, ternyata itu terkait dg layar belakang keluarga yg dinaturalisasi jadi wni. apakh itu sprt pemain bola yg dinaturalisasi jd pemain timnas? pertanyaan yg publik belum tahu, kakek anies dinaturalisasi dr negara apa?",0.0,2023-04-23 15:37:30+00:00
gini mul. timnas saja mau maju butuh  pemain naturalisasi. nah indonesia juga mau maju butuh pemimpin yg wawasannya naturalisasi :`),,2023-04-23 23:31:03+00:00
"tanpa pemain naturalisasi, apakah timnas indonesia bisa eksis? timnasday timnasindonesia seagames indrasjafri marselinoferdinan",0.0,2023-04-24 10:44:47+00:00
"tentu saja pake elkan baggott, pemain andalan kalo main fm22 pake klub liga kasta bawah. di sini baggott belum dipanggil timnas, karna gw pake database pemain2 naturalisasi, jadi dia ini termasuk pemain cupu buat indonesia. so, misi utama gw adalah bikin dia langganan timnas",1.0,2023-04-24 16:07:53+00:00
"pemain timnas naturalisasi sih ok ya, tapi ri1 naturalisasi?",0.0,2023-04-25 01:19:27+00:00
"saya agak ragu dengan kualitas calon pemain naturalisasi indonesia, rafael struick untuk timnas senior. menit bermainnya tidak terlalu bagus di ado den haag. tapi coach sty tentu lebih tahu tentang ini. karena walau bagaimanapun dia pemain didikan eropa.",0.0,2023-04-25 02:32:47+00:00
iya bang makanya di naturalisasi sama timnas indonesia,1.0,2023-04-27 15:40:40+00:00
ibarat pemain naturalisasi lgs masuk timnas,1.0,2023-04-28 02:01:23+00:00
alhamdulillah terima kasih pak erick atas naturalisasi pemain timnas agar bisa bergabung dengan timnas indonesia. etmenterisolutif,2.0,2023-05-06 06:46:11+00:00
sesuai komitmen ya pak. terimakasih pak atas dituntaskannya naturalisasi untuk pemain timnas indonesia. etmenterisolutif,2.0,2023-05-06 06:53:25+00:00
terima kasih pak erick thohir atas komitmen memastikan naturalisasi pemain timnas indonesia. etmenterisolutif,2.0,2023-05-06 08:07:11+00:00
terima kasih pak erick thohir sudah pastikan segera proses naturalisasi pemain timnas indonesia. kerennn pak erick thohir etmenterisolutif,2.0,2023-05-06 08:26:47+00:00
"netijen julid banget, liat lah timnas sepak bola indonesia banyak naturalisasi karena ngejar prestasi. bacotin negara orang",0.0,2023-05-11 13:35:26+00:00
salut untuk indra sjafri. 3 kali bawa timnas indonesia tanpa ada pemain naturalisasi. terima kasih pak,2.0,2023-05-17 03:21:45+00:00
"next sapa lagi yang akan di naturalisasi pssi? semoga mereka semua terpakai di timnas indonesia, dan sesuai kebutuhan juga",,2023-05-22 14:13:52+00:00
"gw termasuk yg setuju pemain keturunan masuk timnas indonesia klo mrk berkeinginan membela indonesia yg notabene separuh darah mrk jg indonesia, why not ? maroko bnyk pemain naturalisasi dan masuk piala dunia indonesia pasti bisa garuda mendunia timnasdapatemas",2.0,2023-05-24 10:03:04+00:00
"selamat datang pemain naturalisasi asal belanda, semoga bisa memperkuat timnas . timnasdapatemas",2.0,2023-05-25 05:40:10+00:00
"rakyat indonesia, sangat bangga jika seluruh pemain timnas indonesia vs argentina adalah bukan pemain naturalisasi",2.0,2023-05-25 12:48:32+00:00
"teriak-teriak timnas indonesia culun kebanyakan make pemain naturalisasi, tapi dukungnya timnas perancis",0.0,2023-05-28 09:38:02+00:00
"10/ padahal seperti yang sudah dibahas, naturalisasi tidak sebatas urusan timnas indonesia. ada yang pindah kewarganegaraan karena urusan administrasi misalnya perkawinan. apakah dzumafo menjadi wni karena mau masuk timnas indonesia? jawabannya tidak.",1.0,2023-06-12 00:56:35+00:00
kedua pemain naturalisasi itu aset berharga yang dimiliki timnas indonesia.,2.0,2023-06-14 15:51:11+00:00
"maap saya bukan pendukung naturalisasi, asa kumaha kitu, ningali make jersey timnas tapi paras bule",0.0,2023-06-16 07:31:16+00:00
apakah penting naturalisasi pemain untuk timnas indonesia?,,2023-06-19 03:47:06+00:00
butuh berapa pemain keturunan + naturalisasi lagi biar timnas indonesia bisa berbicara di level dunia?,1.0,2023-06-19 13:01:56+00:00
"dear sty, gaji doang gede 4 tahun nol gelar minim prestasi, udah dikasih banyak pemain naturalisasi tapi tetep ga ada hasil. mending indra sjafri pake pemain lokal gaji juga gak semahal sty tapi bisa bawa timnas tsunami trophy.",,2023-06-19 13:29:24+00:00
"2 pemain paling kelas lawan argentina. kata siapa naturalisasi ngehambat perkembangan pemain lokal. daripada mikirin makin banyak pemain naturalisasi, mending pikirin kualitas lu sendiri. kalo lu punya kelas, lu kok yang jadi bintang di timnas lu",0.0,2023-06-19 14:55:43+00:00
banyak pemain naturalisasi di timnas indonesia tp yg di elu2 kan tetap asnawi. jd artinya apa bang messi?,0.0,2023-06-20 06:07:09+00:00
"di timnas bola skrng pemain naturalisasi cuma klok doang yg lain keturunan. jordi kakeknya orang siau. rafael? neneknya warga semarang. maminya elkan dr jakarta. kakungnya sandy, surabaya. ivar neneknya asli jember. shayne kurang apa cb dpt nama marga yg maluku bgt sama ky fano.",1.0,2023-06-27 10:17:33+00:00
"dari namanya ines ta?, dia masih ada keturunan jawa, mending naturalisasi saja bela timnas main piala asia",,2023-07-01 10:13:43+00:00
nonton persis vs persebaya pengen liat sananta aja . semoga kosisten permainannya sehingga ga perlu naturalisasi pemain2 depan lagi buat timnas indonesia,0.0,2023-07-01 13:24:28+00:00
"timnas indonesia knp pusing2 pake wacana striker naturalisasi. ini ramadhan sananta finishingnya kyk erling haaland. blm lg ada hokky caraka, dimas drajat. balik lagi dikasi kesempatan ga ke tim senior?? klo teamnya bagus otomatis bomber2 lokal ini bagus.",0.0,2023-07-01 13:24:53+00:00
"wajar kalau menyimak kebijakan menggunakan pemain naturalisasi oleh pssi, mengingat background pak sebagai businessman yang berorientasi ‘get things done’. bagaimanapun juga publik tanah air punya ekspektasi besar soal timnas garuda yang musti dideliver oleh .",,2023-07-02 05:06:50+00:00
"oke utk timnas pakai naturalisasi yg banyak, no problem. tapi jangan komplen juga soal kompetisi liga indonesiq yg kasih kuota asing 5+ 1 asean. keduanya sama2 berjuang menaikan levelnya. timnas naikan level peringkat fifa sedangkan kompetisinya naikan level di champion asia.",2.0,2023-07-02 06:06:55+00:00
"kalo bicara timnas ya gak bs full bule semua naturalisasi biar berprestasi instan gitu. aneh kalo timmas berprestasi tp pemainnya kebanyakan lahir, tinggal, tumbuh di belanda, ke indonesia jarang dan gak bisa bahasa indonesia.",0.0,2023-07-02 06:30:05+00:00
"emang beda mas antara pemain naturalisasi keturunan, kebanyakan yang dipanggil itu pemain keturunan. naturalisasi memang banyak, rata2 karena sdh milih tinggal di indonesia, itupun yg ke timnas sedikit. kalau keturunan, dia harus milih, karena di sini menganut 1 kewarganegaraan",1.0,2023-07-02 07:29:08+00:00
"tapi lu lebih tolol sih gabisa bedain keturunan sama naturalisasi, konsep itu aja dulu dah. baru jawab di timnas sekarang berapa pemain naturalisasi? nyampe gak otak loe",0.0,2023-07-02 08:42:36+00:00
"maap² nih bg, pengertian naturalisasi apaan yak? bukannya jenner, amat, pattynama, rafael, dll itu dipanggil timnas karna mereka masih punya darah keturunan indonesia yah?. jadi naturalisasinya bagian mana ya bg?",0.0,2023-07-02 08:52:32+00:00
"hehhh...dari dulu gw pikir emang lucu sih sepak bola indonesia.. mau bangga dgn prestasi nya, tp kebanyakn star player nya import ato naturalisasi.. udah gtu klo ada pemain bule, aura pemain lokal nyungsep.. bahkn sekelas artis cwek indonesia pun banyk yg nempel ama pemain bule..",0.0,2023-07-02 09:37:43+00:00
"lu pikir sebulan pal eth bisa sulap timnas langsung juara piala afc? lu yg cerdas apa lu yg kebangetan tolol? wajar aja byk pemain naturalisasi, contoh aja perancis sama belanda kbykn pemain naturalisasi.",0.0,2023-07-02 12:02:50+00:00
kalau ingin membangun rasa nasionalisme yg kuat sebaiknya pelatih pemain timnas harus di isi anak2 muda indonesia yg terbaik . karena sejujurnya ada rasa tidak puas jika timnas justru banyak diisi oleh pemain naturalisasi . seakan tak percaya dgn kemampuan anak bangsa sendiri .,0.0,2023-07-02 12:20:09+00:00
"lu tau ? timnas france aja sedikit pemain lokal nya, kbnykn naturalisasi jg wkwk",2.0,2023-07-02 12:46:59+00:00
bacot lu... kayk tau aja bola... warga kita ini semua serba salah nengok timnas gk maju2 salah.. dibnyakin naturalisasi biar maju salah.. noh liat perancis berapa org pemain keturunan nya... gk sibuk masyarakat nya,0.0,2023-07-02 13:14:56+00:00
"indo bukan pake pemain naturalisasi anjer, mereka pemaen 'keturunan', ya artinya punya hak untuk membela timnas indo. entah bapanya/ibunya/kakek neneknya yg punya darah indo, tp nikah sama org luar. jadi naturalisasi indo tuh cuman satu org, si marc klok doang, yg lainnya kagak.",0.0,2023-07-02 13:43:32+00:00
"makanya jangan terlalu overproud dan sembah2 naturalisasa naturalisasi. pemain2 ini kualitas buangan semua makanya mau terima naturalisasi dari negara yg fifa ranking 150 radja nainggolan waktu itu mana mau dinaturalisasi gini, standarnya cukup utk dipanggil timnas belgia",0.0,2023-07-03 03:01:06+00:00
ini baru pantas di naturalisasi untuk timnas indonesia u-17,2.0,2023-07-03 03:12:44+00:00
"elkan kan baru 20 tahun ngab. hanya segelintir pemain yg masuk starting dan skema pelatih usia segitu di eropa. kebanyakan dipinjamkan. kita juga tdk ingin overproud dgn pemain naturalisasi, nyatanya d lapangan saat main d timnas kualitasnya lebih bagus dari yg main d liga 1",2.0,2023-07-03 04:39:21+00:00
kalo ada orang kayak gitu mah tanyain aja coba pemain naturalisasi di timnas sekarang ada berapa paling juga gakpaham mereka,0.0,2023-07-03 05:47:20+00:00
"ridho, ferrari, hansamu ini kalo belum ada bek naturalisasi sih bisa jadi bek inti timnas semua",1.0,2023-07-03 11:47:40+00:00
krg beruntung aja psj.suka bget lht komposisi skuadnya.mainin pemain lokal 10org.mana beknya anak timnas dan mantan timnas smua.keren abis doll.klo aja byk pelatih spt ini pst timnas akan lbh mudah cari pemain.jdny pemain naturalisasi murni abroad smua ga ada dr liga lokal lg,2.0,2023-07-03 13:02:52+00:00
"jangan sampe di naturalisasi lah, kasian udah mau melejit karirnya. mending berkembang di eropa terus bela timnas belanda",0.0,2023-07-03 19:18:54+00:00
kaya gini masih ada yang bilang timnas naturalisasi ampun-ampunan emang lokal pret itu,0.0,2023-07-04 04:53:00+00:00
"sebagai tuan rumah piala dunia u-17, kita dapat euporianya saja. mengingat kita gagal lolos melalui jalur kualifikasi/prestasi. sekarang, bagaimana kesiapan timnas u-17 di bawah bima sakti? pasokan pemain dari mana? dari ssb, plp atau naturalisasi?",1.0,2023-07-05 10:12:20+00:00
"tinggal tunggu brajil pke pemain naturalisasi, itu tanda2 timnas kita bs juara dunia (dgn catatan: israel gk lolos)",,2023-07-05 12:40:06+00:00
"sty mah alhamdulilah kalo dapetin tijani reijnders bang, masalahnya reijnders pasti udah punya harapan tinggi buat masuk timnas belanda, apalagi kalo dia jadi gabung ke ac milan, udah ga bakal mau naturalisasi ke indonesia",1.0,2023-07-05 17:05:38+00:00
"pildun u17 di ri bukan level asean. timnas dari negara2 di 5 benua yg lolos ke pildun u17 di ri adl tim2 kuat, bkualitas. perlu memperkuat tim pelatih. berpengalaman, memahami level dunia. timnas u17 indonesia perlu diperkuat, ber-sama2 para pemain naturalisasi yg berkualitas.",2.0,2023-07-06 04:52:58+00:00
kalo kata sty ga ada yg layak cm asnawi doang yg berhak di timnas cm peman naturalisasi,0.0,2023-07-06 12:15:35+00:00
"kok mental inlander? mereka yg naturalisasi kan juga orang indonesia, mereka keturunan. selama sudah wni, semua wni punya hak yg sama untuk membela timnas kok. ga ada produk lokal yg disingkirkan. dasar si paling lokal",0.0,2023-07-08 01:18:26+00:00
"timnas kelompok umur gak perlu naturalisasi deh kayaknya. yg penting punya paspor indo bisa aja. beda klo mau lgsg timnas senior, harus wajib naturalisasi. kayaknya gitu sih setau saya..",1.0,2023-07-10 13:27:52+00:00
"pemain asing semua, kecuali ricky cawor. mana nih striker pemain indonesia? masa iya timnas mau ngandelin pemain naturalisasi",0.0,2023-07-11 06:04:37+00:00
"salah satu terobosan kece yg dilakukan pak erick thohir dalam benahi total pssi, adalah memperkuat timnas lewat pengembangan talenta muda dan terobosan naturalisasi pemain keturunan dengan grade a bersama shin tae yong apresiasiet",2.0,2023-07-14 09:00:00+00:00
"skrng ya gue liat skuad timnas makin dihiasi oleh banyak talenta muda yang menjanjikan, ditambah dengan rekrutan lewat jalur naturalisasi yang semakin baik di bawah duet dan shin tae young. bravoo pak... benahi total pssi apresiasiet",2.0,2023-07-14 09:00:00+00:00
"tapi fakta, asal bisa lari kenceng, main ngotot, bisa gocek dikit auto dianggep jago wkwkwk makanya pemain lokal kalah saing kalo sama pemain luar, di timnas juga kegusur ama pemain keturunan/naturalisasi wkwkwkw",0.0,2023-07-14 19:39:30+00:00
tijjani reijnders kalo waktu itu jadi di naturalisasi setelah pindah ke milan jadi grade s pasti di timnas indonesia,2.0,2023-07-15 12:46:00+00:00
dus dus... kochi itu pro naturalisasi di timnas tapi satu2nya program erick thohir yg dia ga setuju ya 6 asing di liga. gmn blok?,,2023-07-15 13:06:21+00:00
liga jelek dan gak bisa konsisten dengan jadwal + pemain norak + wasit goblok + suporter tidak dewasa + operator mafia + federasi aroma politik + timnas naturalisasi. ada orang mau berharap aja udah aneh,0.0,2023-07-15 13:51:40+00:00
ntar kalo udah umur 30 belom nembus timnas belanda baru mau di naturalisasi lord wkkk,0.0,2023-07-15 16:30:34+00:00
konspirasi.. apa hubungannya sama timnas indonesia naturalisasi... goblok.. negara lain juga ada timnas nya naturalisasi.. lokal pride juga belom tentu timnas menang....,0.0,2023-07-15 23:31:38+00:00
sok paling tau keamanan di liga ini.. sok paling tau regulasi liga.. pake ngomong timnas naturalisasi.. makan tuh lokal pride,0.0,2023-07-15 23:37:02+00:00
"partai2 ini pada gak punya harga diri kali yak? … kenapa yg di usung bukan kadernya sendiri, tapi orang lain yg nggk pernah bekerja berkeringat utk partai mereka… ?kayak pemain naturalisasi di timnas negara tetangga…. gagal total dalam kederisasi wkwkwwkk",0.0,2023-07-16 10:26:14+00:00
"ahh i see, soalnya baru kepanggil timnas di nation league kemarin. barusan baca katanya ada darah maluku kochi, sempet ditaksir sty buat naturalisasi tapi dia milih belanda",,2023-07-16 17:46:15+00:00
"dia gk mau di naturalisasi keknya, dia bs msk starting timnas belanda kedepannya. drpd hrs maksa join ke timnas indo",1.0,2023-07-17 01:39:39+00:00
orang dia udah main di timnas senior juga nggak bakal bisa di naturalisasi secara federasi. hanya segelintir orang yang tak tahu ilmu tapi suka mencela padahal sesama warga indonesia juga. miris!,0.0,2023-07-18 01:41:57+00:00
"appi emang kocak, protes liga 2 gak usah pemain asing.. lihat tuh timnas indonesia, berapa banyak pemain keturunan yang masuk radar untuk di naturalisasi dan langsung masuk skuad.",0.0,2023-07-19 00:18:06+00:00
"kalau timnas di isi pemain keturunan dan naturalisasi, ada berapa ratus juta anak yang ingin berjuang masuk timnas tpi kalah sama jalur naturalisasi dan keturunan",0.0,2023-07-19 00:19:45+00:00
"tujuan pesepakbola pasti ingin membela timnas, tapi kalau sudah berjuang tpi malah mementingkan pemain keturunan dan naturalisasi, ada berapa banyak pemain lokal yang kehilangan harapan?",0.0,2023-07-19 00:34:01+00:00
"timnas mulu lu yg di pikirin, ga semua2 harus tentang timnas mending pake naturalisasi aja udh pling bner, ikutin afc aja apa susah nya liga udh kalah saing di asia masih aja belagu",0.0,2023-07-19 01:33:44+00:00
"yang bilang konteks takut bersaing sopo cok? saiki nek timnas di isi pemain naturalisasi kabeh terus sing lokalan kate mlebu timnas lewat jalur opo maneh, deloken federasi saiki ribut golek pemain keturunan opo gak percuma pemain lokal berjuang mati matian tpi gak mlebu timnas",0.0,2023-07-19 03:08:52+00:00
"pemain naturalisasi aslinya mereka ampas di negara domisili mereka, gak kepake di timnas sana kalah kualitas dengan pemain lokal sana, jadi mo aja gabung timnas indonesia asal dengan bayaran lumayan lah...",0.0,2023-07-19 04:29:02+00:00
naturalisasi kan buat timnas bukan bukan buat liga,1.0,2023-07-19 16:49:45+00:00
"sudah lah akui saja, nyatanya memang anjlok kualitas pemain lokal kalian. klo memang gak anjlok ngapain federasi sepak bola kalian ramai2 naturalisasi pemain, yg kualitasnya sama aja kayak pemain lokal. lawan timnas indo aja ketar ketir",0.0,2023-07-20 04:25:29+00:00
"tak perlu naturalisasi, gelandang liga qatar ini bisa duet dengan marc klok di timnas indonesia",2.0,2023-07-20 05:03:29+00:00
semoga ga naturalisasi jadi pemain timnas indo,0.0,2023-07-20 05:23:09+00:00
mungkin beliau berminat ikut program naturalisasi untuk timnas indonesia,1.0,2023-07-20 07:04:32+00:00
"halah, nanti klo berprestasi jg anak cucunya ditawari naturalisasi masuk timnas.. *ngomong opo to ki?",0.0,2023-07-21 10:13:28+00:00
"gak kaitannya dgn nasionalisme kaleeee... lah itu pemain timnas pssi bbrp dari mereka hasil naturalisasi.. apakah mereka diragukan nasionalismenya? ketika penghargaan terhadap profesi dan karya diabaikan oleh penguasa, lebih baik berkarya di tempat yg menghargai.",,2023-07-21 23:01:10+00:00
keputusan yg bijak karena masa depan timnas semua sudah diambil alih pemain naturalisasi,2.0,2023-07-23 07:23:35+00:00
"timnas wanita philippines halfbloodnya seimbang (atau bahkan dominan)? dari 23 pemain cuma 1 homegrown, 18 kelahiran dan tinggal di usa, 4 naturalisasi. dan juga sebagian pemain yg bikin lolos ke piala dunianya didepak dari tim. yakin mau seperti itu?",0.0,2023-07-23 07:45:25+00:00
"makanya jgn pada protes klo timnas diisi aja smwnya sma pemain keturunan/full naturalisasi, pribumi mindsetnya masih belum berubah sejak jaman suharto...",0.0,2023-07-23 09:04:29+00:00
"baca baik2 komenan gw, gw malah nyaranin semua pemain timnas itu halfblood/full asing naturalisasi aja karena yg pribumi penyakit mentalnya ya masih begini ini...",0.0,2023-07-23 09:20:28+00:00
trus gunanya apa kompetisi kalo pemain2nya ga dipakai timnas indonesia berpenduduk 270juta dan punya pemain2 muda berbakat masa pake pemain2 naturalisasi sdh siap diserang kaum local prett?,0.0,2023-07-23 11:25:19+00:00
"sangat tidak profesional, lebih baik timnas pakai pemain naturalisasi aja",0.0,2023-07-24 02:48:45+00:00
"timnas mending full pakai pemain naturalisasi, biar ga ganggu mereka yg lagi berusaha meraih cita2 jadi polisi",0.0,2023-07-24 07:36:38+00:00
untuk timnas sepakbola bolehlah naturalisasi ...... untuk pilih presiden kualitas lokal lebih handal!!!!,,2023-07-24 10:44:01+00:00
ga heran suatu saat timnas di isi pemain naturalisasi semua,0.0,2023-07-24 12:39:17+00:00
pake naturalisasi semua aja timnas kalo pemain lokalnya ga profesional gini,0.0,2023-07-24 13:09:11+00:00
"yg ada di daftar atas itu mending gausah dipilih timnas lagi, pake naturalisasi lbh oke",2.0,2023-07-25 08:02:15+00:00
"kalau sedikit berprestasi lalu dijadikan pns dll, maka setelah jadi pns itu, hilang semangat tekun di bola. setelah itu, menurunlah kemampuan mereka, lalu timnas lagi² naturalisasi pemain asing. knapa? karena pemain asing bener² survive saat bermain di indonesia.",0.0,2023-07-25 08:35:12+00:00
makin yakin mnding timnas isinya naturalisasi aja semua,,2023-07-25 09:38:43+00:00
timnas indo bisa tuh diisi naturalisasi semua. mayan siapa tau kaya prancis,,2023-07-25 12:50:49+00:00
cukup menikmati liga dunia kecuali liga indonesia dan timnas naturalisasi,0.0,2023-07-25 14:26:01+00:00
gokil ya doi min foot apalagi kalo dia pengen naturalisasi keren deh timnas kita,,2023-07-26 02:10:25+00:00
"wkwkwkw mental tempe, pantes aja timnas bagusnya di isi banyak naturalisasi",0.0,2023-07-26 04:43:05+00:00
"selama timnas berada di tangan sty, sepertinya harapan itu masih ada. entah kenapa paradigma yang dibawa dia lebih ke radikal, kayak musuh fmd langsung argentina yg biasanya tim krikil, komposisi naturalisasi yang dominan, dan serba kebalikan dengan era dulu.",2.0,2023-07-27 16:37:30+00:00
coba sebut siapa pemain diaspora di timnas senior?? senior mah naturalisasi bkn diaspora.,0.0,2023-07-28 02:25:27+00:00
"pantesan aja buat di level timnas nyari 11 pemain berkualitas dari jumlah penduduk indonesia yg 200 juta lebih orang itu susah, ya mending cari pemain keturunan/naturalisasi yg grade a aja kalo begitu mah mendingan nanti line up skuad nya",0.0,2023-07-29 10:35:47+00:00
semoga yg masuk berkualitas. lihat liga 1 rasanya mau nangis. secara teknik dasar amburadul. timnas /sty memang harus naturalisasi pemain kalau mau main bagus,,2023-08-01 18:25:43+00:00
"ya gimana ya bang, dari mulai genetik aja badan org kita udah kalah sm orang luar. sebenernya bisa dikejer lewat latihan, tp apa tiap tim di liga udah merata fasilitasnya. gimana dpt pemain timnas yg bagus kalo tim2 lokal masih kureng. cara instannya ya naturalisasi wkwk",0.0,2023-08-04 06:26:56+00:00
"ga cm timnas sepak bola yg naturalisasi ternyata wkwkwkwk,",0.0,2023-08-04 08:37:44+00:00
udah pk erick uruson timnas aja ngurusin tim liga 1 gaada abisnya masalahnya percuma diisi ini itu tapi kalo elemen lainnya gk berubah udahlah sepak bola indo gak akan kemana lebih percaya progres timnas dengan pemain abroard ama naturalisasi,,2023-08-04 15:32:19+00:00
timnas masih ada soalnya bisa pake naturalisasi atau keturunan tapi gbkln bisa maen soalnya udah dibanned duluan karena liga nya ngga bergulir cmiiw,0.0,2023-08-04 18:48:11+00:00
"coba dibalik, pemain keturunan/naturalisasi yg main di liga indonesia brp persen yg jadi langganan timnas? dan kira2 knp?",,2023-08-05 05:51:50+00:00
"tijani emang nolak, ragnar pengen skuad timnas semuanya main di eropa baru mau naturalisasi, emil bapaknya yg nolak, hilgers masalah di dwi kewarganegaraan dan mungkin setelah melihat pemain naturalisasi lainnya di eropa mereka merubah keputusannya, yg lain gk ada masalah apa2.",1.0,2023-08-05 06:46:31+00:00
"buat yg naturalisasi jalur 5 tahun menetap di indo kenapa gak dipanggil timnas lagi? soalnya udh keburu tua usianya, rata baru diurus naturalisasi pas kepala 3, dah gitu kebanyakan yg masuk jalur ini ya buat syarat aja biar si pemain tsb bisa main di klub dgn kuota lokal.",0.0,2023-08-05 06:54:36+00:00
development berhasil naturalisasi berhasil liga baik timnas baik,2.0,2023-08-05 10:33:35+00:00
mau siapapun punya hak sama bela timnas asalkan punya kualitas. bagaimana caranya pemain amatir/biasa jadi berkualitas kalau kompetisi atau menit bermainnya sedikit? pssi cenderung memilih langkah pendek (naturalisasi) daripada jangka panjang (buat kompetisi sebanyak2nya).,0.0,2023-08-05 10:42:56+00:00
"semoga saja dia mau, berkaca ke pemilihan pemain naturalisasi timnas sekarang yang mencari pemain liga eropa grade a, semoga perlahan bisa memperbaiki kualitas timnas",,2023-08-05 10:54:35+00:00
"mau lokal / luar sama aja, kalo gak dapat menit bermain yang cukup gak mungkin bisa tembus timnas. poinnya kan perbanyak kompetisi supaya pilihan masuk timnas juga banyak, mau org indonesia / naturalisasi sama aja.",0.0,2023-08-05 14:17:45+00:00
ibarat panggilan timnas eh malah milih naturalisasi ke pluto ya pakpres,0.0,2023-08-07 14:31:53+00:00
"harusnya timnas konoha naturalisasi pemain yg main di liga inggris, spanyol, itali kayak gio panbrongkos, pan persi, raja naingolan, bukan naturalisi yg cuma bisa ngomong aku cinta konoha",0.0,2023-08-07 17:47:49+00:00
"makin kecil kemungkinan dia di naturalisasi, peluang masuk timnas itali lebih besar sekarang",1.0,2023-08-08 01:17:03+00:00
pemain yg mau di naturalisasi = emang gua pemain bola apaan maen di timnas indo?,0.0,2023-08-08 04:05:34+00:00
"yg ada tmbah gamau dia naturalisasi, peluang dia buat main ditimnas italia lebih besar klo bsa masuk inter, mana mau dia main di timnas wakanda",,2023-08-08 05:05:49+00:00
"bukannya beliau menolak untuk naturalisasi ke timnas ya? dan keluarganya pun tidak setuju buat balik ke indonesia, kok masih seakan di klaim?",,2023-08-08 10:23:05+00:00
"klub pemain kita lainnya bisa nih kek gini... apalagi yang calon naturalisasi, biar mereka semakin mau bela timnas...",2.0,2023-08-09 01:31:35+00:00
"pemain overrated. di timnas juga mainnya b aja, nothing special. hanya karena dilabeli 'naturalisasi' saja yg bikin dia jadi besar di timnas",0.0,2023-08-09 02:31:24+00:00
berarti derby milan musim ini bakalan ada duel pemain yg pernah nolak naturalisasi timnas indonesia,1.0,2023-08-11 01:19:51+00:00
"ga tembus timnas italia, kenapa ga naturalisasi aja sih...",0.0,2023-08-11 02:05:29+00:00
pake pemain naturalisasi di timnas juga mending diem aja sih.,0.0,2023-08-11 05:51:06+00:00
"hadeh, kalo ada pemain blasteran berprestasi mana mungkin mau main di timnas indo, pribumi asli aja kalo skill nya bagus dan ditawarin naturalisasi negara lain pasti juga mau. rata bule yg dinaturalisasi timnas indo juga kalo disetarain kualitasnya kayak pemain tarkam di eropa",,2023-08-11 12:03:39+00:00
"paling bener naturalisasi semua aja timnas ini, lokalannya sendiri aja gak yakin hidup dari sepakbola",0.0,2023-08-11 16:16:54+00:00
"tijjani reijnders sempat dirumorkan saat ia masih main di alkamaar untuk di naturalisasi kan dan diharapkan bela timnas.dan gw gatau apakah ia emang punya darah indo,tetapi langsung diangkut milan dan pastinya jg susah untuk menyaingi timnas belanda next?",1.0,2023-08-12 03:47:42+00:00
untung jg timnas italy gk jadi naturalisasi ni pemain.,1.0,2023-08-12 08:44:22+00:00
andai jordi amat betulan ke liga turki maka 4 bek timnas kita saat di piala asia tahun depan bakalan berstatus pemain klub eropa. dan andai jadi ada tambahan 1 pemain bek naturalisasi dari liga belanda bakalan jadi 5 bek timnas main di klub eropa.,1.0,2023-08-13 15:33:11+00:00
"pantes indonesia ga dikasih juara di level international, suporter nya pada tamak semua padahal baru juara asia pertama kali. (database timnas full naturalisasi) cc:",0.0,2023-08-14 08:42:44+00:00
"padahal kalau hasil pertandingan pelatih tersebut jelek karena pemain intinya di panggil timnas dan kemudian pelatih tersebut di pecat, palingan dan gg bakal ngapa2in. emang udah bener sih klow di indo gg usah ada naturalisasi dan pelatih asing.",0.0,2023-08-15 18:54:13+00:00
"di timnas sepak bola aja, naturalisasi sandy walsh nyampe 3 tahun",1.0,2023-08-16 10:17:42+00:00
"gua ga bahas soal timnas arab mampu apa kaga.. itu mah urusan mereka, mereka naturalisasi full team juga terserah. gua jawab kecurigaan lu soal orang² federasi arab ga sekolah tp lu ga cuma pake emot nangis... tp pake kata nangis gue sbg mahasiswa hi",0.0,2023-08-16 17:00:50+00:00
timnas bisa naturalisasi murdyk,1.0,2023-08-16 22:40:43+00:00
kira2 yg naturalisasi di timnas siapa ya? emang naturalisasi itu apa? kira2 marc klok atau elkan termasuk naturalisasi?,1.0,2023-08-17 11:21:30+00:00
"siapin uang yang banyak , pisahin aja timnas full pemain naturalisasi terus lokal biarin aja di klub gak usah panggil ke timnas.... kalo mau gila sekalian jangan nanggung biar pada nyaman semuanya",,2023-08-17 12:19:24+00:00
naturalisasi senior di sty sekarang aja cuman klok yang ada di timnas.,1.0,2023-08-17 15:37:24+00:00
"gimana jadinya kalau gavi dan pedri adalah pemain naturalisasi timnas indonesia,massa harus ada panggilan ke barca supaya ngelepas pedri dan gavi main di aff",1.0,2023-08-18 06:25:18+00:00
"gak berharap apa apa sama timnas kali ini karena squad nya juga i know agak krik krik, tapi ya ga sejelek ini ajg malu maluin, mending udah full naturalisasi sama abroad aja gausah pake pemain dari club lokal yang kaya tai timnasday",0.0,2023-08-18 14:36:21+00:00
"apa yg mau di ikuti, yg mau di dukung dari kedaerahan psms aja gk keliatan, dgn jangka pendek dari liga bgini gk salah naturalisasi untuk timnas, fyi liga indo di tv sudah lama di acak di daerah, so suymfiwfymn...",0.0,2023-08-19 04:34:04+00:00
"trus lu mau ngarahin ke siapa? mo ngarahin pemilih ke anes?? apa prestasinya??dia anti berkelanjutan... ok klo lu kritik ya kririk smua ... klo kririk cm 2..ya brarti lu berpihak.. klo masih lapar,jngan triak2... logika termudah nya ckup pemakn timnas aja yg naturalisasi...oke",0.0,2023-08-19 08:59:12+00:00
tenang masih ada duo naturalisasi indra dos santos dan sumardji rodriguez yg siap menggendong timnas indonesia diberbagai event *emot api-emot api*,,2023-08-19 14:45:08+00:00
"perlu digarisbawahi, bukan cuma hebat, tapi harus bisa cocok beradaptasi dengan timnya. pengalaman timnas pria yg banyak ambil naturalisasi tpi mainnya msih biasa aja.",0.0,2023-08-20 06:45:59+00:00
paling bener timnas mah kudu naturalisasi,2.0,2023-08-20 14:31:50+00:00
"melihat cara bermain pemain tengah ke depan timnas u23 indonesia, pantas saja timnas senior butuh banyak pemain naturalisasi. memang beda kelas antara beckham putra dengan marselino. sananta juga bermain buruk.",,2023-08-20 14:37:28+00:00
hhhhaaahhhh....hanya menang tipis 1 - 0 lawan timor leste lagi .... aduhhh...ternyata hanya segini kekuatan timnas u 23 jika tanpa pemain naturalisasi...kacau,0.0,2023-08-21 00:18:58+00:00
"timnas indonesia terus kembangkan tingkatkan kualitas bermain bola contoh sd kembangkan tingkatkan kualitas bermain bola ke smp sampai ke sma sampai pemain bintang , jangan seperti ezra william di belanda kembangkan bermain bola bagus tapi sudah di naturalisasi jelek main bola",0.0,2023-08-22 11:20:53+00:00
"jadi menurut saya inti kesimpulan nya, bukan memperbanyak terus naturalisasi pemain luar negeri, tetapi merekrut pelatih top dunia utk mendampingi melatih mereka sejak usia u16, u19, u23 utk timnas indonesia, niscaya akan banyak trophy diangkat..",2.0,2023-08-22 17:25:56+00:00
sabar itu semua bakalan jadi pemain naturalisasi (warga indonesia ) has sepak bola indonesia bagus dikit suru masuk tim-nas,,2023-08-23 07:52:10+00:00
"gak perlu sih menurutku, indonesia ini cuma sering² ikut event internasional, buat timnas junior juga dan juga sering diikutin event inter. kompetsi sekolah dan universitasnya ditingkatin kyk dijepang. kualitas liga juga diperbaiki, naturalisasi itu cuma utk jangka pendek.",0.0,2023-08-23 09:46:33+00:00
"emang buat jangka pendek, gk diharapkan sbgai program jgka panjang... kyk program naturalisasi timnas jepang di sepakbola lah...saat ini hrus nutupin lobang kekurangan disisi fisik dulu dan itu bs ddpt dari pemain2 dri eropa timur yg tggi2 dan besar berbanding lokal",0.0,2023-08-23 09:51:24+00:00
"gk aah, malah diluar negara arab, jepang yg pertama di asia timur yg pake naturalisasi... inget gak ada bbrp bule brazil di timnas mreka wkt prtma kali lolos pildun 98 bro??",1.0,2023-08-23 10:19:57+00:00
"mending sampe 30thun kedepan, timnas senior plus u20nya full halfblood dan naturalisasi asing deh... sampe ssb busuk itu pada bangkrut dan yg bener niat bkin ssb bermunculan, cm gt caranya indonesia bs maju dgn cara yg kejam... gmn mnrut lu bro?",,2023-08-24 13:04:49+00:00
"bro sananta ini kelas bgt, asli, gw rasa gausa pake naturalisasi striker tengah buat timnas, maksimalin dia aja 5 tahun ke depan.",2.0,2023-08-24 14:11:40+00:00
"coba deh timnas naturalisasi sterling, saliba sama osimhen, biar juara",,2023-08-26 16:11:19+00:00
"plot twist, spanyol masuk zona asia... bareng ama rusia... mampus lah lokalpret, mkin wjib indonesia punya timnas full halfblood dan naturalisasi asing...",0.0,2023-08-28 11:32:28+00:00
"wkwkw gabisa bang di naturalisasi, mereka semua udah punya caps timnas senior",,2023-08-29 04:18:05+00:00
ada yg namanya naturalisasi mungkin aja hbs ini saudi naturalisasi pemain muda yg blm punya caps di timnas senior,1.0,2023-08-29 05:10:40+00:00
"lgsg naturalisasi pemain liga arab yg udah pensiun dari timnas, jaminan bukan tim penggembira",2.0,2023-08-29 06:13:13+00:00
beda kebijakan sih. di arab bisa aja langsung digaet. kayak dulu timnas qatar kan isinya beberapa naturalisasi. kalo ga salah jonathan soriano dah pemain qatar dulu hasil naturalisasi,1.0,2023-08-29 06:19:06+00:00
makin banyak naturalisasi makin nggak semangat nonton timnas,0.0,2023-08-29 08:52:00+00:00
setelah lihat kedalaman squad inilah salah satu bentuk betapa pentingnya naturalisasi pemain komposisi pemain lokal abroad dan naturalisasi di campurkan itu adalah hal yang sangat seimbang untuk kedalam squad timnas kita pak,2.0,2023-08-29 16:27:26+00:00
naturalisasi aja ke timnas garuda,2.0,2023-08-29 16:35:34+00:00
"cc timnas korsel u17 dibentuk sejak dari kompetisi u10. timnas korsel tidak sibuk cari pemain naturalisasi timnas indonesia gmn, boss?",0.0,2023-08-30 17:37:46+00:00
pssi jadi naturalisasi pemain untuk timnas indonesia atau tidak?,1.0,2023-09-04 16:02:03+00:00
"menurut gue, komposisi pemain timnas skrg tuh makin bagus: ada diaspora, ada pemain abroad, ada yg performa bagus di liga lokal yg dipanggil, pemain2 muda cukup dominan di skuad. suka heran aja sm yg dikit2 teriak naturalisasi gini. dikira 23 pemain naturalisasi semua kali.",2.0,2023-09-06 07:25:00+00:00
"waktu indonesia bagian ribut pembinaan vs naturalisasi karena saya ga kebagian apa2, mari nikmati aja sambil misah misuh. saya dapat senangnya aja kalo timnas berprogress atau bahkan bisa menang.",2.0,2023-09-06 09:45:12+00:00
luar biasa daya tarik bagi pemain-pemain naturalisasi kita. biar makin kompetitif seleksi masuk timnas indonesia,,2023-09-07 06:24:11+00:00
"ini hasil naturalisasi kah, kaya timnas pe es es ai ?",0.0,2023-09-08 00:43:40+00:00
"berat, lokal vs naturalisasi pertahanan timnas indonesia",1.0,2023-09-08 08:56:33+00:00
"naturalisasi jay idzes bak dua sisi mata pisau. di satu pihak memperkokoh lini belakang timnas, di sisi lain menguak kelemahan pssi dalam pembinaan. headline",1.0,2023-09-09 02:55:00+00:00
"tuntutan akan kehadiran pemain naturalisasi? tenang, pak udah mendatangkan jay idzes nih. tambah yakin dong jika pak erick bakal mampu membawa timnas garuda semakin mendunia. . etbikinpssimendunia",2.0,2023-09-09 06:28:24+00:00
"et gaperlu naturalisasi emiliano audero buat main di timnas indonesia, kiper bagus kita udh banyak dan lagipula dia udh pernah nolak main di timnas mentah2 dan bapak nya nolak nya pake ngejelekin timnas kita juga. ngapain ngambil pemain kayak gitu?",0.0,2023-09-09 17:24:00+00:00
bener juga. bisa makan mie goreng pake nasi kupikir harus jadi syarat naturalisasi pemain timnas.,1.0,2023-09-10 14:34:03+00:00
perihal timnas indonesia. mengatakan bahwa sty perlu diapresiasi karena berani potong generasi lalu membandingkannya dgn pelatih sebelum2nya yg ga berani melakukan itu sedikit naif sih. gw pun kl dikasih kebebasan untuk naturalisasi pemain ya bakal fine2 aja potong generasi.,0.0,2023-09-10 20:00:53+00:00
"timnas sepakbola u23 lolos ke putaran final piala asia 2024 di qatar. ini putaran final pertama untuk timnas garuda shngga rasanya sangat manis. pertanyaannya hasil manis ini berbuah dari mana, apakah krn pelatihnya sty, byk pemain naturalisasi or memang kinerja squad yang ada?",1.0,2023-09-12 15:03:55+00:00
timnas indonesia cita rasa eropa makin tokcer berkat pemain naturalisasi,2.0,2023-09-13 03:11:12+00:00
"porprov, porda, pon gini masih relate ga sih di jaman gini? wong isinya naturalisasi provinsi dimana-mana. gue yakin diantara itu ada lokalpred lokalpred yg berisik timnas pake blasteran, tp sendirimya menghalalkan pindah ktp drpd njaring bakat daerah. blm drama ginian, capek",0.0,2023-09-13 15:39:33+00:00
"berkat pemain naturalisasi, timnas indonesia semakin kental rasa eropa",,2023-09-14 00:10:00+00:00
"2004 saya masih bocah 10 tahun, belom terlalu mengerti seutuhnya sepak bola. 2007 bisa dikatakan sudah paham sepak bola indonesia dengan jargon saat itu ini kandang kita. 2010 adalah puncaknya timnas memorable dengan skuad baru serta kali pertama menggunakan naturalisasi.",1.0,2023-09-14 08:10:56+00:00
"jika menilik skuad timnas indonesia senior saat ini, sejatinya sudah cukup baik dengan kombinasi pemain lokal dan naturalisasi",2.0,2023-09-14 11:45:00+00:00
"timnas indonesia bisa maju dengan cara naturalisasi semua pelatih, pemain dan suporter.",,2023-09-28 11:21:06+00:00
"walau tidak menampilkan permainan mengesankan di ag tapi saya tetap berterimakasih dan dukung timnas indonesia. mau dilatih indra sjafri atau sty, mau pakai pemain naturalisasi atau lokal pret, bagi saya timnas ya tetep timnas. kalau kalah ya pasti bikin sedih.",2.0,2023-09-28 11:39:16+00:00
timnas indonesia masih belum butuh naturalisasi emil audero atau cyrus margono,0.0,2023-10-06 02:54:13+00:00
"waktu nyamperin mau ajak dan ngundang jadi narsum diskusi, bilangnya tema timnas u-17, naturalisasi dan kinerja ketum pssi pas nemu e-flyernya eh temanya et layak jadi wapres serem amat sepakbola konohaharigini yagwcanceldong",0.0,2023-10-10 06:16:01+00:00
"sepak bola indonesia, naturalisasi bukan solusi permanen kejar prestasi !",0.0,2023-10-15 14:34:09+00:00
w rela timnas indonesia pemainnya diaspora/naturalisasi semua. baik untuk kesehatan mental penonton,2.0,2023-10-17 14:29:35+00:00
ini timnas indonesia atau timnas naturalisasi? -_-,0.0,2023-10-17 15:09:13+00:00
kebalikan man city 2009-2011 yg isinya striker semua. timnas ngincer naturalisasi bek semua,0.0,2023-10-24 11:00:50+00:00
"mengapa timnas indonesia banyak naturalisasi pemain belakang, kapan striker?",,2023-10-27 03:20:00+00:00
"kalo casenya begini, ibunya ga bisa perpanjang paspor indonesia. tp harus jalanin naturalisasi kalo mau punya paspor indonesia. jadi satu2nya cara chow yun main di timnas cuma naturalisasi",1.0,2023-10-29 11:42:25+00:00
"di naturalisasi bisa , tapi gakan bisa main di timnas indonesia . kan naturalisasi gak harus jadi pemain timnas bang hehe.",,2023-10-30 02:56:33+00:00
"bukannya kami tak mendukung semangat ingin menang lawan irak, la emangnya pemain irak di iket?, sok banget mau hancurkan, takutnya malah sebaliknya daftar 5 striker timnas indonesia untuk hancurkan irak di kualifikasi piala dunia 2026, ada 1 naturalisasi",0.0,2023-11-08 06:03:24+00:00
"tambahan kekuatan di lini serang. jadi, mari kita dukung proses naturalisasi ini agar timnas indonesia semakin kuat dan mampu bersaing di tingkat internasional! 🇮 🇩",2.0,2023-11-09 01:46:28+00:00
de medina. mereka memiliki potensi besar untuk memperkuat timnas indonesia. semoga proyek naturalisasi ini dapat berjalan lancar dan memberikan hasil yang baik bagi sepak bola indonesia.,,2023-11-09 05:58:20+00:00
bisa gak komentator sepak bola indonesia di naturalisasi juga. hadeuhh,0.0,2023-11-10 14:11:33+00:00
"udah wni mah wni aja gausah dipilah lagi, kenapa baru pd skrg rewel? dulu juga banyak ampasan tbtb naturalisasi tbtb timnas pd diem",0.0,2023-11-14 16:47:56+00:00
"si paling lokal pride, padahal ya kelihatan kok, yg naturalisasi sekarang2 ini bagus dan bahkan masih muda2, dan timnas juga udh bermain lebih baik. ga dipuji berlebihan, ketika main jelek aja banyak kritik",,2023-11-15 02:49:33+00:00
"sekarang insan sepak bola indonesia lebih objektif. naturalisasi yg jele pun ada pas eranya van beukering itupun akibat pssi nya carut marut. lokal pride yg bagus juga ada. intinya g boleh ada sekat antara lokal pride, diaspora/keturunan dan naturalisasi. sama2 timnas indonesia",2.0,2023-11-15 05:06:01+00:00
"padahal pemain naturalisasi,diaspora sm pure local pred sama2 wni lho soalnya udh main pake jersey timnas bedanya pemain naturalisasi sm diaspora definitely skill, visi sm tactical knowledgemya lebih proper dripada lokal prad pred yg cmn bisa gocak gocek gajelas",0.0,2023-11-15 08:38:52+00:00
ini lebih kena ke pola pikir sih. kalo di kepala masih ada dikotomi lokal dan naturalisasi di timnas maka statement2 begini pasti akan terus keluar.,0.0,2023-11-15 08:50:09+00:00
"lho, timnas u17 ada yg naturalisasi? bukannya 3 aymar, welber, da-bin itu statusnya anak di bawah umur? jadi masih 2 kewarganegaraan?",1.0,2023-11-15 10:07:24+00:00
"nonton timnas u17 main, gw jadi ngerti kenapa naturalisasi di senior semuanya di lini belakang.. masalah banget emng ini di kita. gwijangge gw pikir oke mainnya, ternyata lobangnya di dia.",0.0,2023-11-16 14:17:09+00:00
"wkwk kena mental semua pemain timnas, mainnya underperform semua yg keturunan, naturalisasi dan lokal gaada bedanya dahlah. stop jumawa koar2 lokal pret timnasday",0.0,2023-11-16 15:16:29+00:00
"gw sih engga masalah timnas indonesia sering naturalisasi cuman apa akan berhasil? kalau mau timnas berjaya, cara satu2nya pembenahan kompetisi dari usia muda yang bagus.",,2023-11-16 15:26:56+00:00
"gua tim yang setuju squad timnas indonesia pemainnya naturalisasi semua, pemain lokal yang gua percaya saat ini cuma rido sama asnawi doang.",2.0,2023-11-16 15:37:20+00:00
"tetap bangga dengan skuad pilihan sty. semangat jangan pernah padam, 5-1 hanyalah angka! tambah lagi 10 pemain naturalisasi, demi cita-cita timnas kita mendunia! bangkit garuda",2.0,2023-11-16 16:47:21+00:00
"sorry ya tapi timnas indonesia ini bener2 intelejensinya kurang banget. gua dititik yakin sty udh ngasih arahan bener, tapi timnasnya yg goblok2. makannya sty suka banyak naturalisasi. karna sorry again, pemain asli indonesia sangat2 tidak cerdas",0.0,2023-11-16 23:50:57+00:00
"ekspetasi orang-orang terhadap timnas indonesia, cuma karena kedatengan beberapa pemain naturalisasi, nganggepnya kita udah selevel timnas jepang/korsel/australia/arab",0.0,2023-11-17 01:07:01+00:00
"mau dia punya darah indonesia, punya darah biru kek kalau usia dia dah lebih dari 18 tahun, maka diberi waktu paling lambat 3 tahun untuk memilih jadi wni. jika telat harus melalui proses naturalisasi. terkait darah keturunan itu hanya salah satu syarat membela timnas dari fifa",1.0,2023-11-17 03:36:33+00:00
"gua lagi bahas legal standingnya, bukan status ktp atau paspor mereka saat ini. ga semua pemain naturalisasi diperbolehkan fifa untuk membela timnas negara barunya! ga semua pemain naturalisasi yang ga punya darah keturunan negara barunya juga yang dilarang fifa untuk membela timnasnya.",1.0,2023-11-17 03:46:01+00:00
"semua wni baik berstatus naturalisasi berhak dan harusnya wajib membela timnas jika dipanggil. masalahnya, dalam uu ini kan pengajuan naturalisasi diajukan oleh orang asing (wna) melalui surat permohonan dengan tujuan kepada presiden bla bla bla.. bukan “oh itu ada wna bagus, kita memohon dia jadi wni agar bela timnas.” naturalisasi, natural jangan dipaksa sehingga malah terlihat transaksional..",0.0,2023-11-17 04:19:42+00:00
"dan lebih adil lagi kalau kita dukung sty perbanyak pemain naturalisasi dari liga luar untuk timnas, kemudian kita bubarkan pt liga indonesia baru dan seluruh asprov karena produk mereka ternyata ga ada kontribusinya sama sekali untuk timnas.",0.0,2023-11-17 04:32:51+00:00
tetap dukung apapun kelompok umurnya. menang disanjung kalah tetap didukung. lokal pret dan naturalisasi pret adalah benalu bagi kemajuan timnas indonesia.,0.0,2023-11-17 13:01:00+00:00
"philipina vs indonesia. semoga proyek naturalisasi indonesia lebih unggul dibanding philipina, apalagi mereka cuma negara asean yang selalu mudah dikalahkan. ewako timnas indonesia! timnasday",2.0,2023-11-21 10:59:42+00:00
"don't get me wrong! naturalisasi or panggil pemain diaspora sah sah aja tapi kalau itu dijadiin cara or harapan utama buat timnas indonesia berprestasi or sepak bola kita kuat, ya sorry to say gak ada bedanya kalian fans yg spt itu dgn pengambil kebijakan yg suka shortcut",0.0,2023-11-21 14:23:03+00:00
"pssi harusnya bikin program sekolah atlet sepak bola yg berbakat dan prestasi ke akademi² luar negeri, utama eropa. dari pada pakai pemain naturalisasi. ke belanda, jerman, inggris, prancis. mulai dari usia 12thn. mereka ini yg dipersiapkan jadi timnas.",2.0,2023-11-22 11:07:09+00:00
bgmn perkembangan timnas dampak pemain naturalisasi thd perkembangan sepakbola indonesia? ikuti obrolan dgn ma'ruf el rumi (sportcaster/komentator sepakbola) jumat 24 nov jam 16.30 di,1.0,2023-11-23 08:51:04+00:00
"ezra di fm ini emang ajaib. di universe fm gue dia jadi topskor timnas karena didukung database pemain naturalisasi. pasokan bola ke dia jadi lancar, kalau udah depan kotak pinalti tajem banget.",2.0,2023-11-24 08:53:41+00:00
"sebagai penutup, ini pendapat saya mengenai status arnold van der vin di timnas indonesia. menurut saya sih, dia bukan pemain naturalisasi karena dia wni sejak lahir. keturunan belanda, iya. cuma bukan naturalisasi.",1.0,2023-11-26 13:54:07+00:00
"tipe-tipe pendukung timnas indonesia • lokal pride • pro naturalisasi • ga peduli lokal/naturalisasi, cuma fokus dukung kalian yang mana?",0.0,2023-11-28 09:12:57+00:00
menarik sih. posisi kiper selama ini belum tersentuh naturalisasi di era modern. beberapa kiper yang sudah ada di pool timnas memang lumayan menunjukkan kualitas. tp apa sudah sampai levelnya kiper2 indonesia bersaing di asia?,1.0,2023-11-29 04:43:41+00:00
kesel banget liat pemain naturalisasi timnas indonesia maen kaga ada yg bagus.,0.0,2023-11-29 13:02:03+00:00
"om , naturalisasi memang cara mudah untuk bentuk timnas yg kuat, tapi ini jangka pendek aja. saran : lebih baik meningkatkan kualitas kompetisi dalam negeri, terutama kompetisi di semua kelompok umur semoga sepakbola indonesia bisa lebih baik ke depannya. aamiin",2.0,2023-12-07 02:30:39+00:00
"proyek naturalisasi timnas indonesia gemuk, bagaimana nasib bek lokal?",0.0,2023-12-07 05:22:58+00:00
"naturalisasi calon pemain timnas bola makin gencar dilakukan ,bukan tidak mungkin seluruh pemain timnas yg berlaga nantinya 100 % produk instan naturalisasi. emang boleh? untuk membahas ini kami undang pelatih klub sepak bola inggris, coach erik den hag (dlm konfirmasi)",0.0,2023-12-11 05:47:04+00:00
"gini pak coach, kalo udah ngomongin pemain timnas, gak ada istilahnya pemain naturalisasi atau pemain lokal. statusnya sama kok, pemain timnas indonesia. siapapun pemain timnas indonesia, kalo main jelek ya dibilang jelek. kalo main bagus ya dipuji main bagus.",2.0,2023-12-19 15:56:50+00:00
"pujian berlebihan? itu pas kalah lawan iraq 1-5 pemain naturalisasi habis dirujak sama netizen sepakbola indonesia kok, pak. timnas mau main di kejuaraan bergengsi nih pak, lagi kondusif juga. baiknya kita doakan yang terbaik buat mereka di qatar nanti.",2.0,2023-12-20 00:40:23+00:00
"kalau menurut bung towel, program naturalisasi di era shin tae-yong masih belum berhasil membuat timnas berprestasi. kalian sepakat enggak? jangan lupa nonton live streaming diskusi turun minum di ig atau youtube gol ganti jam 13.30 wib nanti.",1.0,2023-12-21 06:00:01+00:00
sampai kapan pssi naturalisasi pemain untuk timnas indonesia?,1.0,2023-12-21 23:36:34+00:00
"saran gw, udah cukup naturalisasi buat timnas putra. mending switch cari diaspora pemain keturunan buat timnas putri. asli timnas putri (senior kelompok umur) malu-maluin. kompetisi putri juga ga jalan",0.0,2023-12-24 04:46:19+00:00
"tentunya juara, hal utama yang ingin diraih pemain naturalisasi itu adalah ingin membuktikan kepada dunia, terutama asia bahwa timnas indonesia yang sekarang memiliki banyak bakat-bakat bagus liputanboltimnas galerisepakbola timnas timnasday timnasindonesia timnasgaruda",,2023-12-25 05:33:59+00:00
udah bener timnas indonesia naturalisasi semua aja.,1.0,2023-12-26 14:44:07+00:00
"cuma penasaran aja, kalo indonesia bisa dpt prestasi di piala asia atau tiba2 masuk piala dunia krn pemain naturalisasi yg hampir smuanya orang belanda, kira2 apa kita jadi bersyukur karena pernah dijajah belanda? timnas indonesia",0.0,2023-12-28 14:23:24+00:00
"hal2 kaya gini yang bikin local pret besar kepala, berlaku juga untuk pemain timnas vs pemain naturalisasi.",0.0,2023-12-29 01:46:43+00:00
"anyway, ngomongin naturalisasi. jepang juga udah punya pengalaman dengan ruy ramos dan alex santos. sementara rep. korea justru belum pernah. sudah ada beberapa attempt, tapi yang paling mendekati adalah cesinha. tapi kemungkinan ya cuma dapet paspor, gak main di timnas.",1.0,2023-12-29 02:55:07+00:00
kapan naturalisasi messi pak? ga bisa main di timnas gapapa minimal tuh bocil datang ke indo,1.0,2023-12-29 06:57:41+00:00
"naturalisasi banyak, tc ke luar negeri rutin, staf pelatih pilihan sendiri. percayaproses-nya sty ini diberi banyak kemudahan, jadi wajar kalau ada yang demand lebih dari sekadar main bagus alias prestasinya mana?. kayaknya cuma sty pelatih timnas yg dapet privelege ini.",,2023-12-30 07:21:36+00:00
naturalisasi pemain untuk perkuat timnas indonesia itu wajar!,2.0,2023-12-30 11:00:01+00:00
"...pemain2 timnas dari dulu gak pernah sadar bahwa mereka cuma level e. umpan aja yg bener, gak perlu sok paling skill banyak gocek. yg lokal maupun naturalisasi merasa diri kek messi. skill jepang/korsel jauh di atas kalian tp gak nahan2 bola banyak gocek.. (``,) timnasday",,2024-01-15 16:35:06+00:00
"padahal dari semua pemain naturalisasi timnas indonesia, van beukering yg background-nya paling meyakinkan. tapi yaaa... begitulah.",0.0,2024-01-17 11:29:43+00:00
"progress timnas semakin hari semakin naik walau pelan tapi pasti salut sama semua pemain, lokal maupun naturalisasi, semua menunjukkan etos kerja yang oke. gilaakk buat pemain lokal seperti marcelino, yacob, rizky ridho menurut gw pribadi nilai a+",2.0,2024-01-20 03:27:39+00:00
"di skuad timnas jelas ada bbrp nama yg hasil binaan klub, bahkan jelas sanggup bersaing banget dgn pemain naturalisasi. artinya yg pada keberatan sama naturalisasi, coba tolong dibuat lah atau bahkan dicontoh pembinaan2 yg menghasilkan itu, ketimbang sekedar bilang menghambat!",0.0,2024-01-20 05:42:59+00:00
baru tahu alasan kenapa eksekutor penalti semalam asnawi. ternyata memang diinstruksikan langsung oleh sty agar misal kalau gagal pun asnawi bisa mengemban tanggung jawabnya sebagai kapten timnas. seandainya yg ngambil struick atau mungkin pemain naturalisasi lainnya,1.0,2024-01-20 09:44:50+00:00
"naturalisasi menunjukan dia mencintai tanah moyangnya dengan bangga nya , eh ada komentator yg berusaha bikin panggung untuk menghujat kerangka yg mau dibuat untuk timnas indonesia benahi dulu pikiran dan datamu sebelum menghujat bung",2.0,2024-01-20 13:56:50+00:00
napa sih muji timnas selalu kudu ada embel2 naturalisasi atau bukan? ga cape kotak2in mulu? pemain timnas ya pemain indonesia. titik,0.0,2024-01-20 14:15:14+00:00
"kirain trend naturalisasi di timnas indonesia aja, ternyata di timnas lain pun termasuk dari negara asia tenggara sering juga ternyata. banyak nama baru soalnya di afc asian cup kali ini.",1.0,2024-01-20 16:51:43+00:00
"kita sama2 tau bahwa yg benar yg bagus itu kalah sama yg populis. kalo soal2 spt ini mah bandidos udh kenyang. semoga sty bisa terus latih timnas dlm waktu yg lama, semoga dgn adanya naturalisasi bisa membuat pemain2 justru berlomba naikin kualitas bukan patah semangat.",2.0,2024-01-21 06:59:19+00:00
sebenarnya banyak orang keren in real life yang you know lah keknya terpaksa dukung 02. mungkin demi pertahanin karir. saya pernah jumpa jubir 02 yang jago banget ngeloby + talent scouting buat naturalisasi pemain bola timnas. orangnya baik dan ramah banget.,1.0,2024-01-22 03:35:07+00:00
"kayak timnas negara bule, eh ternyata timnas kita deng. go naturalisasi! ini semacam paradoks kapal theseus. timnas atau ‘bukan’ timnas nih?",0.0,2024-01-23 02:21:34+00:00
"banyak kejutan terjadi.. kekuatan asia mulai berimbang, negara2 lain berkembang pesat, termasuk timnas indonesia. naturalisasi menampakkan hasil. pemain lokal pun berkembang. afcon2023 timnasindonesia sty",2.0,2024-01-23 13:20:59+00:00
"apapun hasilnya, good fight boyz! maap sty saatnya antum pulang ke korea, timnas butuh pelatih eropa khususnya belanda yg ngerti para pemain naturalisasi timnasday asiancup2023",2.0,2024-01-24 13:30:50+00:00
"sadar bego timnas mainnya udah lumayan, di tambah liga lokal indonesia sama jepang tuh kek angkasa dan bawah tanah jauh. jadi sadar sty udah all out buat timnas dia sadar betul pemain yang main di liga lokal itu bapok makannya ambil yang naturalisasi yang lumayan timnas",0.0,2024-01-24 13:35:36+00:00
emang lawannya jepang sik tp timnas dgn mayoritas pemain naturalisasi ini pola permainannya makin apa tau? mendingan pas era2 ricky kambuaya dkk pola permainannya,0.0,2024-01-24 13:37:52+00:00
"sistem yang bagus akan jalan kalau eksekusi pemain juga bagus. udah bilang dari vs irak kalau timnas punya masalah eksekusi. (mungkin sty mau ngecilin gap sistem eksekusi dengan naturalisasi. cuma belum cukup. but, semua butuh pemahaman kudu bisa jadi eksekutor, kolektif)",,2024-01-24 14:25:45+00:00
"unpopular opinion: timnas banyak naturalisasi pemain bukan hanya untuk memperbaiki kualitas individu di skuad, tapi juga untuk upgrade mental. dengan 6 pemain naturalisasi (54.5%) yg bermain selama di turnamen membantu menghilangkan mindset inferior saat melawan tim di atasnya.",2.0,2024-01-24 16:10:33+00:00
mau nanya dong info a1 nanti timnas indonesia bakalan naturalisasi striker kelas a gak???,1.0,2024-01-24 16:16:00+00:00
"yang nonton timnas, ada yang bisa bantu aku ga mengenai masing-masing kelebihan pemain naturalisasi dan lokal",,2024-01-25 06:27:23+00:00
"gw punya 2 bukunya tahun 2006 sprirtualitas sepakbola. gw bakal kasih ke yang kasih komentar terbaik soal kenapa program naturalisasi di timnas bola itu jangan dilanjutkan? . dok, tolong di-rt :) kalau ngga rt, tak culik koen",0.0,2024-01-25 12:33:28+00:00
"naturalisasi di timnas indonesia jangan dilanjutkan jika pemerintah bisa menjamin gizi dan nutrisi calon pemain sudah terjamin sejak janin, sehingga secara fisik bisa proporsional, secara stamina kuat bermain 90++ menit, secara mental bisa punya decision making yg baik.",0.0,2024-01-25 12:47:01+00:00
simpelnya sih naturalisasi bukan solusi jangka panjang untuk timnas bola. kalo solusi jangka panjangnya ga direncanain dieksekusi dengan baik bisa jadi nanti bakal ketergantungan terus dengan naturalisasi. sedangkan ga selamanya pemain naturalisasi kita itu bagus terus kan.,0.0,2024-01-25 12:53:25+00:00
"soalnya daripada buat timnas bola, program naturalisasi itu lebih cocok buat sungai.",0.0,2024-01-25 12:56:33+00:00
"selain liga yang tak serius untuk dibenahi. problem itu juga ada di kepengurusan hingga exco serta mau sampai kapan itu proyek naturalisasi dilakukan atau dikaji kembali, serta blue print timnas indonesia 5-25 tahun ke depan itu seperti apa.",,2024-01-25 21:51:48+00:00
"air mata netes pagi2 baca info timnas lolos 16 besar piala asia. betapa capeknya berproses timnas bola kita, dinamika pro kontra naturalisasi, pssi yg njelimet, liga dan komponen nya busuk. ternyata benar, tekad yg kuat adalah kunci. hormat utk semua, selamat merayakan",2.0,2024-01-25 23:18:35+00:00
emang harus diakui.. pemain2 naturalisasi itu sedikit banyak mengubah gaya permainan timnas indonesia..,2.0,2024-01-26 01:53:56+00:00
"saya salut dengan timnas indonesia, bisa berkembang dengan cepat hanya butuh waktu tidak lebih dari 1 periode. tetapi kenapa pemerintahan indonesia tidak seperti timnas yang tidak butuh waktu 2 periode untuk maju secepat ini, apakah pemerintahan butuh naturalisasi?",0.0,2024-01-26 02:58:28+00:00
oiya juga ya.. bung toweeeeeel… timnas indonesia dbawah asuhan sty pertama kalinya lhooo dlm sjarah sepak bola indonesia lolos 16 besar.. pertama kali.. isinya pemain naturalisasi dan pelatih asing.. bukan lokal lokal pret.. hayooooo… bung toweeelll..!,0.0,2024-01-26 03:16:43+00:00
"kalo masih pada ngeraguin nasionalisme para pemain naturalisasi, liat video video yang beredar aja pas tau timnas indonesia lolos ke babak ko ekspresi mereka gimana. begitu berarti banget buat mereka",2.0,2024-01-26 03:45:44+00:00
"saya lebih suka pakai term pemacu utk pemain2 naturalisasi keturunan di timnas indonesia. naturasilasi blm tentu bisa dilakukan terus menerus, banyak hal yg jadi alasan. pemain naturalisasi digunakan sbg pemacu pemain2 lokal utk menaikkan standarnya.",2.0,2024-01-26 07:10:25+00:00
"haters sty, haters timnas indonesia, haters naturalisasi .. di cariin coachi ni , kalian kemana masuk goa kah.. trutama si towel udh masuk gua mungkin sama pengikut nya sin tae yong towel pssi",0.0,2024-01-26 12:10:43+00:00
"indonesia cetak sejarah indonesia gak jadi pulang, australia siap dihadang buat haters sty, si paling local pride anti naturalisasi: sorry yee! hilirisasi timnas satset tastes yang bikin indonesia buktikan diri ada di level asia. amiiiin ajaa duluu gimana menurut lo?",,2024-01-26 12:33:22+00:00
perpanjang kontrak pelatih shin ta young lolos grup piala asia sudah lama timnas indonesia ga pernah lolos grup piala asia.pemain timnas indonesia sudah bagus tapi kekurangan belom kompak pemain naturalisasi dan lokal dan masih emosian melakukan kesalahan,1.0,2024-01-26 13:48:09+00:00
"himbauan terbuka: ini indonesia! melihat situasi sosial media dalam negeri di tengah perjuangan timnas indonesia dalam pentas piala asia 2023, kami ingin menghimbau dan menyerukan bahwa kedepannya tidak ada lagi pengkotak-kotakan antara pemain naturalisasi/keturunan dgn pemain lokal. silahkan menggunakan kata naturalisasi/keturunan saat para pemain sedang dalam proses, tapi ketika mereka sudah bersumpah dan memiliki ktp, mereka adalah warga negara indonesia. indonesia ya indonesia, ini indonesia!",2.0,2024-01-26 15:59:02+00:00
"jaman timnas isinya cristian gonzales, diego michiels, irfan bachdim kok pada gak teriak anti naturalisasi? kenapa baru sekarang pada anti naturalisasi? hhh",0.0,2024-01-27 17:00:28+00:00
"pak jokowi, buay semangatin timnas kita tuh ga sesimple itu, banyak lu masalah masalah di sepak bola indonesia, kanjuruhan, pengembangan bakat bakat muda, keseringan naturalisasi",0.0,2024-01-28 01:59:48+00:00
pembinaan g jalan: gara2 naturalisasi. gaji pemain telat: gara2 naturalisasi. streaming timnas ngelag: gara2 naturalisasi. jalan berlubang: gara2 naturalisasi. pokoknya semua gara2 naturalsasi.,,2024-01-28 06:24:45+00:00
timnas indonesia emang butuh naturalisasi kiper kayanya,2.0,2024-01-28 11:47:14+00:00
gapapa timnas banyak naturalisasi asal kualitasnya meningkat. kebanyakan pemain lokal masih kedoktrin taktik longpass grusak grusuk gajelas,,2024-01-28 11:58:02+00:00
"busyet, ini timnas bola indon pake 7 pemain asing??? kalo ngandelin pemain naturalisasi gini mah, pelatihnya edy rahmayadi juga bisa lolos 16 besar. bisa sampe juara malah. afcasiancup2023",0.0,2024-01-28 12:14:03+00:00
"emg timnas ni harusnya full naturalisasi aja, ampas bet org lokalnya",,2024-01-28 12:19:33+00:00
timnas skrg keren sih maennya tp rasanya agak gimanaa gitu liat 7 dari 11 pemainnya naturalisasi.. .,0.0,2024-01-28 12:37:48+00:00
semoga pemain timnas ini (khususnya yang naturalisasi) bisa terus main di liga eropa. asiancup2023,2.0,2024-01-28 12:41:28+00:00
timnas indonesia sepertinya butuh naturalisasi harry kane,,2024-01-28 13:02:26+00:00
"selain faktor sty, para pemain naturalisasi jg bikin permainan timnas naik kelas. sentuhan, kualitas passing, ketenangan, dan gaya mainnya emang beda dari pemain2 lokal",2.0,2024-01-28 13:07:46+00:00
"naturalisasi mungkin bisa mengecilkan gap dalam periode singkat. namun, ini jelas bukan solusi jangka panjang. pembinaan, peningkatan kualitas liga, pengiriman pemain berkualitas ke liga yang kualitasnya lebih baik. plan pembangunan timnas berjenjang. perlu punya ini.",,2024-01-28 13:11:50+00:00
mentalitas pemain naturalisasi tuh sangat berdampak banget sama performa indonesia di asiancup2023 efek main di kompetisi level tinggi. semoga pemain lokal bisa nyerap sebanyak-banyaknya dari mereka. biar sama-sama ningkatin level timnas indonesia.,2.0,2024-01-28 13:16:48+00:00
naturalisasi dgn coach asing apa manfaatnya bagi timnas indonesia ?,1.0,2024-01-28 13:19:53+00:00
kira-kira seperti ini nanti komentar bung towel dan haters sty : “selama ini kan naturalisasi digemborkan dan yang dinaturalisasi adalah pemain belakang tapi masih aja kalah bola bola crossing. ini menunjukkan sty sudah gagal dalam melatih timnas dan layak dipecat”,0.0,2024-01-28 13:25:05+00:00
"aku lupa sih 2010 timnas mainnya gimana dan komposisinya gimana, hasil 4-0 mumgkin paling buruk, tapi cara main sama berani pegang bola udah oke, cuma balik lagi fokus pengmbangan pemain sendiri plis jangan naturalisasi mulu",0.0,2024-01-28 13:28:52+00:00
"pelatih yg tidak percaya dg pemain asli indonesia tidak layak dipakai. naturalisasi boleh tapi jgn over, sampai² mematikan bakat² asli daerah. kasihan susah payah di ssb, di klub lokal tapi tdk ada kesempatan main di timnas. timnasday",0.0,2024-01-28 13:29:28+00:00
"walaupun kalah dengan tanpa mencetak satu goal pun,seenggaknya dari sisi permainan timnas indonesia ada progress,lini tengah berani megang bola, tinggal linindepan aja diperbaiki finishing nya lini bertahan lebih kokoh,naturalisasi kali ini impactnya gede bgt buat tim dibanding..",2.0,2024-01-28 13:29:58+00:00
timnas bangga percepat naturalisasi!,,2024-01-28 13:30:18+00:00
mantap krina udah mainnya indonesia. tambah naturalisasi untuk kiper. yang main di liga indonesia jangan dipanggil ke timnas sebelum liganya oke.,2.0,2024-01-28 13:30:58+00:00
"thom haye, martin paes, sama yg lain nyusul naturalisasi selesai maret. semoga makin lengkap timnas indonesia skuad",2.0,2024-01-28 13:34:32+00:00
pemain naturalisasi mainx kurang natural hingga indonesia tersingkirilisasi hingga prlu revolusi sepak bola indonesia. nnton timnasday bkin skit hati terus. asiancup timnasindonesia timnasday indonesia,0.0,2024-01-28 13:41:41+00:00
terimakasih timnas indonesia...dari piala asia terlihat jelas kita belum ada apa2nya di banding negara lain..makin ngerti lah kenapa naturalisasi diperlukan untuk dongkrak kualitas timnas kita sambil trus membenahi kompetisi dan pembinaan usia dini,2.0,2024-01-28 13:45:49+00:00
"dengan hanya menyertakan 4 pemain non naturalisasi sebagai starter, timnas indonesia harus mengakui keunggulan timnas australia dgn skor 0-4. sudah kayak tanda tanda alam sebelum kick off timnasday",0.0,2024-01-28 13:47:22+00:00
"terima kasih timnas indonesia walaupun gugur, permainan di piala asia ini sangat meningkat daripada permainan di kompetisi sebelumnya berkat adanya naturalisasi timnasindonesia stystay",2.0,2024-01-28 13:51:12+00:00
"beda kelas,beda ranking sngt jauh.digasak ausie 4-0.pdhl diperkuat 6 pemain naturalisasi.kurang bnyk? jepang ausie pemain2 nya diaspora.indonesia hny me-naturalisasi. tanpa pemain naturalisasi,entah nasib timnas.",0.0,2024-01-28 13:58:53+00:00
"jujur sejak 2010 ak ikuti liat perkembangan timnas indonesia semakin tahun semakin peningkatan kok, gongnya itu di era sty, rasa permainan di lapangan sdah cukup bagus berkembang. saran aja buat cari lagi naturalisasi untuk bagian depan, untuk yg tdi udh bgus.",2.0,2024-01-28 14:01:12+00:00
"coach sty di naturalisasi aja pak , biar permanen jadi pelatih timnas indonesia, di pertandingan lawan australia sentuhan sty terlihat nyata, timnas bermain sangat menjanjikan, tingga finishing aja, nunggu striker sekelas benzema atau ivan zamorano !",2.0,2024-01-28 14:03:37+00:00
"segera benahi grassroot, tingkatkan kualitas liga lokal setelah itu jika kualitas pemain lokal sudah naik atau bahkan sudah bagus, program naturalisasi juga jangan dihentikan atau lebih ketat aja pemilihan pemainnya. kalo udah gitu timnas indonesia gaperlu lagi pelatih spesial",2.0,2024-01-28 14:23:58+00:00
"jadikan sty pelatih timnas hingga 10 tahun ke depan, kalo bisa naturalisasi sty biar bisa jadi ketua pssi.",2.0,2024-01-28 14:27:03+00:00
"pemain naturalisasi maupun pemain yg main di klub luar itu bagian dari strategi agar meningkatkan kemampuan timnas indonesia di satu sisi pembenahan klub liga liga lokal harus dilakukan juga , semua bagian dari menyiapkan bibit bibit unggul",2.0,2024-01-28 14:28:16+00:00
mungkin boleh dicoba: semua pemain timnas sepak bola adalah pemain naturalisasi.,1.0,2024-01-28 14:51:54+00:00
"kalo ada yang masih ngomongin naturalisasi, suru liat timnas prancis",1.0,2024-01-28 15:06:16+00:00
"miris aja saat timnas apapun membawa nama indonesia, tapi kita yang seharusnya mendukung, memberi semangat, masih aja melabeli naturalisasi lah mending lokal lah, hei mereka itu warga negara indonesia, maksud lokal tuh apa sih?",0.0,2024-01-28 15:16:18+00:00
"wkw.. intinya jangan ekspektasi berlebih. berharap selalu agar bisa berprogres saja ditengah pembinaan usia muda liga yg masih segini-gini aja. pemain keturunan/naturalisasi jadi jalan terbaik untuk saat ini. malah berharap, 100% pemain keturunan yg ngisi timnas.",0.0,2024-01-28 16:52:59+00:00
"g ada yg bs diharapkan dr timnas bule, krn emang bkn timnas indonesia, sty kl bs nya cm mnt naturalisasi, kakekku yg uda meninggal pun juga bisa.",0.0,2024-01-28 18:47:11+00:00
saat bertanding timnas diperkuat 6 pemain naturalisasi.mungkin perlu 10 atau semuanya diisi naturalisasi.segera ke eropa.disana msh bnyk pemain bagus yg bisa jd wni. masih dgn sty?,0.0,2024-01-28 23:31:26+00:00
"gapernah bangga2 amat ama bola/timnas indo. gamau cape2 ngelatih, ngebentuk nunggu, jadinya naturalisasi terus. kasian malah, maksa banget menang tanpa lewatin proses.",0.0,2024-01-29 00:13:55+00:00
"gambaran timnas indonesia klo yg rencananya mau di naturalisasi cepet terealisasi utama : paes sandy, amat, baggot nathan, tom haye, ivar, shayne struick, ragnar, marcelino cadangan ernando/margo ridho, jay idyes, baggot asnawi, kambuaya, hubner, arhan witan, sananta, saddil",1.0,2024-01-29 01:34:35+00:00
"naturalisasi timnas kita lebih tepat disebut diaspora. ini lebih baik daripada naturalisasi waktu lalu. krn yd dulu bukan krn keturunan tapi perkawinan. yg notabene udah tuwir. sedangkan sekarang muda, fresh from the oven",,2024-01-29 01:49:48+00:00
"meskipun punya bukti keberhasilan, program naturalisasi ini sendiri masih menimbulkan berbagai perdebatan, baik di antara permerhati sepak bola nasional, mantan penggawa timnas, serta para fans. — refi gilang maulana",1.0,2024-01-29 03:52:54+00:00
timnas indonesia tidak peduli siapa yg bermain. selama dia bertekad membela panji merah putih demi lambang garuda di dada. bahkan jika pemain naturalisasi lebih baik kenapa tidak secara penampilan. dan jika pemain lokal tetap gitu² aja juga gpp gak masuk timnas.,2.0,2024-01-29 04:56:28+00:00
"hal mendasar: kalau mau timnas bagus/kuat pemain2nya harus dihasilkan dari kompetisi yang berkualitas, solusi instan ambil pemain2 naturalisasi yg main reguler di kompetisi yg berkualitas luar negri, semoga solusi instan dibarengi dengan peraikan kualitas kompetisi dalam negri",2.0,2024-01-29 08:43:28+00:00
"secara hukum, nol cuma berhak jadi warga negara hindia belanda yg kemudian jadi indonesia. lagian dia enggak pernah bela timnas manapun sebelumnya selain hindia. apa karena dia belanda totok, maka begitu bela timnas indonesia disebut naturalisasi?",0.0,2024-01-29 08:52:23+00:00
"naturalisasi beda dengan pemain keturunan. pemain keturunan yang punya darah indonesia dan memilih untuk jadi warga negara indonesia punya hak yang sama dengan warga indonesia pada umumnya, termasuk membela timnas.",1.0,2024-01-29 12:45:44+00:00
"penggemar bola kita butuh informasi tentang pemain keturunan ini, terutama yang masih terjebak dengan dikotomi pemain lokal - pemain naturalisasi. intinya kami mendukung yang punya darah orang indonesia supaya berhak membela timnas.",2.0,2024-01-29 14:36:40+00:00
liga domestik separoh gagal karena tak sepenuhnya berkontribusi menyumbang pemain timnas meskipun eks naturalisasi sebagaimana mark klok yg hanya duduk manis dibangku cadangan selama piala asia 2023 qatar naturalisasi saja semua keturunan sampai timnas 100% sty natura ...,0.0,2024-01-29 22:17:47+00:00
"timnas.dari 11 pemain 6 orang adlh naturalisasi.namun tdk mampu menandingi australia.utk mngejar kemenangan,jika perlu seluruhnya pemain naturalisasi.namanya timnas.",0.0,2024-01-30 06:05:52+00:00
"baru tau, naturalisasi ternyata kultur sepak bola indonesia",1.0,2024-01-30 07:30:54+00:00
"apresiasi buat timnas indonesia di piala asia 2023, keren brok bisa nyampe 16 besar,proyek naturalisasi sty bisa dibilang cukup berhasil dengan beberapa pemain yg masih di usia muda dan bisa jadi andalan buat beberapa tahun kedepan,tapi ya sampe kapan kita ngandelin naturalisasi",2.0,2024-01-30 07:51:49+00:00
"suporter nya pengen timnas maju, federasi nya yang masih tolol ini bisa ga sii naturalisasi federasi anjir. fokus benahin liga ajaa susah malah fokus kampanye2 tai anj",0.0,2024-01-30 08:43:11+00:00
"jangan puji pemain naturalisasi timnas indonesia berlebihan, nanti pemain lokal bisa sakit hati tau lah siapa",0.0,2024-01-30 09:54:38+00:00
plisss negara eropa mana aja dah naturalisasi gw jadi warga negara kalau pelatih timnas indo senior dari lokalan,0.0,2024-01-30 10:44:35+00:00
kualiatas pemain timnas indo sekarang jauh lebih jelek dari yang jaman bepe dulu. kebantu naturalisasi doang kalo yg skrg,0.0,2024-01-30 11:29:33+00:00
"cape juga liat tiap timnas tersingkir turnamen, muncul lah semua pengamat sepakbola yg lagi lagi bahas naturalisasi. cape ga sih? ga sadar diri grassroot dan liga kita emang masih sangat jelek?",0.0,2024-01-30 13:25:32+00:00
indonesia tanpa pemain naturalisasi lawan timnas wanita jepang juga bakal kalah,0.0,2024-01-30 13:45:02+00:00
"udahlah pak bubarkan aja kompetisi yang pesertanya ga diverifikasi serius ini, toh pemain timnas tinggal ajukan naturalisasi. biar para pemain bola indonesia yang masih menggantungkan hidup dari gaji dipaksa untuk migrasi ke luar negeri.",0.0,2024-02-03 17:00:30+00:00
setuju. naturalisasi pemain timnas sampai dominan di tim mirip dg hilirisasi tapi yg bikin smelter cina dan hasilnya dibawa ke cina.,0.0,2024-02-06 11:33:22+00:00
"menurut kalian seberapa besar kebutuhan timnas indonesia akan striker naturalisasi? dalam wawancara terbarunya, erick tohir katakan akan mendukung coach shin tae-yong yang akan bergriliya untuk mencari striker dispora di luar negeri.",1.0,2024-02-09 08:21:25+00:00
naturalisasi kok gak main. emang berseragam merah putih enggak mudah.,0.0,2024-02-09 10:06:00+00:00
"kelak jika terpilih, fan sepak bola indonesia harus menagih hal ini. pembinaan terstruktur, pembenahan liga, dan transparansi pemanggilan. naturalisasi tolong segera dihentikan. program enggak cocok dipaksa. lawan!!!",0.0,2024-02-13 15:43:13+00:00
"bukan itu poinnya, ceng. naturalisasi mah bebas, hak dia. tp kalo naturalisasi terus ngarep masuk timnas waktu dianya aja jarang main dua-tiga musim. kan mending panggil yg lain. inget, keluarganya kontak pak hasani bilang jairo siap bela timnas. ga pernah main, ngapain?",0.0,2024-02-17 07:39:22+00:00
"lau pilih deh, ky. mau pake jawaban gue yg mana... ada yg lebih bisa muasin lo lagi kalo di bawah-bawah. cek aja coba. soal arhan, doi emang perlu diacc dpr buat ke timnas? proses naturalisasi itu butuh 6 bulan normalnya. makanya dari awal gue bilang ada opsi lain.",,2024-02-17 08:56:13+00:00
"untuk stefano lilipaly dan olija spasojevic tenaganya masih pernah dimanfaatkan shin tae-yong, tapi tidak dengan pemain-pemain naturalisasi lain",1.0,2024-02-19 21:30:00+00:00
bayangin aja dulu kalo kiper timnas indonesia begini iyaiyaaaa ini pake pensil ajaip. senapsaran aja gue kalo kita naturalisasi grade a begimana,,2024-02-20 14:54:43+00:00
"emang dia janji ngasih piala? dan mulai kapan pemain naturalisasi hadir? dan berapa tahun sty yang aktif melatih timnas? menurut gua wajar, sty emang di kontrak sebagai pelatih, tetapi jobdesk nya bukan pelatih lagi dengan kondisi sepak bola indonesia saat ini",0.0,2024-02-20 16:45:43+00:00
"pelatih tarkam gak mampu nyumbang 3 pemainnya utk kepentingan timnas indonesia, padahal masih punya 23 pemainnya apa timnas indonesia perlu panggil pemain naturalisasi..? barito putera ratu tisha erick thohir shin tae-yong kitagaruda",0.0,2024-02-21 11:59:01+00:00
"timnas indonesia pernah punya striker naturalisasi yang disegani di asia, sayang kariernya di skuad garuda berantakan",,2024-02-26 08:01:35+00:00
"harusnya jersey timnas kita hari ini, terinspirasi skuad naturalisasi 1938",1.0,2024-03-21 14:40:20+00:00
"eh, aku tiba² kepikiran. pemain naturalisasi timnas bola apa gak culture shock ta? biasanya birokrasi mudah di negara mereka dulu, malah sekarang ribet. atau mereka ada pengkhususan kah?",,2024-03-23 01:08:31+00:00
indonesia akhirnya mengecap buah manis dari kiprah para bule hunter era 90-an melalui gelombang naturalisasi pemain timnas ini. lanjutkan!,2.0,2024-03-25 16:36:48+00:00
"naturalisasi juga sebenernya penting buat timnas, berharap work ethic mereka di ikutin sama pemain lokal kita jadi contoh baik sampe jadi kultur pemain sini. tapi banyak juga kasus malah pemain naturalisasi ngikut kultur pemain lokak yang semrawut",0.0,2024-03-26 09:01:00+00:00
"naturalisasi terbukti berdampak bagus di timnas indonesia. now, mari naturalisasi dpr dan jajaran menteri.",2.0,2024-03-26 12:35:33+00:00
"kebayang ga sih kalo kita naturalisasi max verstappen buat dijadikan striker, dijamin ngacir banget mainnya timnas indonesia blibli",2.0,2024-03-26 13:00:37+00:00
"dulu maroko ke semifinal pildun, pada ngebanggain, padahal pemainnya mayoritas pemain naturalisasi, giliran timnas kita mulai bagus pada nyinyir...",0.0,2024-03-26 16:12:59+00:00
"ini realita dan kritik yg menurut saya bagus kita lupa membangun federasi, pembinaan usia dini yg berkualitas dan liga yg profesional karena pemain timnas kita tinggal naturalisasi saja tolak ukur kesuksesan sepakbola sebuah negara ada pada timnasnya, kita sedang memilih jalan pintas itu",0.0,2024-03-27 01:45:49+00:00
mirip timnas era simon yang diisi pemain naturalisasi liga 1,1.0,2024-03-27 06:04:50+00:00
"timnas indonesia menang itu tentu sebagai warga negara pasti senang, namun kritik tetaplah perlu. naturalisasi yang tepat mungkin bagus untuk short term. sedangkan untuk long term pemain timnas harus lahir dari sebuah kompetisi domestik yang sehat dan terkelola dengan baik.",2.0,2024-03-27 07:39:19+00:00
"sangat setuju sih dengan naturalisasikuncikemenangan karena terlihat bngt tau ga semalam pertandingannya, ayo dong lanjutkan lagi ya pak perjuangannya kita butuh transformasi timnas indonesia baca disini ya",2.0,2024-03-27 07:50:39+00:00
"aseli ni fans timnas pada sibuk ngehype sama pemain naturalisasi sampe jd permisif ke federasi yg kaga mau ngebenahin bola lokal, begitu generasi naturalisasi yg skrg udah pada tuwir dan ga ada regenerasi dari diaspora yg selevel bakal kelimpungan jg paling",0.0,2024-03-27 09:13:12+00:00
"apresiasi yg tinggi atas komitmen dalam membangun sepakbola nasional, mimin setuju kalau naturalisasi pemain di lanjutkan , hasilnya terlihat kok, timnas indonesia semakin kuat dan hebat naturalisasikuncikemenangan pln plnsuluttenggoo",2.0,2024-03-27 09:26:17+00:00
bagus-bagus ya naturalisasi timnas sepak bola? kalo naturalisasi hakim bisa gak? biar ada kejelasan soal kanjuruhan. atau semua polisi dan penegak hukum kualitasnya sama-sama aja? semoga tidak.,0.0,2024-03-27 09:30:13+00:00
"kemenangan pertama timnas indonesia setelah dua dekade, stop singgung pemain naturalisasi",2.0,2024-03-27 10:33:57+00:00
naturalisasi terbukti berdampak bagus di timnas indonesia. $param,2.0,2024-03-27 11:57:52+00:00
kalo indonesia langganan pildun mah ud itu mah gak usah cari2 lagi pemain keturunan atau naturalisasi yaa otomatis pemain dari seluruh dunia menginginkan bermain utk timnas indonesia yaa mimpi bermain di level tertinggi,,2024-03-27 14:42:05+00:00
"sy jg sbg wni senang adanya naturalisasi bisa berkembang permainan olah raga sepakbola indonesia , dan hal ini jg dilakukan oleh berbagai negara mana pun bukan hnya indonesia saat ini gw bangga dg timnas indonesia",2.0,2024-03-27 18:43:23+00:00
"aku pemain ke 17.. aku universal anti rasis, jadi kami dukung naturalisasi dan normalisasi pemilu aman adalah kemenangan indonesia, timnas menang adalah kemenangan indonesia selamat merayakan 17 ramadhan",2.0,2024-03-27 21:15:46+00:00
"sangat mendukung program naturalisasi utk tim sepak bola indonesia yg lebih baik, kualitas passing pemain lokal msh jauh dr harapn sty, bgt jg dgn pola makan serta passing masih diajari, pemin liga 1 msh ada yg krupuk, pantas bapuk pph 21 towel mahfud md timnasday",0.0,2024-03-28 05:40:44+00:00
"ini juga yang saya bingung,banyak yg pakai kata naturalisasi padahal itu kan orang indonesia yang dulunya dimigrasi ke belanda/negara lain,trus punya keturunan dinegara itu,pengen balik bela indonesia,kaya orang jawa transmigrasi ke sumatera, banyak jg yang merasa masih org jawa",1.0,2024-03-28 06:02:31+00:00
"sejak gelombang naturalisasi ini, timnas sangat2 beda mainnya. terutama pemain2 dari liga luar. beda dg naturalisasi tp dari liga. jd mungkin masalahnya ada d liga.",1.0,2024-03-28 07:14:06+00:00
di timnas indonesia saat ini ada pemain naturalisasi ya bang?,1.0,2024-03-28 07:57:52+00:00
"menyala ernando, berkat proses naturalisasi erick thohir kini timnas indonesia semakin keren permainan sepak bola ya terlihat sekali mental mereka pun kebentuk garudamendunia bang jay hokben finansial lebih baik aozora kataomoi nabilataqiyyah hokky ananda",2.0,2024-03-28 08:34:55+00:00
"semakin keren saja sepak bola indonesia, sudah terbukti dong kerjacepat naturalisasipemain menghasilkan permainan yang sangat bagus timnasrasaeropa",,2024-03-28 10:36:12+00:00
"sama aja, itu sebagai syarat untuk bisa tampil di timnas dari regulasi fifa. heritage itu pemain ini ketika naturalisasi belum memenuhi syarat 5 tahun tinggal tetapi bisa membuktikan punya hubungan darah dua tingkat (ayah-ibu atau kakek-nenek) yang berkewarganegaraan indonesia.",1.0,2024-03-28 12:06:57+00:00
ada ex coach timnas indonesia yg dulu sempet harum namanya karena timnas racikannya dia berhasil menang padahal masih muda mengkomentari perihal menyanjung pemain naturalisasi gaboleh berlebihan dibanding pemain lokal supaya pemain lokal ga sakit hati,1.0,2024-03-28 12:34:33+00:00
"itu timnas kenapa pada pemain naturalisasi deh, udah abis orang indonesia rupanya? timnas = tim naturalisasi",,2024-03-28 12:48:57+00:00
"striker timnas indonesia kurang tajam, besok naturalisasi aja mbappe dan halland sekalian bangun rumah untuk mereka berdua di cibinong.",0.0,2024-03-28 13:54:25+00:00
"sampe asing bgt liat timnas kek beda vibesnya krna banyak pemain naturalisasi tapi balik lagi yg penting naik dulu, kalo ngurusin apa kata orang mah gak maju maju ...",2.0,2024-03-28 13:56:40+00:00
"di komen2 pemain naturalisasi timnas yang baru2 itu baru ngeliat ‘ilmu padi ’ versi baru, yaitu ‘ilmu abah, tak mau kalah’, which is a read, a shade, and a compliment at the same time?? never thought football bros would be able to come up with those combo",2.0,2024-03-28 14:32:35+00:00
"timnas ini saya lihat2 naturalisasinya nanggung amat.. sini saya bantu biayai proses naturalisasi haaland, mbappe, sama kevin de bruyne biar indonesia bisa angkat piala dunia",0.0,2024-03-29 08:17:04+00:00
"serius nanya, di timnas bola ada brp jumlah pemain inti yang real asli indonesia bukan naturalisasi ?",1.0,2024-03-29 12:39:50+00:00
"pemain keturunan di timnas indonesia senior selama ini (2010-24) semua lewat proses naturalisasi, kecuali irfan bachdim elkan baggott. mungkin saja klok ada bukti dokumen yg diajukan, tapi pastinya ditolak fifa, krna memang kejauhan kalau smpe 1630.",,2024-03-30 12:31:57+00:00
"kalo timnas kayak gitu terus, kasian nanti pemain-pemain muda kita.. lah kasian kenapa? nanti jd males latihan karena merasa sia-sia... wkwkwkwk, yaudah bener berarti naturalisasi aja dah kalo gitu mindsetnya, ya ga ???",,2024-04-20 02:23:21+00:00
marcelino ridho witan goal ini yg katanya timnas naturalisasi? kok yg goalin sama build up daritadi lokal?,0.0,2024-04-21 16:13:31+00:00
"klo timnas klmpk umur rasanya kt pernah memiliki permainan seperti ini yaitu u19 saat dilatih indra syafrie era evan dimas dkk pdhl tnp pemain naturalisasi tp yg masalah di level senior sll gagal kembangkan permainan bgn,sty sendiri blm berhasil lakukan d timnas senior",0.0,2024-04-21 22:38:38+00:00
"gak usah terlalu sinis dgn bung towel, faktax di kelompok umur, timnas pernah punya permainan yahud sprt ini saat u19 dilatih indra syafrie era evan dimas walau tanpa pemain naturalisasi tp mslhnya timnas senior sll gagal adopsi main kyk begini bhkn sty pun blm berhasil",0.0,2024-04-21 22:42:18+00:00
"klo ingatan kt panjang,mstx tdk lupakan prestasi indra s saat tangani timnas u19 evan dimas,permainan mrk sama dgn pola permainan timnas u23 sty pdhl tnp naturalisasi tp knp di level timnas senior pola tsb gagal dterapkn,sty pun blm berhasil,ini yg prl dibahas bkn eforia",0.0,2024-04-22 00:08:16+00:00
"talkshow yg seru tuh kalo ngomongin kenapa et fokus di timnas doang. walaupun udah dijawab et, rasanya kalo diperbincangkan itu lebih menarik. bisa dilihat dari sisi suporter, klub, sepakbola wanita, dll. kalo naturalisasi udah bosen.",1.0,2024-04-24 09:25:47+00:00
ini beneran gak ada isu lain yang lebih penting untuk dibahas? mau timnas kalah ataupun menang isu naturalisasi ini selalu naik kepermukaan. ft,0.0,2024-04-24 09:54:53+00:00
"naturalisasi untuk prestasi? tidak. naturalisasi untuk menutupi ketidakmampuan pssi mengurus sepakbola nasional, mengamankan bisnis mengambil keuntungan dari liga yg tidak jelas, memuaskan nafsu masyarakat indonesia terhadap timnas dibalut dengan nasionalisme.",0.0,2024-04-24 10:50:23+00:00
"soal naturalisasi, siapapun berhak untuk membela timnas indonesia, termasuk para pemain diaspora/keturunan. dengan switching their nationalities, mereka udah menunjukkan keseriusan dan kecintaanya terhadap negara ini. love, loyalty, blood, and pride. that's should be enough.",2.0,2024-04-24 12:20:26+00:00
bener. ini bahasan ga penting. timnas lagi bagus-bagusnya. pemain naturalisasi atau keturunan juga ada di berbagai negara lain. ini sih mau nyari rame aja. haduh.,2.0,2024-04-24 13:01:24+00:00
"iyah bener, sosok hotman biar bagaimana pun jadi magnet. toh kita nonton2 juga. ga bakal terlalu mengkritik juga nih karena besok giliran mba rosi ngebahas timnas dan naturalisasi di kompastv",,2024-04-24 16:26:41+00:00
"panelisnya berkelas semua, ngebahas hottest issue in the street (naturalisasi dan timnas), dan yang di meja adalah orang-orang paling expert soal naturalisasi dan timnas, eh host-nya malah boomer yang gangerti apa-apa soa itu, such a waste.",0.0,2024-04-24 18:25:20+00:00
"sejak 2010, timnas udah naturalisasi pemain. sejak christian gonzales, irfan bachdim, dll. tp prestasinya ga sampe level asia. udah 14th naturalisasi berjalan. udah banyak pemain dinaturalisasi. tapi baru 3 tahun terakhir prestasi timnas lumayan. terus masih raguin coach nya?",0.0,2024-04-25 00:21:51+00:00
towel nih makin lama makin ndak masuk akal!!sentimen naturalisasi atau lokalpride ini kesan nya dibuat2 jd hal negatif!! padahal kita indonesia yg waras.. mau naturalisasi! mau lokalpride! yg penting satu bisa bawa timnas indonesia dapat prestasi! udah sampai disitu aja! titik!.,,2024-04-25 02:50:24+00:00
"eh...towel, yg membelah2 jadi local pride dan pro naturalisasi cuma eluh ajah sendirian, gw yakin yang lain support 100% sty dan timnas garuda! simpel ajah...love it or leave it! support timnas atau cabut dari indonesia! gak butuh orang kayak eluh!",,2024-04-25 05:13:46+00:00
emang pemain timnas indonesia ataupun timnas yang lain baik naturalisasi atau bukan memang tidak digaji tapi dapat bonus. sepakbolaindonesia towel coach justin army,1.0,2024-04-25 12:13:41+00:00
naturalisasi timnas indonesia wajah sepak bola nasional kita yang perlahan lahan menapaki jalur yang benar berkat kebijakan naturalisasi yang benar selengkapnya:,2.0,2024-04-25 16:18:27+00:00
tidak mungkin di bahas. biaya naturalisasi lebih murah dibanding perbaikan dan pengembangan liga. pemerintah/pssi sangat tau cara agar masyarakat bola indonesia diem nggak ribut soal liga adalah memuaskan nafsu dengan timnas dibalut dengan nasionalisme.,0.0,2024-04-25 16:44:49+00:00
"alema ngalam tiba2 bisa lolos dari degradasi, tadi sore tim brengsek itu dapet 2x pinalti. liga kontol, tim kontol. emang gak maju timnas kita kalo pemain-pemainnya diambil dari liga dagelan, dukung terus naturalisasi! jangan pernah pake pemain liga butut.",0.0,2024-04-25 17:12:31+00:00
selesai. timnas indonesia menuju semi final afc u-23. south korea tumbang. ernando ari adalah kunci. bung towel perlu ngumpet biar sibuk cari alesan buat nggak muji sty dan ga menelan ludah apresiasi pemain naturalisasi.,0.0,2024-04-25 21:00:02+00:00
"sty s-nya semifinal. t-nya tepat janji. ia membawa progres dalam permainan timnas di turnamen ini. tentu masih ada yang harus dibenahi, tapi secara keseluruhan ia melakukan kerja bagus. karena percuma dikasih naturalisasi kalau tak bisa memanfaatkan. sty membuktikan ia bisa.",,2024-04-25 21:13:54+00:00
"yuk bisa yuk benahin dari nol mumpung timnas udh bagus nih yuk benahin kualitas liga kita kalo bisa dari ssb benahinnya, lebih bagus kalo sampai ada liga sepak bola antar sma karena ga mungkin domg terus menerus naturalisasi",,2024-04-25 21:29:44+00:00
nga nyangka perkembangan timnas bagus banget. melawan korea aja nga ada takutnya. mainnya efektif udah kayak tim dunia lainnya. tiki taka satu dua operannya enak ditonton. biasanya pemain timnas suka bawa bola nga keruan. pemain naturalisasi juga bagus2 era sekarang!,2.0,2024-04-25 22:04:28+00:00
"pak , timnas sudah berkembang pesat di bawah asuhan sty. terimakasih untuk naturalisasi dan membawa diaspora main untuk timnas. permintaan selanjutnya: 1. kasih sty kontrak baru 2. tolong perbaiki liga dalam negeri. semua akan sia sia kalau liga masih bobrok",2.0,2024-04-25 22:26:55+00:00
"towel adalah tmn tmn gw yg ga terima timnas kebanyakan naturalisasi, ga terima kalo timnas maen bagus, yg katanya sty ketolong pemain bagus doang, dikira ngatur taktik gampang kali",0.0,2024-04-25 23:27:11+00:00
"bayangkan jadi arkhan fikri, - bukan pemain naturalisasi - main di liga 1 - gagal penalti untungggggggg akhirnya timnas lolos ke semifinal. semangat arkhan, di semifinal nanti insyaallah lu akan jadi pencetak gol penentu indonesia.",,2024-04-26 00:12:42+00:00
"timnas rasa sepakbola eropa, gol kelas dunia enak di tonton australia jordania korea arab saudi ? ayo timnas indonesia u-23 semangat semoga lolos ke final bismillah sin tae yong telah membuktikan, timnas berubah dengan kualitas. fisik naturalisasi gak bohong",2.0,2024-04-26 00:34:05+00:00
"manfaatkan bola muntah dan gol dari struik pemain naturalisasi gak bohong kualitas emang diatas rata-rata. fisik dan tehnik berkelas, memacu pemain timnas selangkah lebih maju. mental jadi kuat. koordinasi permainan mantap, kelas sepakbola eropa",2.0,2024-04-26 00:57:12+00:00
bukti pemain naturalisasi yg benar benar cinta indonesia saat timnas menang mereka terlihat saaaangat gembira natural sekali kegembiraan mereka maaf ya towel kebanggaan kami menang,2.0,2024-04-26 01:45:25+00:00
"bukan cuman soal skill, tapi mental pemain naturalisasi juga ga perlu diragukan lagi. aneh lu yg bilang timnas harusnya pake pemain lokal",0.0,2024-04-26 02:12:57+00:00
"pas adu penalti, terlihat wajah asli para pemain timnas indonesia yang naturalisasi, ternyata.... wajah wajah mereka natural indonesia asli nggak pake polesan, jadi saya nggak ragu, bahwa jiwa nasionalismenya pun pasti indonesia. tetap semangat dan go to be legend",2.0,2024-04-26 02:53:10+00:00
"nunjukin kalo pemain naturalisasi itu mainnya gak setengah-setengah, 1000% malahan dilapangan, untuk timnas garuda.",2.0,2024-04-26 03:04:23+00:00
apakah kemenangan timnas dengan komposisi pemain naturalisasi yg cukup banyak ini akan menyadarkan pemrenta untuk tidak menyuburkan kebijakan tkdn?,1.0,2024-04-26 03:20:45+00:00
"liat konten2 timnas, karena mungkin lagi rame jadi muncul terus (gue ga ngikutin timnas) trus bingung kenapa timnas kok banyak yg kayak bukan org indo. pas search, oh naturalisasi dan emang mereka ada keturunan indonya wkwk maaf kudet but congrats buat timnas indonesia keren",2.0,2024-04-26 03:35:30+00:00
selama suportif. pokoknya menang dan bendera merah putih berkibar. gada urusan naturalisasi ataupun lokal! 5 tahun kedepan timnas semakin berkibar. jangan dipolitisasi ya tolong para pejabat. jangan ganggu jadwal latihan mereka demi ambisi kuasa kalian!,,2024-04-26 05:58:57+00:00
"maaf komen sy menyimpang, spontan ada di pikiran jd lsg sy sampaikan, jika materi pemain timnas diisi 100% putra asli daerah indonesia tnp naturalisasi sama sekali (spt era 90an kebawah), apakah shin tae yong ttp mampu mengangkat prestasi timnas garuda indonesia spt saat ini ?",1.0,2024-04-26 08:03:00+00:00
"shin tae yong korsel garudamendunia era 70-an timnas garuda indonesia dikenal sangat tangguh, bahkan cukup disegani di asia dan ditakuti di asia tenggara, dikenal sebagai macan asia tanpa pemain naturalisasi. lalu apa kendalanya saat ini jika tanpa naturalisasi ?",1.0,2024-04-26 08:33:49+00:00
"secara implisit, gue rasa dia itu nyindir system liga lokal sih. dia nyindir kenapa sty make banyak pemain naturalisasi, kenapa ga pake orang lokal? berarti emang liga lokal ga cukup baik buat seleksi timnas. cmiiw",1.0,2024-04-26 11:53:42+00:00
"justin hubner dan semua timnas indonesia memang bermental baja yah. enggak semuanya bisa seperti ini, salut. ada beberapa yg nanya soal si hubner ini. ada baiknya gak usah panggil pemain naturalisasi, karena mereka benar-benar berjiwa patriot. sangat nasionalis dan loyal",2.0,2024-04-26 12:32:29+00:00
"kalau kita berkaca dari naturalisasi pemain keturunan yg bersumbangsih pada positifnya performa timnas bola di asian cup, sudah saatnya pemerintah juga melakukan “naturalisasi” kebijakan yg satu ini demi mencegah kerusakan alam yg lebih parah di tanah air. foto: afc",,2024-04-26 12:56:28+00:00
"bravo, bravo, tim sepak bola indonesia kalau dikelola dengan baik dan antara pemain dan pelatih kompak serta strategi yang jitu pasti akan menghasilkan yang kita harapkan bersama, sekali lagi bravo tim u23 indonesia, selamat datang pelatih naturalisasi sty, kami siap menerimamu",2.0,2024-04-26 13:49:10+00:00
"hanya dengan menang lawan korea selatan, timnas indonesia memiliki 3 peluang untuk masuk olimpiade. tiga. tiga peluang yang harus dimenangkan. kalau masih ada yang gak suka karena tidak terima kasih, glorifikasi naturalisasi dan lain-lain. anda tolol, anda saya pastikan bodoh.",,2024-04-26 14:27:53+00:00
"naturalisasi timnas indonesia terbukti berhasil. saya usul agar pssi buat program perkawinan silang pria indo dengan wanita dari eropa, rusia/turki/korea/jepang agar anak2 nya jago main bola. saya siap jadi yg pertama ikut program tersebut.",,2024-04-26 16:37:16+00:00
"tanya pd diri anda. tanya pd hati anda. apkh betul kalian gembira timnas lolos k semifinal. adalah buah karya putra terbaik indonesia. pd wkt kalian cek, ternyata warna kulitnya berbeda dgn kalian. naturalisasi gagal sudah brp banyak?",0.0,2024-04-26 23:44:29+00:00
"nathan tjoe a on ini mungkin gak banyak jadi perbincangan publik sepanjang proses naturalisasi. gak seperti walsh, ivar, struick, atau hubner. tapi ternyata setelah liat kiprahnya di timnas, ini orang gokil juga kontribusinya.",2.0,2024-04-27 07:15:10+00:00
"setuju! stop debat tentang naturalisasi jngan beri panggung org² kya mr.t. semua pemain yg ada di timnas saat ini, sudah pasti sedikit tidaknya mendongkrak mental² pemain yg bermain di liga 1. jadi stop perdebatan ini. fokus ke timnas utk sepak bola indonesia yg lebih baik!!!",,2024-04-27 08:50:41+00:00
jangan sampai fokus membentuk tim nasional yang kuat terganggu dengan kedatangan pemain baru yang terus bertambah. bibit pemain naturalisasi yang main di u-23 ini bisa terus menjadi tulang punggung timnas hingga minimal 5 tahun mendatang.,2.0,2024-04-27 09:36:27+00:00
"percayalah klo performa timnas indo bagus tuh secara ga langsung jg ngefek buat pemain timnas naturalisasi jadi dipercaya sebagai line up di clupnya, menyalah abang wals",2.0,2024-04-28 02:18:13+00:00
"pundit asal amerika sampe bilang :  damn, hampir seluruh starting eleven u23 timnas indonesia itu ada piala asia senior kemarin   asian la masia bro  sampe mereka kira marselino juga naturalisasi dengerin tuh towel timnasday mnc group uzbek",2.0,2024-04-28 06:21:26+00:00
"tuh dengar bung towel, warga luar sana mengapresiasi program naturalisasi sebagai tanda kebangkitan sepak bola indonesia. salut sama capaian timnasindonesiau23 in shaa allah tembus final afcu23. doa kami anak bangsa buat pemain timnasindonesiau23 timnasday timnasu23",,2024-04-28 14:10:33+00:00
makin hukum salat makin tak pernah juara datangnya pemain naturalisasi kristen lah yg membuat timnas garuda berjaya sekarang,,2024-04-28 23:23:23+00:00
"tolong ya itu timnas yg naturalisasi jgn di suruh joget tiktok, pas elkan dulu kesel bgt di eropa gaada begitu. mana gaada privasi",0.0,2024-04-29 01:51:06+00:00
"tau ga, lurrr!!! dua punggawa timnas piala asia u23 hasil naturalisasi ternyata tidak hanya berdarah keturunan indonesia tapi lebih spesifik lagi yaitu keturunan semarang nobar yok, lurr timnasindonesia sepakbola afcasiancup2024 pialaasiau23 shintaeyong",1.0,2024-04-29 06:32:59+00:00
"wajah timnas indonesia dgn sepak bola indonesia trnyata berbeda. wajah timnas udah tampan, tpi sepak bolanya masih jelek bobrok. itu juga timnas karena ketolong sma naturalisasi. jgn smpe silau sma ketampanan timnas indonesia, smpe lupa klo sepak bolanya msih jelek bobrok",,2024-04-29 09:01:13+00:00
"mon maap banget nih bang kameramen kalo indonesia raya lagi main, pemain timnas yang naturalisasi jangan disorot kelamaan. masih belom pada hapal lagunya ditambah grogi. kesian.",0.0,2024-04-29 13:54:47+00:00
"imho, belum pernah ada sejarahnya timnas indonesia kayak sekarang. teknik oke..passing bagus. benar-benar bisa nerapin strategi pelatih. penguasaan bola bagus banget. fisik luar biasa. main cepet gak keliatan lelah. lepas dari naturalisasi, ada banyak pemain asli yg bagus di sana",2.0,2024-04-29 14:57:19+00:00
"...akhir'y terbukti perkataan bung towel. timnas tertolong pemain2 naturalisasi. begitu struick gak main, kedalaman skuat parah banget. asli, buruk banget permainan hari ini...uzbek jauh banget level'y di atas. beruntung kena tiang sampe 4x...kalo gak dah kalah 6-0. (``,)",0.0,2024-04-29 16:15:01+00:00
statistik. kalo begini butuh 6 pemain naturalisasi lagi buat u23. hehe tetap semangat masih ada perebutan juara 3 buat lolos olimpiade paris 2024. ayo timnas indonesia!,2.0,2024-04-29 16:21:05+00:00
"timnas tertolong oleh pemain naturalisasi hari ini.mainnya kalah dengan uzbek , tapi ga papa sudah masuk",1.0,2024-04-29 16:25:38+00:00
tiang gawang di stadion qatar itu mampu menyelamatkan timnas indonesia dari kebobolan lebih banyak. apa perlu kita naturalisasi juga ?,,2024-04-29 16:32:14+00:00
"ya sama aja kayak fans liga 1 dan fans timnas lain yang ngatain struick gak guna karena gak bisa ngegolin, naturalisasi kualitas liga 1, striker mandul, striker jualan exclusive, dll. ya emang harus dibandingin biar keliatan. sananta masih muda. masih banyak waktu buat belajar.",,2024-04-29 16:34:57+00:00
"yg perlu dicatat, timnas itu banyak naturalisasinya, mk kemenanganpun rasanya ga perlu glorifikasi yg berlebih hari ini jadi bukti, bhw timnas msh lemah. gw berharap timnas indonesia dpt lbh berjaya di kemudian hari dgn naturalisasi yg minimal jd glorifikasinya maksimal",,2024-04-29 16:47:41+00:00
timnas sepakbola kl mw berprestasi emang harus 100% pemain naturalisasi. cari aja di liga kasta 2-3 di eropa sana. liga lokal dan pssi bubarin aja gpp kok. abis2in duit doang wkwkwk,0.0,2024-04-29 17:26:26+00:00
"liat prmainan timnas indo gregetan, smoga aku bs di naturalisasi supaya bs mnperkuat timnas",,2024-05-09 14:29:39+00:00
"ada kenaikan prestasi timnas sepak bola indonesia sejak naturalisasi pemain, tapi belum ada gelar juara. mengapa? saksikan metrotvkontroversi emosi naturalisasi selengkapnya di timnasindonesia shintaeyong timnasday timnasgaruda",1.0,2024-05-10 12:40:00+00:00
"sah-sah saja klo sty ada rencana mau stop naturalisasi pemain . --- beda topik, kalau coach is mau naturalisasi peruntukan u-20, ataupun coach nova juga mencari peruntukan u-16, ataupun coach timnas indonesia perempuan juga turut serta. cmiiw",,2024-05-13 04:37:08+00:00
"bodok betul si gembrot ini. gimana cerita minta timnas bagus tanpa kompetisi rutin?? ya, bisa, sih. kalo pemain didorong main di luar negeri atau sekalian pake naturalisasi full",0.0,2024-05-13 06:31:36+00:00
"orang-orang ini memang ngeyel, sudah dibilang sepak bola indonesia itu beda. jalan pikiran itu sudah benar. yang dibangun itu timnas dulu. pembinaan dan kompetisi itu urusan belakangan. toh kalau tidak ada pemain kan bisa naturalisasi atau apalah itu namanya.",0.0,2024-05-13 09:11:52+00:00
timnas indonesia naturalisasi mbappe njir,0.0,2024-05-14 15:08:35+00:00
"naturalisasi pemain untuk timnas indonesia jadi program jangka panjang, bagaimana dengan grassroot?",1.0,2024-05-17 11:00:22+00:00
"kalo udah di naturalisasi, jiwa indonesia pasi terdepan. contohnya osas yang pengen bantu perkembangan sepak bola indonesia maju.. thanks osas mantanpemaintimnas osassaha sepakbolaindonesia timnas titikkata titikkataid titikkatacom",2.0,2024-05-20 11:30:45+00:00
urgensi naturalisasi pemain timnas indonesia untuk tingkatkan prestasi,,2024-05-20 12:45:41+00:00
"menkes mau datangkan dokter asing, tiru naturalisasi ala timnas bola",1.0,2024-05-21 07:21:58+00:00
"kemenkes berencana import dokter asing , meniru pssi(timnas) naturalisasi itu mungkin istilah halusnya,. beda tipis maknanya dengan import.. == ini salah satu jalan ninja menuju indonesia emas militannkri gantari",,2024-05-21 08:44:29+00:00
"sejak kapan membawa timnas indonesia mnjadi juara piala asia, juara aff ? program erick thohir adlh membentuk timnas full naturalisasi.eredivisie masuk piala dunia,dgn ranking 100.",0.0,2024-05-21 08:48:06+00:00
tiru naturalisasi ala timnas bola,1.0,2024-05-21 09:35:19+00:00
"sekolah tinggi katanya kebutuhan tersier. sekolah ppds katanya makin mahal. ini solusinya menkes mau datangkan dokter asing, tiru naturalisasi ala timnas bola",0.0,2024-05-21 09:47:32+00:00
"sekalian pejabat² juga dong, tiru naturalisasi ala timnas bola.",0.0,2024-05-21 10:31:20+00:00
kalau rakyat mau datangkan pemimpin asing tiru naturalisasi timnas bola supaya indonesia bisa naik kelas bisakah??,1.0,2024-05-21 11:43:40+00:00
sekalian presiden dan para menterinya naturalisasi untuk mempercepat indonesia bubar...,0.0,2024-05-21 13:13:01+00:00
"timnas indonesia ga mau naturalisasi james ward-prowse??? asli madiun doi, kemampuan bola matinya lebih bagus dari beckham lagi sayang gapernah kepake sama inggris. mending buat timnas indo aja",2.0,2024-05-21 13:20:39+00:00
"naturalisasi pemain bola meningkatkan timnas indonesia ke level dunia. kenapa tidak! naturalisasi nakes (dokter) juga akan membawa dunia kesehatan indonesia ke level dunia. keren! 2029 ada naturalisasi capres, akan membawa indonesia ke level dunia asing. gile elo ndroooo....",2.0,2024-05-21 14:08:05+00:00
"gak gitu juga lah naturalisasi timnas bola itu wajar karena memiliki darah keturunan dan sangat memberikan kemajuan , sedangkan kita mau melakukan versi dokter? itu dokter kewarganegaraan asing yg keturunan or bukan? kenapa gak naikkan fleksibilitas dokter lokal.?",0.0,2024-05-21 14:17:53+00:00
"mau ikut naturalisasi ala timnas bola? berarti menkesnya selaku pelatih juga harus dari asing seperti sty pelatih timnas bola, gimana setuju kah ?",1.0,2024-05-21 23:48:31+00:00
"dulu sampe sekarang dhani tetep sama saktinya, beberapa warga ngeliatnya ga sakti lagi karena ujung tombaknya ga ada. makanya sekarang gw cuma mau klo ga once ya pake bule. sama kaya di timnas bola, naturalisasi.",1.0,2024-05-22 06:33:55+00:00
"tiru naturalisasi timnas, menkes mau datangkan dokter asing",0.0,2024-05-23 09:04:18+00:00
"timnas philipina itu bukan pakai pemain naturalisasi, tapi mereka menggunakan pemain yg memilih kewarganegaraan philipina. kalau timnas indonesia baru boleh dikatakan menggunakan pemain naturalisasi karena mereka harus melepas memilih kewarganegaraan. kecuali baggott bachdim",1.0,2024-05-23 09:54:34+00:00
"menkes bakal datangkan dokter asing, tiru naturalisasi timnas indonesia",0.0,2024-05-23 10:48:34+00:00
"biasanya rewatch tmg, trus nadia omara, hirotada, ken grat, pebbie lieyanti, dianxi xioage, shanty di china, tarawoni, kimbab fam, bianca kartika, arsy channel, sama highlight match real madrid, timnas indonesia, trus interview pemain2 naturalisasi di channel yussa nugraha",,2024-05-26 03:49:40+00:00
"supaya bersaing di tangga juara, dulu pernah ngobrol sama gue bahwa susunan skuadnya minimal: 6 asing 1 naturalisasi 2 timnas aktif beberapa pemain timnas kelompok umur sisanya pemain punya jam terbang di liga 1 dilengkapi pemain lulusan akademi. bener gak sih?",1.0,2024-05-26 14:17:14+00:00
efwan! sudah saatnya leclerc (putra daerah) di naturalisasi untuk timnas sepak bola indonesia,2.0,2024-05-26 16:02:54+00:00
akibat pejabat tidak punya dasar dan tanggung jawab nasionalisme ! ide ngaco! menkes akan datangkan dokter asing tiru naturalisasi ala timnas bola,0.0,2024-05-28 20:04:56+00:00
tolong itu nama2 yang di coret dari timnas belanda buat euro 2024 bisa banget naturalisasi buat masuk ke timnas indonesia.,1.0,2024-05-30 03:25:52+00:00
"daks. kalau pemain timnas yang melewati naturalisasi bisa dan jago bahasa sunda dan gak jauh dari tempat duduk kalian sekarang... urang mah rek nanya: a salami ieu, di dm panen tit ataw nen?",0.0,2024-06-07 12:21:57+00:00
"minimal separuh pemain timnas kaya elkan, adem keknya timeline. akhir² ini ngeliat anak² timnas mayoritas aktif dan muncul terus di sosmed pandanganku jadi beda ke mereka tidak sesuai ekspektasi pas awal² ramai naturalisasi.",0.0,2024-06-09 12:22:04+00:00
"blm tentu krn pemain lawan jg byk diaspora/naturalisasi, plus mental kita msh menganggap lawan dibawah kita, blm lagi ini laga penentu akhirnya jd tegang. semoga timnas ga meremehkan, tdk tegang kurangi show off, jgn lupa jg kurangi bersosmed biar terpengaruh selebgram aiueo.",1.0,2024-06-10 13:10:59+00:00
timnas indonesia rasa belanda yang bukan naturalisasi cuma 4 orang..,1.0,2024-06-11 13:21:49+00:00
"pemain lokalnya aja kaya gini dah gtu pengen komposisi timnas indonesia banyakin indonesia tulen, mau masuk pildun dengan komposisi banyak indonesia tulen? jangan harap lebih baik banyakin pemain naturalisasi aja lebih menjanjikan, gpp bukan indonesia tulen yg penting keturunan indonesia dan wni.",0.0,2024-06-11 17:45:36+00:00
gada ah di pssi yang bagus juga cuman timnasnya itu juga faktor banyaknya naturalisasi. pssi bukan cuman timnas.,,2024-06-12 08:41:24+00:00
"baru sadar kalau pemain timnas indonesia banyak naturalisasi, gara2 temenku cewe ada yg upload video timnas yg ganteng wkwk, dimasa depan org luar akan mikir kalau org indonesia ras kaukasian haha",0.0,2024-06-12 12:50:02+00:00
"apa yg dikritik bung towel itu benar adanya. naturalisasi pemain bukanlah solusi yg tepat utk kemajuan sepak bola indonesia di masa depan. jutaan anak indonesia punya kemampuan dan bakat yg menunggu diasah secara intens sedari kecil, kenapa pssi abaikan tunas muda ini???",,2024-06-12 12:55:43+00:00
"mau di gaji atau uang saku, sah sah aja, lanjutkan, pssi mendunia.. pemain naturalisasi yang dipanggil bela timnas indonesia itu dapat gaji atau cuma uang saku saja? akhirnya terungkap, ternyata…",1.0,2024-06-13 02:53:22+00:00
selamat buat timnas (tim naturalisasi),,2024-06-13 08:16:05+00:00
naturalisasi adalah proses yang dilakukan oleh warga asing agar menjadi warga negara indonesia (wni) sah di mata hukum. . bagaimanan pendapat sobat pr terkait pemain naturalisasi timnas indonesia saat ini? timnasindonesia naturalisasi prmn,,2024-06-15 06:58:54+00:00
naturalisasi jadi hal tabu di timnas indonesia doang sih,1.0,2024-06-15 23:58:19+00:00
"mau ga percaya mafia yang pengen pemain lokal masuk timnas biar harga melambung, yang dimana mafia ini pada ga suka sty pake pemain naturalisasi, tapi ya begini, gila lah dibilang bukan prestasi",0.0,2024-06-16 01:22:05+00:00
"even kalau lo bandingin sama pemain naturalisasi kita di timnas, reijnders mukanya jauh lebih lokal",,2024-06-16 13:14:07+00:00
timnas pusat naturalisasi aja noh si hokky caraka,0.0,2024-06-17 05:19:10+00:00
"jika ada fans belanda yg nyinyir mengenai status tijjani martinus jan reijnders lekatompessy di timnas belanda, ingat ya bahwa status dia itu sama dengan irfan bachdim di indonesia. mereka bukan naturalisasi, tetapi memilih kewarganegaraan. resjnders milih wnb bachdim milih wni",1.0,2024-06-17 08:31:52+00:00
"cristian gonzales butuh waktu 5 tahun jadi wni tapi ternyata pemain naturalisasi pertama timnas indonesia bukan el loco, melainkan sosok...: cristian gonzales kerap disematkan sebagai sosok pemain naturalisasi pertama timnas indonesia. padahal fatkanya…",1.0,2024-06-17 09:03:18+00:00
"iya, mending naturalisasi aja gak sih mudryk, ini timnas ukraina kalo jumpa timnas indonesia, gak tau nasibnya gimana",2.0,2024-06-17 14:31:06+00:00
"timnas indonesia batal naturalisasi joey suk, kenapa?",1.0,2024-06-18 01:07:33+00:00
"lahir udah tajir melintir, tp keukeuh tetep mau maen bola. naturalisasi ke timnas indonesia mau ga bang?",1.0,2024-06-20 16:02:15+00:00
w pernah bilang yg kita naturalisasi emg bagus di timnas tp di kelas eropa ya mereka medioker eh dibacotin,0.0,2024-06-20 16:38:27+00:00
apa hubungannya sama timnas indonesia yang udah naturalisasi semua pemain londo tapi tetap dicukur irak dengan pemain pribuminya sebanyak 4x dalam 6 bulan terakhir??,0.0,2024-06-21 03:36:54+00:00
pemain naturalisasi timnas indonesia banyak mendapatkan perlakuan kurang menyenangkan pasca pindah kewarganegaraan. semoga ini bisa dicarikan jalan keluarnya. jangan sampai setelahnya mereka dapat diskriminasi di klub yg mereka bela.,2.0,2024-06-22 23:54:24+00:00
"untuk urusan naturalisasi pemain saja federasi begitu cepat dan niat mengurus, bahkan sampai mengambil jalan pintas melalui kementerian dan dpr. kok untuk tanda tangan pelatih timnas indonesia yang prosesnya lebih mudah, masih belum dapat ?. lu serius kagak ?.",0.0,2024-06-23 07:59:07+00:00
"untuk mendapat tanda tangan shin tae-yong terkait perpanjangan kontrak sebagai pelatih timnas indonesia itu prosesnya lebih mudah dibandingkan naturalisasi pemain keturunan, tapi 1 bulan lebih setelah afc u-23 kok masih belum mendapatkan ?. kok amatiran ? .",,2024-06-23 08:18:02+00:00
menarik mengamati pergerakan pemain timnas naturalisasi di window trasnfer.,1.0,2024-06-25 03:31:32+00:00
tsubasa ozora siap di naturalisasi timnas indonesia. yaszamzani via instagram,1.0,2024-06-27 07:45:54+00:00
"berat ini. timnas satu grup ama jepang, saudi dan australia. kalo mau lolos ga bisa sekedar naturalisasi tapi transformasi dasar sepakbola indonesia.",0.0,2024-06-27 07:52:38+00:00
"emang timnas indonesia senior ada pemai naturalisasi? coba sebutin siapa pemain timnas skrng yg ga punya darah indo? inget bang kata shayne, mereka itu orang indonesia, mereka ga bisa pilih lahir dimana. mereka punya hak yg sama",,2024-06-27 08:59:41+00:00
menolak mengakui hindia belanda sebagai indonesia yang menjadi wakil dari asia pertama di piala dunia sama dengan netizen yang menolak thom haye dkk berstatus sebagai pemain naturalisasi di timnas indonesia. source:,0.0,2024-06-28 01:35:27+00:00
yuuuk kita dukung selalu kolaborasi pemain lokal dan pemain naturalisasi untuk prestasi timnas sepak bola indonesia. naturalisasi ditjenahu kemenkumhamri,,2024-06-28 09:36:40+00:00
"pusat data nasional jebol! kalo pemain timnas prestasinya jebol bisa diganti pemain naturalisasi, apa salahnya sekarang menteri kominfo dan pejabat di atas yg menunjuknya juga dinaturalisasi?? setuju guys??",0.0,2024-06-29 10:29:42+00:00
bang stegen kalo pengen main timnas indo buka naturalisasi,0.0,2024-06-29 17:54:05+00:00
"permainan u-16 sangat bagus.tentu cita2 mereka kelak mnjd tim di level lbh tinggi,mnjd tim senior.bisakah?belum tentu.program kini gencar berburu pemain naturalisasi utk membentuk timnas,dgn target juara di berbagai event.pilihannya: naturalisasi.",0.0,2024-07-01 22:34:47+00:00
"semoga matang dengan pas saat usianya masuk timnas senior. naturalisasi dan adopsi pemain keturunan hanya solusi sesaat, bukan proyek jangka panjang.",0.0,2024-07-02 03:57:33+00:00
"hal seperti ini kok disambungin sama timnas. pantes dari dulu sebelum era naturalisasi beberapa tahun ini, timnas kita jelek terus. ternyata yang dari ssb aja sudah rusak semua. lucu",0.0,2024-07-06 18:31:11+00:00
"apakah benar pemain naturalisasi dibayar pssi agar mau bermain untuk timnas indonesia? eks pengurus pssi ini berani buka-bukaan: pemain naturalisasi timnas indonesia tidak mendapat uang sepeser pun ketika bermain untuk skuad garuda, lantas apa yang…",1.0,2024-07-07 06:10:06+00:00
"ini lah, negara kismin sok2an naturalisasi timnas. bumn bangkrut semua, giliran timnas masuk babak ke3 pildun aja warga rwrt58 rw02 heboh luar biasa bangganya hipokrit lo semua pada!!",0.0,2024-07-08 00:53:33+00:00
"gak usah marah2 kalau seleksi taruna di ntt putra daerah yg cuma lolos 1 orang, 10 sisanya malah didominasi propinsi lain, barangkali terinspirasi timnas sepak bola, pakai modus naturalisasi",,2024-07-08 21:27:43+00:00
"timnas sepak bola enggak maju-maju, masyarakat enggak percaya lagi dan mulai pesimistis. solusi: naturalisasi pemain asing. polisi enggak maju-maju, masyarakat enggak percaya lagi dan mulai pesimistis. solusi: naturalisasi polisi asing. harusnya kan gitu.",0.0,2024-07-09 04:33:23+00:00
"jika sty mngaku sebg pelatih timnas indonesia,kayak nya tidak tepat. sty hny mengkordinir pemain2 eredivisie belanda yg di naturalisasi. sty tdk membina seperti pelatih indra sjafri,nova irianto.timnas yad akan berisi full pemain naturalisasi.",0.0,2024-07-09 05:47:50+00:00
"skuad timnas belanda di euro2024.ini peluang bagi yg kini gencar berburu pemain naturalisasi.ada yg berasal suriname dan indonesia ( tijjani reijnders) tentu mudah digaet.timnas akan makin kuat,makin terbuka utk lolos piala dunia.",,2024-07-09 07:32:42+00:00
"“pau torres hebat ga? pau cubarsi hebat ga? pedro porro hebat ga? sayang ga nanti bek timnas kita di isi pemain naturalisasi seperti laporte dan normand?” ucap sergio towel, pengamat sepak bola spanyol",,2024-07-09 08:08:25+00:00
balesin reply tp krn ga masuk yasudah. padahal yang masuk ke timnas skrg (yg dipanggil ke hk) itu yang bahkan kita ga perlu effort harus proses naturalisasi. jadi anggep aja pemain lokal. tp kok ada yang mempertanyakan kualitasnya. udah kena ini sih.,0.0,2024-07-09 10:35:58+00:00
"fans suporter timnas spanyol inggris belanda perancis yuk nguliner soto karang dulu. siapapun yg menang seneng, tapi lebih seneng kalo yg menang timnas pusat . efeknya ke timnas indonesia jadi lebih nakutin lawan krn sebagian besar pemain naturalisasi timnas pusat",2.0,2024-07-10 13:09:11+00:00
timnas plis naturalisasi gunwook,,2024-07-10 16:58:17+00:00
"menaruralisasi pemain kan 7annya untuk menambah kekuatan timnas garuda tentunya sdh melalui seleksi yg ketat dan butuh biaya besar,klo pada akhirnya dicoret maksudnya apa hanya buang2 uang dan kasian pemain naturalisasi yg dicoret",2.0,2024-07-11 15:25:40+00:00
timnas merusak kompetisi. jadi emang bener 100% naturalisasi aja. gak ada sinergi antara timnas dan lib terutama soal jadwal,0.0,2024-07-13 05:36:22+00:00
"kalo ngomongin si mafia, emang dia ada agenda buat mecah belah fans. bikin fans benci sama sty, sama pemain diaspora, sama pemain timnas. kadnag brainwash kalo naturalisasi indonesia itu ampas. emang akun gila dia mah. mending diblock aja. udah tua malah ngadu domba.",0.0,2024-07-13 13:53:21+00:00
"ternyata setelah dicek, akun ini emg sering ya bikin hoax dan postingan provokasi ke anak2 timnas. mana yg jd target selalu pemain naturalisasi. dari rafael, rumor ragnar ke bali united, sampe justin pun kena sm ni akun. lokal pret anak buah towel detected sih inimah",,2024-07-13 14:29:57+00:00
"gw bisa memaklumi jika perancis dan canada menaturalisasi pemain keturunan africa yg bermain di liga lokal mereka sebagai imigran, datang dari eks negara jajahan mereka. jadi naturalisasi pemain di timnas indonesia saat ini bisa dimaklumi. tapi menurut gw, perlu di batasi",0.0,2024-07-14 00:45:00+00:00
naturalisasi di timnas indonesia sekarang agak berbeda karena mengutamakan harus ada garis keturunan (leluhur) indonesia dari sang pemain yg bersangkutan. kalau dahulu itu tidak dipertimbangkan..,1.0,2024-07-14 01:08:12+00:00
"kalo udah main di liga 1, sty atau fans timnas indonesia masih sudi gak buat naturalisasi doi??",0.0,2024-07-15 05:41:45+00:00
ada yg berpikir sama dgn gw kah? kalo yg dinyanyiin ini 11 12 dgn orang2 yang masih ngeributin soal naturalisasi di timnas indonesia?,,2024-07-16 22:32:29+00:00
skuad bagus di kelompok umur tapi timnas indonesia banyak yg naturalisasi kan ngehek.,0.0,2024-07-18 13:27:36+00:00
"ya ribet aja. sama kek timnas indonesia, gamah disebut pemain naturalisasi. tapi, keturunan, diaspora. gitu",0.0,2024-07-18 19:49:40+00:00
"timnas garuda kini sdh full berisi pemain2 naturalisasi.satu pemain lokal dimasukan hny utk basa basi.skuad ini bukan timnas lagi tapi tim eredivisie belanda.pasti juara aff,pasti lolos kualifikasi piala dunia.",0.0,2024-07-18 23:41:58+00:00
naturalisasi lbh cepat lbh baik timnas u-20 utk qualifikasi pa u-20 butuh 6 pemain naturalisasi: jens raven hinoke mauresmo j tim hv geypen dion we markx sem p yvel sacha deighton ratu tisha erick thohir timnas indonesia kitagaruda tabloid bola,2.0,2024-07-19 19:29:39+00:00
iya yaa aneh juga kalo timnas isinya pemain naturalisasi semua...,,2024-07-20 01:19:28+00:00
ga cuman timnas aja kuli skarang pun naturalisasi,0.0,2024-07-21 12:45:10+00:00
baru tau timnas kita naturalisasi buffon,0.0,2024-07-27 14:30:28+00:00
timnas indonesia lebih baik karena naturalisasi. apa iya indonesia lebih baik juga jika dalam pemerintahannya ada pejabat naturalisasi?,0.0,2024-07-30 12:01:04+00:00
"si mbah lagi ngendangi cucu main bola, seleksi mau masuk timnas u19 setelah di naturalisasi",0.0,2024-08-01 05:48:20+00:00
2024 naturalisasi with timnas indonesia,1.0,2024-08-02 05:48:04+00:00
bjir. penggendong timnas italia ditendang pelatih naturalisasi,0.0,2024-08-05 12:28:03+00:00
"julian alvarez : pelatih terbaik dunia salah satu klub terbaik dunia jaminan throphy tiap musim jam terbang lumayan. rela pindah ke atm. demi masa depannya dan timnas jg. meanwhile.. pemain timnas kt ga main di klub sangat lama, jaminan di timnas bahkan bs ngalain naturalisasi.",,2024-08-07 07:51:14+00:00
"prestasi timnas belakangan faktor utamanya sty naturalisasi. sty direkrut era iwan bule. jadi, belum ada perubahan berarti terkait pengelolaan sepak bola indonesia. apa iya mau mengandalkan naturalisasi terus? emang seberapa byk keturunan indo yg jago main bola?",,2024-08-08 15:17:23+00:00
"kok ada ya negara yang udah gembar gembor naturalisasi, ambisi pengen balap timnas, pake pelatih korea juga, asik bikin turnamen sendiri, elit sepak bolanya sering ribut juga, tapi ga lolos r3 pildun? mana medali emas olimpiadenya nol pula.",0.0,2024-08-18 13:53:49+00:00
udh siap di naturalisasi jadi pemain timnas..,,2024-08-18 15:18:49+00:00
"either that, atau kasih kesempatan siswa (yg bersekolah di) indonesia dulu buat berkompetisi di dunia internasional. mirip2 sentimen naturalisasi pemain timnas bola lah..",1.0,2024-08-20 02:24:28+00:00
"tetap kuat, tetap fokus ya arhan kami semua mendukung mu jangan sampe ya pemain naturalisasi lain kena racun artis telegram yg gx seberapa itu pokonya fokus bermain untuk timnas indonesia",0.0,2024-08-20 15:26:29+00:00
"apakah mereka (tim geypens, ole romeny, mauro zijlstra) adalah beberapa pemain keturunan yang akan datang ke indonesia di bulan september nanti untuk menjalani proses naturalisasi oleh pssi guna membela timnas garuda ?",1.0,2024-08-23 02:39:00+00:00
"ternyata kita selama ini hanya salah negara saja guys.. tak dongakno nduee anak lanang mas, men iso di naturalisasi timnas.... menyala abangku sc:dany cathie",2.0,2024-08-24 00:07:13+00:00
timnas arab ini pernah ada naturalisasi kah?,1.0,2024-08-28 13:04:29+00:00
"kalau bule bule pemain naturalisasi timnas, baru agak percaya dikit",0.0,2024-08-29 05:54:57+00:00
"kasian anak-anak muda yg sdh sepenuh hati bermain untuk timnas , malah dinyinyirin orangtua yg mau balik ke jaman kegelapan!! tuduhan pemain naturalisasi pegang paspor ganda sudah sampai ke telinga skuad timnas indonesia, jay idzes sempat terpancing (",,2024-09-22 04:08:18+00:00
"membela talenta lokal jadi tulang punggung timnas garuda, tapi kalau setiap pertandingan selalu ribut begini, kapan pemain lokal bisa maju? udah bener crash prog dgn naturalisasi spy cepet naik kelas, ke kelas dunia.. yg lokal bisa jadi mma deh..",0.0,2024-09-24 00:06:40+00:00
"pilih ngurusi timnas atau liga?. kl liga, sy mundur saja. makin valid. udah bener naturalisasi berarti? walaupun instan tapi nyaman. biarpun bule tapi gacor maine. meski dicibir, pra piala dunia hadir. kanjuruhan kurang apa jd landmark kbobrokan liga kt. ini menang saja rusuh",0.0,2024-09-24 02:04:03+00:00
"oh ya kak jangan lupa, tag semua orang. yang bilang sedih/mengkritik, karena pemain timnas kita, banyak naturalisasi. saya juga menyayangkan terlalu banyak nya pemain naturalisasi, tapi kalo liga nya aja kayak gini, sepak bola indonesia mau nya gmn?",0.0,2024-09-24 05:23:23+00:00
netizen: pemain timnas yg naturalisasi hapal indonesia raya gak tuh? kalo gak hapal maka nasionalisme layak diragukan. sementara itu menpora nkri:,0.0,2024-09-25 01:56:59+00:00
"timnas senior sekarang banyak dihuni pemain naturalisasi berhasil mengangkat level permainan sepak bola indonesia ke tingkat asia dan dunia sehingga patut didukung, apalagi melihat penampilan mereka yg tampil luar biasa, jadi tak diragukan lagi bahwa mereka memberikan yg terbaik",2.0,2024-09-25 08:20:14+00:00
kelakuan buzzer pks!!!!narasinya koq seperti menyudutkan bang doel konteknya kan pssi sedang rapat dengan komisi x dpr ri membahas sepak bola indonesia. komisi x mempertanyakan program naturalisasi yang dilakukan pssi. komisi x yang menanyakan bukan secara pribadi ya,0.0,2024-09-26 00:04:14+00:00
"heran aku tu ama buzzer pks, mereka tu bodo atau males baca ya ? baca judul langsung sebar fitnah pada bang rano karno. diskusi bagus soal naturalisasi yang dibahas bersama komisi x dpr-ri eh diplintir, kalian tu keterlaluan.",,2024-09-26 00:17:11+00:00
hoax ini jika tdk diluruskan akan jadi fitnah bang doel itu mendukung penuh program naturalisasi selama itu hanya utk jangka pendek sbg langkah agar anak2 timnas kita bs bermain sebagus pemain naturalisasi yg sdh berpengalaman di eropa jakartamenyala prakaruntukjakarta,2.0,2024-09-26 02:02:45+00:00
"klau loe protes soal naturalisasi, lalu bertanya anak2 kita gmana?, mk seharusnya loe bina tuh anak2 kita spy kualitasnya setara dgn pemain naturalusasi, shg nanti pssi akn mengambil anak2 kita itu msk timnas indonesia. jgn sampai kejadian lg ada anak2 kita dibantai 0-10.",0.0,2024-09-26 04:02:01+00:00
"nih colokin ke bacot buzzer² pks yang memfitnah bang doel menolak naturalisasi dan dianggap tidak mendukung timnas. mereka malu jika secara langsung mengkampanyekan ridwan kamil dan kader pks, karena dulunya mereka menghujat ridwan kamil sebagai gubernur gagal dan menganggap pks sebagai ikhwanul muslimin pengusung khilafah. makanya mereka bisanya cuma menjelek²an dan memfitnah duet mas pram - bang doel. jakartamenyala prakaruntukjakarta",0.0,2024-09-26 04:51:43+00:00
"si doel di fitnah pendukung rk soal naturalisasi pemain faktanya vidio yg di kirim the jakmania bikin pendukung rk mingkem teruntuk yg sebar hoaxs simak vidio ini bagaimana sikap bang rano soal naturalisasi dlm timnas sepakbola indonesia, jakartamenyala prakaruntukjakarta",1.0,2024-09-26 05:28:02+00:00
"buat buzzer² pks simak ini yuk biar segaran dikit itu pikiran, jangan hoax aja yg di banyakin rapat soal kebijakan naturalisasi komisi x dpr ri itu sudah di bahas, program naturalisasi pun cuma jangka pendek dilakukan selama timnas indonesia menjalani kompetisi di kualifikasi piala dunia 2026. fitnah itu kejam kawan, apalagi membenturkan rano karno dengan opini sesat terhadap pecinta sepak bola tanah air. jakartamenyala prakaruntukjakarta ----- baunya komeng pajak putra mulyono",0.0,2024-09-26 10:27:59+00:00
"saya juga orang yang menolak keras, jangan terlalu banyak naturalisasi di bawak ke dalam tubuh sepak bola indonesia, setiap saya membicarakan tentang sty ratusan ribu buzzer yang nyerang saya. owalah pak pak",,2024-09-27 01:44:49+00:00
terus indonesia harus ngestuck aja di asean? rebutin piala aff? gimana mau berkembang sepak bola indonesia kalo naturalisasi aja masih di debatin. heran deh ada aja ujiannya timnas mau masuk pildun. stop diskriminasi!!!,0.0,2024-09-27 08:53:35+00:00
gaji pemain naturalisasi timnas indonesia berapa yaah?,,2024-09-28 03:51:41+00:00
"suporter timnas indonesia lg diuji kesabarannya. dari luar diserang netizen negara tetangga yg lg pd nyenggol timnas. sementara di dalam diserang para bapak2 anti naturalisasi ngecap pendukung sty et sbg buzzer. makin tinggi, angin makin kencang garudamendunia timnasday",,2024-09-28 05:09:14+00:00
"semua manusia yang waras pasti tidak ada yang menentang naturalisasi kalau sudah sesuai hukum yang berlaku, apalagi yang dipermasalahkan? segelintir orang saja yang iri dengan pencapaian beberapa orang yang sudah bersumbangsih terhadap perkembangan timnas indonesia",2.0,2024-09-28 14:36:58+00:00
indonesia gila bola ingin timnas indonesia berprestasi tapi ada naturalisasi banyak yang protes... jangan suka senggol naturalisasi kalau gak pengen... nyungsep ya... apa lagi kalau emak emak sudah turun bakal repot loe....,0.0,2024-09-28 16:37:25+00:00
"mereka yang nyinyir terhadap naturalisasi pemain indonesia itu, apa sih yang sudah mereka lakukan untuk memajukan sepak bola indonesia? jika tidak ada, diam saja. jangan ganggu timnas indonesia! berisik, dan sangat tidak konstruktif.",,2024-09-29 10:27:01+00:00
kaum 16% + 2% anak abah adalah kaum septik tank yang benci dengan kemajuan timnas indonesia mereka menolak gelaran piala dunia u20. ingat… rano karno juga anti naturalisasi. jangan di pilih.,0.0,2024-09-29 13:42:48+00:00
jangan hiraukan orang nyinyir thd pemain naturalisasi. yang nyinyir tidak rela melihat sepak bola indonesia maju. dukung sty. kawal timnas. maju terus pak erick.,2.0,2024-09-29 22:25:42+00:00
chemistry timnas indonesia capai level tertingginya di laga bulan maret 2025 dengan catatan pemain yg sedang dalam proses naturalisasi selesai di bulan januari 2025. lalu bagaimana dengan pemain lokal yg nantinya masuk timnas indonesia? kemungkinan paling besar pemain lokal baru,1.0,2024-10-15 14:19:05+00:00
udeh timnas naturalisasi aje semuanya.,1.0,2024-10-15 15:43:12+00:00
"terlepas hasilnya kalah, timnas indonesia udah bagus banget sih maennya, terpola, rapih emang ada “gap” skill pemain naturalisasi sama sama murni…. china lebih pede maennya karna maen dirumah sendiri dan full supporter.",2.0,2024-10-16 00:48:33+00:00
"pemain lokal timnas kena mental. insecure melihat makin mendominasinya pemain naturalisasi, takut tempat mereka direnggut. jadi lah mereka mau menunjukkan bhw mereka layak masuk tim. sayangnya, yg ada justru pengambilan keputusannya jadi terlalu dipaksakan. pressure",0.0,2024-10-16 10:33:51+00:00
"walau gue kesel juga tapi seorang ketum gak seharusnya ngomong gini. kalo dia ngomong gini berarti sama aja dia nganggep solusi dari permasalahan timnas itu cuma naturalisasi, naturalisasi naturalisasi. dia gak mikir selama ini timnas senior gak ada dirtek juga salah dia wkwk.",0.0,2024-10-18 05:43:18+00:00
"sepak bola indonesia udah sering diselamatkan et. dia yg temui presiden gianni pasca kanjuruhan, lobi fifa pasca pembatalan wc u-20, masih dpt host wc u-17 satset naturalisasi. di saat kelakuan bahrain ini, kita berharap sekali lagi tuah et. ngomong gini dikira buzzer gak?",2.0,2024-10-18 17:10:39+00:00
kapan naturalisasi pemain play makers buat timnas pk timnas butuh 2 pemain yg bisa ngatur permainan dan operan2 di depan..,2.0,2024-10-19 03:37:11+00:00
"media ngawur, kau kira pemimpin negara punya jasa besar dalam naturalisasi pemain timnas indonesia? lucu kebut naturalisasi timnas indonesia di era jokowi",0.0,2024-10-19 10:17:43+00:00
"proses naturalisasi gak bisa di luar negeri. itu logika sesat! kok bisa proses naturalisasi di bahrain, tapi tetap bisa main di timnas indonesia? bagaimana prosesnya? simak videonya sampai habis! liaalizia sikatlogikasesat timnasindonesia naturalisasi messhilger",0.0,2024-10-21 06:55:06+00:00
"program naturalisasi menjamur di seluruh dunia, tetapi pssi menjadi contoh kasus terbaik. kebijakan jalan pintas itu berhasil mengangkat derajat timnas indonesia di level internasional",2.0,2024-10-22 05:14:00+00:00
"btw buat yg blm, cb deh ntn interview pak hamdan di sport77. disitu beliau ngejelasinnya jelas banget soal diaspora dan proses naturalisasi. siapa tau bs jd senjata buat ngelawan opini jelek org yg suka mengotak-kotakan pemain timnas lokal dan asing",2.0,2024-10-23 05:50:36+00:00
vini bisa gk yah di naturalisasi main buat timnas indonesia,1.0,2024-10-23 09:17:58+00:00
"kita bangga dgn perjuangan anak u-17.harapan/asa mereka bisa lanjut mnjadi timnas senior.bagus,namun kecil kemungkinan,mengingat programnya rekruit pemain naturalisasi sebanyak2nya.demi juara,timnas akan diisi olh naturalisasi.pemain akamsi harap sabar.",0.0,2024-10-23 23:36:40+00:00
tiket timnas hampir 2 jt ?! serius bro lo mau nonton bola yg isinya full naturalisasi klo gw sih mending nonton ucl sekalian,0.0,2024-10-24 07:51:02+00:00
"beberapa hari yg lalu aku ngobrol sama temenku, soal kritik rocky gerung ke timnas indonesia kita ngebahas timnas indonesia yg kebanyakan sekarang pemain naturalisasi dibandingkan anak indonesia sendiri. poin yg kita bahas itu adalah knpa kita harus memakai cara instant ?",,2024-10-24 23:57:29+00:00
wajah asli sepak bola indonesia tanpa pemain naturalisasi timnas bubur ayam.,0.0,2024-10-26 00:49:49+00:00
keren ini kalau di naturalisasi ke timnas,2.0,2024-10-28 07:16:13+00:00
"tahun 1980 ada yg nulis: pssi butuh waktu 200 thn utk bs bersaing di 15 besar afc kondisi pemain lokal yg tdk mendukung, membuat program naturalisasi harus berlangsung hingga thn 2180 berani taruhan erick thohir ratu tisha kitagaruda timnas indonesia",,2024-10-29 05:32:42+00:00
"ada gk sih timnas lain yg tiap kalah habis tanding, ketua federasinya selalu sedih dan bingung kenapa timnasnya yg bnyk naturalisasi bisa kalah melawan timnas yg negaranya sdh berhasil menjalankan pembinaan generasi muda dan punya ekosistem sepakbola yg baik? serius tanya ini",0.0,2024-11-17 06:51:06+00:00
"dikotomi berkaitan timnas sebelumnya adalah local pride vs naturalisasi/diaspora, sekarang terpecah jadi lebih banyak lagi: -blok styout vs blok stystay -blok mainkan eliano vs blok itu hak pelatih -blok tetep yg salah itu hokky atau asnawi meski tidak bermain",1.0,2024-11-17 12:10:03+00:00
"setelah masuknya pemain keturunan, melalui naturalisasi di timnas, dan mereka rata-rata lahir, besar dan bermain di club-club eropa, maka sty sdh tidak cocok lagi untuk menangani timnas indonesia, yang pas saat ini utk timnas adlh pelatih dari daratan eropa.",,2024-11-18 01:42:36+00:00
"ternyata timnas kita pernah ngalahin jepang, lebih besar 7-0....dan itu tanpa naturalisasi fasilitas terbatas. so, knapa ya sekarang?",0.0,2024-11-18 03:20:19+00:00
"paling kalo dari saya mah,pokonya buat coach sty harus percaya sama eliano reijnders karena dia ini pemain serbabisa di klub nya, diharapkan kehadiran di timnas indonesia bisa mempertajam skuad garuda gamungkin pak erick thohir naturalisasi beliau tanpa ada kejelasan.",,2024-11-18 11:22:30+00:00
"demi ambisi nya et, jadinya banyak fans ikutan percaya timnas bisa ke piala dunia. sejak nambah terus naturalisasi di r3 ini, udah ngak sreg. karena makin susah buat pelatih juga. bahkan teman jepang sendiri, secara ngak langsung nyindir timnas indonesia yang dibangun instan.",0.0,2024-11-18 11:56:34+00:00
"bukan sebelum naturalisasi...tapi timnas jepang nya masih belum bisa maen bola...di kemudian hari timnas jepang maju kedepan , timnas indonesia jalan di tempat...",0.0,2024-11-19 05:09:05+00:00
"berharap dalam 2 tahun kedepan banyak pemain kualitas kelas 1 seperti mees masuk timnas indonesia, baik lewat naturalisasi/diaspora ataupun dari timnas junior kita. timnasday",2.0,2024-11-19 06:42:28+00:00
striker timnas indo tolol semu anjing! ngapain sih naturalisasi bek! naturalisasi striker!!!! dongo semua,0.0,2024-11-19 12:11:35+00:00
beruntung bgt timnas indonesia bisa naturalisasi verdonk,2.0,2024-11-19 14:13:59+00:00
"seharusnya pssi malu dan sadar karena sering menggunakan pemain naturalisasi untuk bermain di timnas indonesia, bagaimana nanti nasib pemain lokal kedepannya yang karirnya bakalan redup akibat ulah pssi yang terlalu ambisius dan sering menaturalisasi pemain..",0.0,2024-11-19 15:03:03+00:00
"yang bisa main bola banyak bang, yang jago dikit kalau yang jago banyak timnas kita mah ngga perlu naturalisasi wkwk, itu membuktikan liga kita emang masih jelek, lebih baik dari dulu tapi ya segitu aja, masa mikir gini aja ngga ngerti bang? wkwk kocak",0.0,2024-11-19 15:24:52+00:00
"sebangga itu loh pemain naturalisasi membela timnas indonesia, kok ya masih aja ada yg ga terima timnas berkembang. towel asu",0.0,2024-11-19 15:34:21+00:00
"pak tolong dibaca tweet ini. tidak ada yang instan dalam sepak bola. naturalisasi tidak selamanya menjadi solusi dan ada waktu dimana pemain tersebut tua, cedera, tidak bisa berlari lagi. pembinaan usia dini satu-satunya kunci menjaga asa timnas yg suistainable.",,2024-11-19 16:46:15+00:00
liat pak !!! 2 gol kemenangan indonesia di cetak oleh pemain lokal... jadi yg sebenarnya di butuhkan sepak bola indonesia keseriusan dalam pembinaan pemain usia muda bukan terus²an naturalisasi pemain keturunan,,2024-11-19 18:21:39+00:00
y di impikan striker naturalisasi y bisa memberikan kemenangan ternyata produk lokal y mampu hempaskan timnas arab saudi timnas | indonesia | juara,2.0,2024-11-19 22:49:47+00:00
"tiba tiba kepikiran, timnas indonesia datengin pemain naturalisasi sebanyak itu (ada yg dari serie a!) butuh biaya berapa ya, mantep banget sih",2.0,2024-11-20 01:23:39+00:00
verdonk menit terakhir lari 3/4 lapangan sambil nyeret2 kakinya yg kram buat bantu pertahanan. komitmen kaya apa lagi yg lu perluin dari pemain naturalisasi supaya lu yakin mereka emg pemain timnas indonesia?b.a.c.o.d,,2024-11-20 02:00:48+00:00
mantap pak. selanjutnya rakyat menunggu naturalisasi/diaspora untuk para pegawai bumn. bumn bisa bagus jika diisi para pegawai naturalisasi/diaspora karena sudah terbukti di timnas indonesia.,2.0,2024-11-20 04:05:26+00:00
suka bgt skrng timnas bonding mereka kuat bgt. kalau posting selalu saling komen bgini bginian. di samping bung towel yg ribet permasalahin naturalisasi tapi mereka se kompak itu bela negara ini,2.0,2024-11-20 14:47:32+00:00
"oma meta dari belanda tiba2 komen post story tentang timnas indonesia yang banyak pemain belanda. tidak bisa dipungkiri karena naturalisasi pemain keturunan belanda, timnas sekarang bisa lebih bersaing. apapun strateginya goalnya masuk piala dunia dan timnas yang lebih baik.",,2024-11-20 15:29:03+00:00
pembinaan usia muda jg penting loh. jgn cm naturalisasi naturalisasi ajaa. bayangin betapa jagonya timnas kita kalo dua aspek ini jalan,2.0,2024-11-21 01:57:04+00:00
"kunci timnas bagus itu ada di bos federasi nya. indonesia sebelum erick thohir juga naturalisasi kenapa prestasi nya ampas ??? karena yang jadi bos pssi nya orang yang ga paham bola, yang di naturalisasi pemain gaek usia diatas 30 tahunan.",0.0,2024-11-21 02:12:52+00:00
pemain timnas naturalisasi mana ini,,2024-11-21 03:56:44+00:00
"yg ga suka nama pemain naturalisasi di timnas indonesia, coba liat itu timnas canada timnasindonesia timnsday",2.0,2024-11-21 04:06:22+00:00
"gimana gaes, menurut lo di piala aff 2024 nanti timnas indonesia harus pakai pemain liga 1 aja atau coba ngajak pemain naturalisasi juga? superlive supersoccer inirasanyasuper timnasindonesia",1.0,2024-11-21 09:36:14+00:00
"dih lu liat juga konteksnya sty kan memang ada kerjasama sama dia untuk memajukan sepak bola indonesia, katanya mau stop naturalisasi tapi kok elu gak mendukung sih, aneh banget demi kemajuan sepak bola indonesia jg kali",,2024-11-21 13:08:41+00:00
"lucunya saudi ngegelontorin duit gede buat gedein liga domestiknya beberapa tahun terakhir, klubnya beberapa kali masuk final afc champions league, kedatangan pemain tier a, timnas dilatih pelatih kelas dunia... eh kalah 2-0 sama indonesia yg katanya pake naturalisasi dadakan",0.0,2024-11-21 23:53:31+00:00
"gw sih seneng lihat timnas main. taktiknya bagus, man to man bagus. enak ngeliatnya. problemnya kan pada naturalisasi: yg instan itu cuma susu dan indomie",2.0,2024-11-22 02:33:51+00:00
"itu mah fitnah atuhh... masih belum terima kekalahan, suporter arab saudi tuding timnas indonesia suap fifa dan afc karena banyak mainkan pemain naturalisasi",0.0,2024-11-22 09:16:40+00:00
gak heran kalau dari tv si paling beda ini liat aja kalau bikin acara diskusi tentang timnas yg diundang pasti pundit yg selalu bikin rusuh. waktu afc u-23 kemarin pas lagi rame-ramenya nih tv beberapa kali bikin acara bahas timnas tapi yg isu yg diangkat cuma naturalisasi wkwkwk,0.0,2024-11-22 14:27:37+00:00
"hahahaha iya... timnas pusat (belanda) cenah. indo kayak gak bisa cetak pemain bagus aja, sampe recall orang belanda yang masih ada keturunan indo, tinggal naturalisasi. ckck harusnya bisa lebih optimal sih, cuma negaranya kacrut. males orang2 jadi atlet, mending bertahan idup.",0.0,2024-11-22 21:54:30+00:00
"wakakaka ada aja tingkahnya negara yg gapunya identitas, dulu mah iya ngejelek-jelekin indo pake alesan timnas hindia belanda, mereka jg bilang ga bakal naturalisasi dan bisa maju pake pemain asli, eh sekarang liat indo lg maju timnasnya, sendirinya kepanasan",0.0,2024-11-24 07:13:18+00:00
"pake timnas muda diributin, tapi kritik naturalisasi, padahal mereka juga pake. negara-negara asean yang suka ributin timnas kita, tuh, emang benernya pengen maen bareng timnas senior, kok. cuman gayanya aja sok. begitu ketemu lengkap, starstruck mereka ntar!",0.0,2024-11-24 09:03:22+00:00
"ini kalo timnas putra, pasti netizen pada rame. pemain naturalisasi kok jadi cadangan.....",,2024-11-24 09:53:24+00:00
"fyi, pemain timnas prancis itu statusnya bukan naturalisasi, tapi memilih paspor, ada yg lahir, banyak yg besar juga di prancis. biasanya mereka lahir, sekolah sepakbola, memulai karir di prancis. terus baru abroad ke serie a, la liga atau epl, baru dipanggil ke timnas.",,2024-11-25 08:25:02+00:00
baru tau gue bahwa timnas puteri juga proses naturalisasi. dan keren-keren pula.,2.0,2024-11-25 09:59:12+00:00
kita akan melihat fam melakukan apa yang pssi lakukan mulai tahun 2022 tunjuk head coach baru dan program naturalisasi pemain keturunan secara masif pertanyaannya: apakah akan sesukses indonesia sekarang? perlu diingat program naturalisasi timnas tidak akan berhasil tanpa sty,1.0,2024-11-25 12:48:46+00:00
ingin berkomentar mengenai timnas indonesia senior. saya sbgai pendukung timnas sngt setuju dg proyek naturalisasi yg dilakukan pssi. namun alangkah baiknya proyek ini dihentikan dulu setidaknya terakhir maret 2025. tujuannya jelas untuk menghargai semua pemain yg telah beejuang,2.0,2024-11-25 13:58:57+00:00
"saya sepakat adanya naturalisasi lanjutan untuk mencari pelapis atau melengkapi squad timnas garuda. tetapi, akan lebih baik pemain yg kita rekrut adalah seorang starter di klub bermainnya. timnasindonesia",2.0,2024-11-25 15:45:46+00:00
"kalau bisa kyk timnas indonesia, ada program naturalisasi polisi keturunan belanda biar polisi lokal kerjanya bener gitu..",0.0,2024-11-26 05:40:25+00:00
"sudah ku katakan dari awal, kau akan menyesal justin hubner, sebaiknya kau kembali ke inggris, lagipula timnas ini kan fokus ke piala dunia kan ? ngapain pakai pemain naturalisasi buat ajang receh ?",,2024-11-26 09:54:19+00:00
"meski endingnya awikwok demi alpart, kita musti mengakui awal mula euforia terhadap timnas indonesia ya dari sini. apalagi ada faktor naturalisasi chrisgon dan bachdim bule ternyata orang indo bikin naiknya antusias masyarakat umum terhadap timnas, ga cuma pecinta bola lokal",2.0,2024-11-26 12:57:15+00:00
"kalau mau jujur ya. memang institusi polri itu sudah bobrok, dan harus di benahi. macam timnas indonesia jika tak ngambil pemain naturalisasi, mungkin gak akan pernah berprestasi. penyakitnya sudah mengakar. hobi",,2024-11-26 13:54:55+00:00
"stop lah pake kata naturalisasi, pemain gasuka dengarnya, terlalu mengkotak-kotakkan timnas",0.0,2024-11-27 04:08:00+00:00
"kamu di naturalisasi timnas indonesia aja gimana ay? kalo kata anak-anak timnas chemistry nya bagus, terus kapten kita jay idzes",2.0,2024-11-27 11:07:41+00:00
"kalau timnas indonesia mau stabil berada di 8-15 besar afc, program naturalisasi: •harus berlangsung s/d thn 2180 •dimulai sejak timnas u-17 pssi erick thohir ratu tisha kitagaruda timnasindonesia kemenpora update score bola tvonenews",2.0,2024-11-27 12:35:46+00:00
"ga suka sama program naturalisasi ini valid dan sah-sah aja tapi harus dibarengin sama kritik keras ke federasi harusnya soal ekosistem liga juga. karena timnas selama ini ditangani serasa nanganin klub, tiap mau fmd ada aja pemain barunya.",0.0,2024-11-28 12:50:53+00:00
lucu banget reaksi lee gyeong gyu main ke gbk buat nonton shin tae yong + match timnas indo vs arab bisa buat naturalisasi supporter ini cr: 르크크 이경규 / youtube,,2024-11-28 12:59:16+00:00
"itu anggota dpr nanya apa dana timnas ambil dari apbn, kayaknya lebih rela apbn buat timna deh daripada buat tunjangan anggota dpr, kalo bisa malah anggota dpr naturalisasi sekalian aja noh liat kelakuan lord yunus, bisnis jadi ekonomi, selisihnya buat apa hayoo",0.0,2024-11-28 18:08:34+00:00
bagaimana pemain naturalisasi telah mengubah sepak bola indonesia?,1.0,2024-11-28 22:27:31+00:00
"knp harus naturalisasi y karena buat pencitraan2 jokowi bahwa sepak bola indonesia maju sejak jokowi jd presiden,pdhl pemainnya naturalisasi",0.0,2024-11-29 08:29:14+00:00
"sty, erick, naturalisasi = trust. ketika akhir 2019 sty mulai melatih timnas, saya berfirasat dia bakal cocok melatih timnas dan akan sukses.",2.0,2024-12-02 13:28:08+00:00
"cari pemain grade a pun tak bisa instan, timnas indonesia dapat pemain naturalisasi berkualitas menunggu bertahun-tahun lamanya.",,2024-12-11 12:43:51+00:00
setidaknya towel menyaksikan secara langsung permainan timnas kita tanpa pemain naturalisasi,,2024-12-12 15:11:03+00:00
buat apa naturalisasi pemain untuk timnas indonesia? pemain lokal kita sudah bagus bahkan sampai ke daerah2.,0.0,2024-12-15 07:21:25+00:00
"pantas aja pemerintah lebih milih timnas di naturalisasi, model sdm lokal kita begini",0.0,2024-12-15 07:32:25+00:00
ronaldo siap di naturalisasi timnas indonesia hiburan dulu...,1.0,2024-12-15 10:45:51+00:00
"iya iya sty out sbg pelatih timnas u23, krn yg maen di aff ini timnas u23, tapi timnas senior nya ttp dipegang sama sty . salam 6 point di kualifikasi world cup zona asia final round, biarin aja dibilang miskin taktik cmn ngandelin pemain naturalisasi yang penting ada hasil",2.0,2024-12-16 01:18:15+00:00
bagusnya naturalisasi aja semua pemain timnas indonesia,,2024-12-16 08:13:36+00:00
"ke persebaya, persib, atau opsi ambil naturalisasi untuk timnas indonesia",1.0,2024-12-17 07:24:33+00:00
"indonesia2 negara terbelakang sepak bolanya aja fans banyak nuntut, lah ini aja masih proses pemain naturalisasi grad a dan b tanpa proses positif mana mau gabung timnas, mereka mau gabung timnas indonesia gara2 ya mereka liat progres yg sekarang udah positif",2.0,2024-12-17 23:41:13+00:00
"kemudian, apabila yg naturalisasi adlh pemain sepakbola, maka perlu dilihat kelayakannya utk membela timnas indonesia berdasarkan regulasi fifa, regulations of governing application of the statutes fifa edisi 2024 pasal 8 (terkait naturalisasinya) pasal 10 (terkait pindah fa).",1.0,2024-12-18 03:46:41+00:00
para pemuja rahim anget pemain naturalisasi timnas tidak bakal paham kalo dia adalah dalang dari kehancuran sepakbola di indonesia sampai titik terbawah.,,2024-12-19 14:59:49+00:00
"kalo ditanya mau jadi timnas mana turkiye, deutschland, apa indonesia. jawabannya deutschland wkwkwk. nanti jadi pemain timnas indonesia aja ya, gapapa main di club di deutschland tapi di naturalisasi jd pemain indo aja yakkk wkwkwk",0.0,2024-12-20 04:30:15+00:00
beginilah kalau timnas isinya pemain yg mainnya di liga iq 78. mending 23 pemain timnas senior naturalisasi semua tai,0.0,2024-12-21 13:50:21+00:00
timnas indo: -sty tanpa naturalisasi bisa apa? -kualitas pemain lokal sangat awikwok.,,2024-12-21 14:31:19+00:00
"lah yg senior lokal jg masih banyak.. klo mau bandingin lokal/naturalisasi, jgn batasi kelompok umur dong.. timnas ya timnas, gausah bawa2 naturalisasi/lokal please",,2024-12-21 14:53:42+00:00
"hasil ini semoga menyadarkan bahwa naturalisasi berakibat buruk. pemain lokal semakin menurun kualitasnya, mental hancur, semangat juang minim. belum bicara efek pembinaan dan pembenahan sepak bola indonesia. sudahkah kembali kejalan yang benar. sampai kapan mau naturalisasi???",0.0,2024-12-21 15:24:04+00:00
towel mana nih hasil aff yg minta pemain timnas indonesia jangan kebanyakan pemain naturalisasi tapi hasilnya 2x keok di kandang sendiri. justru main tandang menang 1x seri 1x. cocoknya di kandang ragunan,0.0,2024-12-21 15:27:39+00:00
timnas indonesia tanpa pemain naturalisasi hanya mas mas biasa,0.0,2024-12-21 15:35:00+00:00
ga capek ya orang2 overproud sama timnas yg digendong pemain naturalisasi,0.0,2024-12-21 15:36:55+00:00
"emang pemain yg lu naturalisasi sebagus itukah?? lagi lagi isu begini dibenturin mulu, kmrn piala asia pada campaign stop sebut pemain naturalisasi, lah ini penyembah naturalisasinya yg bikin pecah. oiya lupa keknya lu blm ngikutin timnas senior waktu di piala asia kmrn",0.0,2024-12-21 16:17:01+00:00
timnas tanpa pemain naturalisasi mah kasian. timnasday,,2024-12-21 16:18:54+00:00
"biar timnas full naturalisasi belum tentu menang piala ciki, gaya main shaolin soccer, wasit berat sebelah, sarang bandar judi, jadi nggak rugi amat, minimal bisa lihat para pemain muda berpotensi. timnasday timnasindonesia",0.0,2024-12-21 16:57:41+00:00
"sudahlah, timnas indonesia iri pada tim naturalisasi nya. sehingga mainnya tidak niat. apalagi main di solo. mereka inginnya main di gbk.",,2024-12-21 17:15:53+00:00
"bisa banget benturin kayak gini setelah hasil buruk di aff, tolong lah buat anda yang punya akun dan mungkin orang lain jangan mengkotak-kotakkan, ya ini pemain timnas indonesia bukan pemain timnas naturalisasi atau pemain lokal, ya mereka bela bawa negara -",,2024-12-21 17:30:55+00:00
ga realistis knp? emang timnas indonesia lebih jelek dibandingkan cina ama bahrain? udh cukup lah pake alasan klise trial di aff. di pra piala dunia ga usah pake alasan proses. kan udh banyak proses naturalisasi. kalo masih ga lolos jg ya pelatihnya yg ga bener,0.0,2024-12-21 19:00:57+00:00
terlalu nyaman...main iklan dan fasilitas pssi. kedepan pelatih timnas pengganti perlu ada catatan klausul dilarang main iklan dan fokus melatih membentuk pemain2 timnas bertaraf internasional bukan fasilitas naturalisasi yg boleh dibilang pelatih tinggal menerima matangnya saja,0.0,2024-12-22 00:50:52+00:00
"tanpa support tim belanda c, timnas indonesia tidak lebih baik levelnya dgn laos. meski didatangkan pelatih dari planet mars sekalipun, kualitas lokalan ya segitu. fisik dan mental sudah mentok. so, naturalisasi sepertinya harus jadi proyek jangka panjang.",0.0,2024-12-22 01:58:00+00:00
"timnas tanpa naturalisasi cuma modal nama besar tapi tanpa inovasi. hasilnya? fans tambah frustasi, prestasi ga jelas. stytanpadiasporanol",0.0,2024-12-22 03:06:35+00:00
"yg ikutan nonton timnas cuma krn pemain naturalisasi gak diajak kak. sorry to say, kalo sty sebagus itu, dengan pemain yg dia panggil siapapun itu minimal dia bisa tembus final tiap aff. nyatanya? 1 kali final doang. tanpa pemain naturalisasi dia susah buat menang.t",,2024-12-22 03:54:53+00:00
"netizen otak dungu bung towel pengen pssi membina pemain usia muda, ssli indonesia bukan cuma naturalisasi doank, ank tk pun juga bisa jadi pelatih timnas kalo isi timnas orang2 eropa semua",0.0,2024-12-22 04:02:33+00:00
"timnas indonesia akan masuk putaran final pildun pada 2245 bukan 2045, asal tanpa naturalisasi. naturalisasi itu ibarat makan mie instan, tanpa repot2 masak nasi lauk.",0.0,2024-12-22 04:24:45+00:00
"8 tahun latih timnas tapi hasilnya gitu-gitu aja, cuma bisa andelin pemain naturalisasi. apa yang mau dibanggain? stytanpadiasporanol",0.0,2024-12-22 04:36:38+00:00
omw ngemute fans2 timnas yg ngotak2in naturalisasi dan lokal. u guys can piss tf off...,0.0,2024-12-22 05:39:57+00:00
"sulit tanpa pemain naturalisasi menurutnya, tumbang di babak penyisihan grup adalah hasil yang cukup mengecewakan. namun, semua pihak harus menyadari bahwa skuad yang dibawa diisi banyak pemain muda.",0.0,2024-12-22 05:50:00+00:00
"sains dan olahraga saling terkait. tapi di indonesia yang penting fisik saja, itupun masih payah karena ngga disiplin ... makanya timnas banyak pakai pemain naturalisasi",0.0,2024-12-22 10:00:38+00:00
"aff 2016, zulham kena hate, yang defend bobotoh 2024, ferrari kena hate, yang defend the jak akhirnya emang yang peduli cuma supporter rootsnya karena udah tau susahnya survive di liga. itu timnas kalo proyek naturalisasi et mandek, yang berisik balik lagi nonton badminton.",0.0,2024-12-22 10:17:18+00:00
"survei membuktikan timnas tanpanya pemain naturalisasi adalah omong kosong dan nihil pencapaian. dari jaman ke jaman sepakbola indonesia khususnya liga lokal monoton seperti itu2 saja tanpa adanya peningkatan kualitas pemain dan prestasi, iso ne yo mek gelot dan gelot wkwkwk",0.0,2024-12-22 12:47:41+00:00
"kali ini aku pro dg koci, ya karena saatnya sty riil masterclasses ditunjukkan, jika skuad b kayak timnas di aff ini bisa melaju jauh (gak harus juara), semifinal saja sudah sangat hebat dg skuad b. melaju ke kualifikasi pd kan harus diakui, ada faktor naturalisasi.",2.0,2024-12-22 13:35:25+00:00
"meski ada kontroversi, sty tetap bawa perubahan buat timnas. kita masih bisa kuat tanpa naturalisasi erickout",2.0,2024-12-22 16:02:28+00:00
"ngomongin naturalisasi atau lokal, yang penting timnas kita udah ada perkembangan. mau sampai kapan sibuk nyalahin? mending kita bareng-bareng dukung buat masa depan sepak bola indonesia. erickout",2.0,2024-12-22 16:04:49+00:00
"mau lokal atau naturalisasi, yang penting dukung timnas dong erickout",2.0,2024-12-22 16:07:07+00:00
"balik lagi, naturalisasi atau engga timnas punya potensi besar untuk berkompetisi secara matang erickout",2.0,2024-12-22 16:13:31+00:00
"ah, bodo amat kalau kualitas liga indonesia masih jelek. yang penting timnas indonesia punya pemain naturalisasi. kalau timnas indonesia kalah, yang disalahkan harus pelatih. federasi selalu benar dan tidak boleh salah . betul tak ? .",,2024-12-23 03:52:22+00:00
dari pemain liga mereka juga ada banyak yang naturalisasi tapi sedikit tembus timnas. dan yang modelan cristian gonzales baru sekarang nguyen xuan son .,,2024-12-23 07:45:57+00:00
"oalah, konteks utamanya itu, aku malah fokus di sepak bolanya saja, jadinya agak sarkas kalau sepak bola indonesia better karena naturalisasi",0.0,2024-12-23 09:51:52+00:00
"saran serius untuk para pendukung timnas kalian tak boleh mengulangi provokasi hanya karena ada banyak pemain naturalisasi sebaliknya, seluruh bangsa harus punya gimana menciptakan chemistry dengan kombinasi pemain domestik dan naturalisasi",,2024-12-24 01:02:46+00:00
"pemain timnas indonesia mayoritas dari belanda, mereka dididik dengan gaya main belanda, maka wajarlah pelatihnya harusnya dari belanda, skema sty tdk cocok utk timnas indonesia skrng yg sudah full naturalisasi.saya lebih suka. frank rijkaard",2.0,2024-12-25 04:01:40+00:00
"apakah target selalu juara bung handuk?? apakah proses kemajuan buka terget?? emang sekarang masih fokus di timnas dan naturalisasi ingat, jabatan ketum cuma 5thn. mau mengurus gimana kalo yg difokuskan terlalu banyak harus pilih salah satu, nah ini pak et fokus timnas",,2024-12-25 10:54:30+00:00
"klo dilihat timnas indonesia punya potensi bsa ada rank 100 besar karena ada diaspora. tpi. sty tidak bsa memanfaatkan bnyknya diaspora kita, contohnya sty lbh pilih panggil hokky caraka, arkhan kaka, dibandingkan naturalisasi mauro ziljstra atau setidaknya",0.0,2024-12-26 05:25:45+00:00
pemain naturalisasi bakal terfiltrasi dengan sendiri kedepannya seiring dengan naik levelnya sepakbola indonesia. paling yg diambil buat proyeksi timnas cuma yg main di liga top eropa aja,2.0,2024-12-26 12:33:06+00:00
"shin tae-yong bisa apa tanpa pemain naturalisasi ?.⁣ ⁣ lho, emang sepakbola indonesia dan timnas indonesia bisa apa tanpa pemain naturalisasi dan shin tae-yong ? .⁣",0.0,2024-12-26 13:09:52+00:00
"salah satu alasan menurunkan timnas u22 adalah untuk memberikan mereka kesempatan agar bisa berkembang di masa depan. tapi kalo pssi terus jor2an melakukan naturalisasi pemain, kapan pemain muda kita bisa mendapatkan kesempatan berlaga untuk timnas senior?",0.0,2024-12-27 03:00:10+00:00
"harusnya naturalisasi murni. tp naturalisasi murni itu tidak semudah cuma udah 5 tahun trus bisa jadi wni. kalo naturalisasi murni, ga perlu ke dpr, ga perlu dibantu menpora dan pssi. kecuali emang pssi mau mereka di timnas ya harus dibantuin biar cepet.",1.0,2024-12-27 04:06:39+00:00
"saya siap gantikan sty jika hny hobi naturalisasi demi prestasi' timnas, maka saya akan naturalisasi para-para pemain top dunia: mbappe, kane, messy, cr7, halaand, salah, dll dijamin juara pildun 2026 gitu aja kok repot salam dari tukang macul",0.0,2024-12-27 12:07:54+00:00
"salah satu alasan knp saya ga begitu hype ngikutin timnas ya ini, meskipun dari kualitas pemain udah berkembang pesat karena naturalisasi, tapi tetep aja ga bikin seru buat diikutin ini timnas, selama fans2 sini mikirnya masih pada kolot ya bye, apa salahnya sih ngekritik sty?",0.0,2024-12-27 12:37:02+00:00
"masih aja pada ributin pemain timnas skrng? alesan trll bnyk naturalisasi, g patriotik lah nih tengok sblm era skrng sdh seabrek pemain naturalisasi...tp mulut kalian g kyk comberan sprt skrng, kalian asliny g suka pssi ada pak kan? krn ilang lahan basah kalian",,2024-12-27 14:35:20+00:00
"permasalahin elkan ga dipanggil lagi ke timnas aja udah aneh... tiap pemain naturalisasi sudah siap terima resiko ga dipanggil ke timnas meskipun sudah pindah kewarganegaraan, lagi pula usia elkan masih muda banget masih panjang perjalanan dia",,2024-12-27 15:35:32+00:00
"ekspektasi tinggi kepada timnas indonesia. dengan squad dari proses naturalisasi harusnya lolos pildun cuy. gk kebayang klo lawan bahrain dan cina kalah dikandang, gimana emosinya holigan timnas, bisa2 menjalar ke pemerintah untuk meluapkan emosi.",0.0,2024-12-28 01:42:43+00:00
realistis aja timnas indonesia ga cocok masuk piala dunia walopun naturalisasi ya ttp gabakal kuat saing sama timnas lain yg pakenya pemain kualitas liga utama,0.0,2024-12-28 03:13:02+00:00
kayaknya kalo ngelawan timnas yg skrang (bukan naturalisasi) bakalan kalah timnas kita,2.0,2024-12-29 16:05:00+00:00
ya semoga tidak timnas indonesia 2012 part 2. remember orang lagi fun football malah di naturalisasi,,2025-01-12 12:36:09+00:00
fans fans fomo timnas indonesia ini ketagihan naturalisasi dan cara instan yang dikerjakan erick thohir ketika ada yang membahas roadmap soal pembinaan usia muda liga dan sebagainya mereka marah dan mereka akan kira yang mengkritik itu buzzer salah 1 pundit lucu sih,0.0,2025-01-15 00:44:57+00:00
masyarakat indonesia terbuai dengan pemain2 naturalisasi dgn embel2 naikin rank timnas pdhl mah petinggi2 pssi ngelakuin ini smua ya buat nutupin kebobrokan kinerja mreka dlm mengelola sepakbola indonesia dgn cara ngebagusin timnas semata2 branding doang. liga lokal? ancurrrrr,0.0,2025-01-15 13:21:04+00:00
"sudah kelewatan, saya jujur malu kalau starting xi timnas indonesia diisi full naturalisasi (diaspora adalah istilah pembenaran dari orang2 pssi yang tolol ngurus bola lokal).",0.0,2025-01-15 15:59:55+00:00
"sabar sty, mereka akan memetik penyesalannya dikemudian hari. pelatih yg baru sesungguhnya utk timnas hindia belanda (naturalisasi) bukan timnas indonesia.",,2025-01-16 05:39:26+00:00
"awareness dan sikap terhadap pemain naturalisasi mayoritas tahu tentang naturalisasi pemain timnas sepak bola indonesia (55.6%), dan mayoritas warga setuju/sangat setuju dengan naturalisasi pemain tersebut, 75.5%.",1.0,2025-01-16 06:57:46+00:00
naturalisasi tiap match ini timnas atau....,0.0,2025-01-16 15:52:19+00:00
"fans fomo timnas ini ketagihan naturalisasi cara instan yang dikerjakan erick thohir ketika ada yang membahas roadmap soal pembinaan usia muda, liga sebagainya mereka marah dan mereka akan kira yang mengkritik itu anti diaspora dan buzzer padahal roadmap adalah kunci",0.0,2025-01-16 16:07:54+00:00
"setiap baca berita pasti nemu berita pssi akan naturalisasi si a, si b, dll.. serius tanya nih? erick thohir mau bentuk timnas indonesia atau mau bentuk timnas belanda versi asia!",0.0,2025-01-17 00:30:49+00:00
"pemain naturalisasi dapet endorse bintang iklan langsung jadi superstar disini ,di eropa cuma pemain medioker , naturalisasi boleh tapi jngn se brutal itu njir,club di bursa transfer aj kalah sama timnas indonesia soal datengin pemain negara lain",0.0,2025-01-17 03:15:58+00:00
"indon gak akan menang di sisa pertandingan, para naturalisasi bakal mogok maen dkemudian hari..... timnas bola indon bakal terjun bebas rankingnya.....",0.0,2025-01-17 03:42:45+00:00
timnas lain ada pemain baru. iya. normal tapi coba kasih contoh timnas yg tiap mau tandiing selalu ada pemain baru hasil naturalisasi coba,0.0,2025-01-17 03:52:32+00:00
"prediksi saya (bisa saja salah), jika indonesia lolos ke pd 2026 kedepannya aturan soal naturalisasi itu bisa saja akan diubah fifa, kenapa? karena tujuan utama fifa adalah membangun sepakbola secara memyeluruh bukan hanya mbangun timnas'",1.0,2025-01-17 10:06:53+00:00
"pertanyaan iseng, tapi serius kalo misalnya timnas indonesia lolos ke piala dunia 2026, tapi starting xi-nya semuanya pemain naturalisasi/diaspora, how do you feel?",,2025-01-17 11:50:51+00:00
apa korelasinya aturan naturalisasi sama membangun sepakbola yang bukan hanya timnas?,1.0,2025-01-17 16:05:18+00:00
"lumayan kalau ikutan konten kuis-kuisan, bisa bisa beliau ini yang menang daripada pemaen timnas yang naturalisasi",0.0,2025-01-19 15:17:57+00:00
naturalisasi cinderace untuk memperkuat timnas,2.0,2025-01-24 04:58:16+00:00
wajah timnas indonesia 5-10 thn ke depan tanpa pemain naturalisasi,1.0,2025-01-24 14:19:40+00:00
"sapri itu pelatih yang cuman cocok buat lawan2 asean. pelatih lokal ditambah pemain lokal, ya ampas. timnas memang butuh naturalisasi.",0.0,2025-01-28 03:39:23+00:00
gak usah bahas sepak bola indonesia payah gak mutu suruh tidur saja pemainnya lemah suruh naturalisasi yg main sayang naturalisasi apa bangganya gak bangg jika menang,0.0,2025-01-28 07:10:15+00:00
"tolol lu , terus lu sebagai exco pssi prestasi apa yang telah lu perbuat untuk timnas selain naturalisasi(?) fans timnas wajarlah ngamuk sementara pemecatan sty aja dadakan dan sangat tidak fair.",0.0,2025-01-28 16:34:45+00:00
"rilek je, teman2. toh nanti di timnas tinggal cari naturalisasi.",,2025-01-29 01:49:12+00:00
"gol cantik dari nick kluipers, ayo naturalisasi trus join timnas bang nick",2.0,2025-02-16 09:43:25+00:00
"nunggu sikap dari ketum federasi sih terkait situasi di liga 2 maupun liga 1 selama berberapa hari terakhir, tapi gak mungkin sih ketumnya cuma tau soal timnas, cuma bisa naturalisasi pemain, gitu doang. jangan berharap lebih sama orang yang tujuannya 2029. sekian",0.0,2025-02-18 11:14:52+00:00
yaallah kebayang gak rinrin jadi pemain naturalisasi timnas garuda....,2.0,2025-02-19 12:15:42+00:00
bisa gk di naturalisasi buat main di timnas indonesia?,1.0,2025-02-21 06:13:10+00:00
"menurut anda, apakah proses pemain naturalisasi secara terus menerus ini baik atau tidak untuk sepak bola indonesia?",1.0,2025-02-23 15:46:03+00:00
"udah lah, intinya ini orang cuma nyari panggung buat politik 2029. yang diurusin cuma timnas indonesia, itu juga naturalisasi doang isi nya.",0.0,2025-02-23 16:28:54+00:00
"bapak teralau pokus sama naturalisasi di timnas indonesia ... sampai sampai di pertamina pertalite dinaturalisasi jadi pertamax bapak kaga tahu.... kaga tahu apa emang kaga tahu pak... sok iye sih rangkap rangkap jabatan, kaya kerja udah bener ajah... indonesiagelap",0.0,2025-02-26 01:47:30+00:00
maaf pak sibuk naturalisasi timnas indonesia untuk piala dunia 2026,0.0,2025-02-27 12:23:31+00:00
“mau nyerah atau fight back?!” maunya situ orang-orang dalam yang udah bertahun-tahun ada di organisasi mundur aja kalau timnas gagal ke piala dunia. gapapa proyek naturalisasi ini setop.,0.0,2025-03-20 11:18:09+00:00
"transfer pemain timnas lagi aja, full squad inti cadangan kalo bisa naturalisasi. udah 80%, nanggung ga 100% sekalian.",0.0,2025-03-20 13:18:19+00:00
yang harus di pecat sebenernya ya ini! selain naturalisasi gak ada upaya lain yang dilakuin dia buat ngebagusin sepak bola indonesia! pecat bapak naturalisasi indonesia erick tohir,0.0,2025-03-20 17:34:39+00:00
"pergantian pelatih dan proses naturalisasi ugal²an ini ditempuh dgn tujuan mendapatkan hasil dg cara2 instan, gwe juga tentunya berhak menuntut hasil instan. gak tau kalo kalian. tim yg kemarin udah layak dijuluki timnas belanda b, bjirrr... dan lu secongor²nya ngomong progres",0.0,2025-03-21 06:13:46+00:00
"menurut uu kewarganegaraan indonesia, syarat naturalisasi wni antara lain harus bisa berbahasa indonesia, dan sudah tinggal di indonesia selama 5 tahun berturut-turut atau 19 tahun tidak berturut-turut. dua syarat ini tidak dipenuhi oleh para pemain naturalisasi timnas indonesia. syarat2 tsb memang bisa dikecualikan, yaitu melalui naturalisasi istimewa yg diberikan oleh presiden karena dianggap berjasa besar bagi negara indonesia. tetapi itu pun tidak dipenuhi mereka. jadi, sesungguhnya naturalisasi mereka tidak sah secara hukum. motivasinya pun hanya semata-mata demi mereka bisa bermain bola atas nama indonesia dan demi uang.",0.0,2025-03-21 23:17:32+00:00
timnas sekarang kan isinya pemaen naturalisasi! goblok!,0.0,2025-03-22 08:58:56+00:00
"kurang gizi? lahir dari kampung? ternyata pemain timnas indonesia termasuk yang di naturalisasi kurang gizi. mana lahir dari kampung pula. ingat pak..hampir semua kebutuhan gizi itu ada di kampung, orang kota tinggal beli.",0.0,2025-03-22 11:29:28+00:00
"naturalisasi tidak akan menyelesaikan persoalan timnas indonesia. itu hanya permen saja, sekejap saja efeknya.",0.0,2025-03-22 12:23:08+00:00
"bentar, bentar om! isi timnas hampir semuanya naturalisasi dan bukan murni cetakan lokal.",,2025-03-22 15:19:46+00:00
"apalagi pelatih baru bilang vs bahrain bakal berat..klo kalah lg ada pihak yg senang sdh brp korban spt mila susah diatur dipecat,ivan kolev dg tiki taka timnas bagus lawan negara2 timteng dipecat,riedl dg naturalisasi timnas sikat asean dipecat,sty diatur kalah ga mau dipecat?",,2025-03-22 17:33:21+00:00
padahal timnas hasil naturalisasi lahirnya di eropa,,2025-03-23 07:52:12+00:00
"kiat atau jurus utk menjadilkan sepak bola indonesia bersih dan maju: impor sebanyak mungkin pemain eredivisie belanda,dgn trik naturalisasi.timnas garuda harus full eredivisie.kmren digilas australia 5-1.karena disisipi lokal.lawan bahrain,timnas hrs full eredivisie.",0.0,2025-03-23 10:38:03+00:00
"ya, benar. kepala bgn, dadan hindayana, pada 22 maret 2025 bilang timnas sulit menang karena kurang gizi dan banyak pemain dari desa, sesuai laporan dia juga sebut pemain naturalisasi dari belanda bantu tingkatkan performa.",1.0,2025-03-23 10:48:47+00:00
"andai pemain naturalisasi itu dulu dipanggil timnas belanda apa mereka mau menerima panggilan timnas indonesia? rakyat kita gampang digiring opininya, berita yang diglorifikasi media kemudian dijadikan standar ekspektasi oleh mereka kita sampai tahap ini saja sudah luar biasa.",0.0,2025-03-23 11:04:55+00:00
"duh, jadi kangen tapi setelah tau alasannya, mengingat sty baru mengangkat standar timnas dari segi fisik dan mental (itu pun dengan bantuan naturalisasi), sangat masuk akal kalau model permainan yang dipilih cenderung pragmatis - dan berhasil.",2.0,2025-03-23 12:14:39+00:00
jujur saya sudah tidak antusias dengan naturalisasi pemain timnas indonesia,0.0,2025-03-23 13:05:07+00:00
lah bukan nya timnas kebanyakan naturalisasi?,1.0,2025-03-23 13:57:07+00:00
"kalau ada yang ga terima siram aja mukanya pake air mendidih, biar sadar timnas kita tuh emang belum ada apa-apanya. apalagi harapannya udah setinggi langit ketujuh cuma gara gara naturalisasi",,2025-03-23 14:53:12+00:00
lahh tolol isinya kan kebanyakan naturalisasi ajg aowkwowk bacot doank nonton timnas juga kgk,0.0,2025-03-23 18:26:04+00:00
"timnas belanda aja maennya udah gak pake total football, kok timnas cabang yg isinya naturalisasi masih pengen ngadopsi gameplay total football",,2025-03-23 21:12:00+00:00
"ikr. naturalisasi pemain di stop dulu. pemain yg ada biar bisa bangun chemistry jg. kalo nambah mulu, pasti rotasi trs sampe nemu yg cocok. pssi ini terlalu fokus ke timnas, tp grassroots dan liga kurang kesentuh……atau ga blaz???",0.0,2025-03-24 00:29:38+00:00
"kita flashback ke 5 tahun yang lalu saat debut sty pertama kali melatih timnas. 29 mei 2021 timnas bertemu oman dalam sebuah laga ujicoba dan kalah 1-3. setelah itu, program naturalisasi terus bergulir. beberapa pemain top membela timnas indonesia. bolalobfootball",,2025-03-24 04:56:50+00:00
"politik itu gak cuma masalah pemilu goblok! harga bbm, pajak, tarif listrik, biaya sekolah, usia pensiun, bpjs, harga gas, banyak konser artis internasional, naturalisasi pemain timnas, dsb itu ada intervensi politik nyet!! belajar yang banyak dulu baru ngomel!",,2025-03-24 11:28:33+00:00
makin ke bukti statement om rocky gerung “timnas indonesia hmpir 100% naturalisasi adalah produk penipuan bagi bangsa indonesia”.,0.0,2025-03-24 12:22:33+00:00
nanti timnas indonesia masih kalah lagi lawan bahrain yg perlu diganti ketua umum pssi kedua pelatih yg ketiga naturalisasi.,0.0,2025-03-24 12:32:37+00:00
"ooh pantesan kalah, punya timnas kurang gizi diambil dari kampung lagi. kira kira siapa yang ngambil pemain naturalisasi kurang gizi ?",0.0,2025-03-24 14:26:29+00:00
apa yg membanggakan dari timnas naturalisasi ini?,0.0,2025-03-24 14:37:21+00:00
"ngatain timnas indonesia soal naturalisasi, tapi kalau timnya dapet hadiah penalti, diem aja? lucu banget sih ini! timnasindonesia bahrain timnasday indonesiavsbahrain sepakbola sepakbolaindonesia infobola updatebola",0.0,2025-03-24 22:44:11+00:00
sejak awal program naturalisasi diaspora dsb. atau istilah apapun: itu gak bagus selama pembinaan sepak bola nasional tdk bagus. jatuhnya hanya menjatuhkan mental pemain lokal (pemain timnas dan liga).,0.0,2025-03-25 02:05:06+00:00
"gua udah liat komentar utuh dia. overall, pernyataan dia walaupun agak ngeledek, tapi ada benernya. naturalisasi itu wajar, umum dan dilakukan banyak negara. yang ga wajar, memperlakukan timnas kayak klub. pemain2 naturalisasi diincer kayak bursa transfer.",0.0,2025-03-25 02:23:02+00:00
saya udah ngga sabar liat sepak bola indonesia kalah lagi pake pemain naturalisasi dan pelatih baru kalo kalah lagi ini di kebangetan udah pake pemain ambilan sampe di naturalisasi bikin malu negara indonesia aja viralvideo indonesia fyp viral viralvideos sofian sofian522,0.0,2025-03-25 02:44:47+00:00
"yang gak dilihat sama yg suka nyinyirin timnas, pemain naturalisasi kita gak asal comot dan kalopun abroad dipastikan main di liga yang bagus, bukan spt tetangga kita yg meski full abroad dan naturalisasi tapi levelnya bisa dikejar dengan pemain liga 1 sekalipun",2.0,2025-03-25 04:55:10+00:00
"memalukan! lebih baik kalah tapi dgn kekuatan sendiri, daripada menang dgn pemain impor berkedok naturalisasi. faktanya, tetap saja kalah. casing saja timnas indonesia, tapi isinya bule! bagaimana mereka bisa lolos naturalisasi instant begitu, meski tidak memenuhi syarat uu kewarganegaraan? salah satu syarat naturalisasi adalah harus bisa bahasa indonesia dan pernah tinggal di indonesia 5 tahun berturut-turut atau 10 thn tidak berturut-turut. sangat konyol memalukan bangsa sendiri, namanya pemain indonesia, tetapi saat konferensi pers, dan saat mereka diwawancara oleh jurnalis indonesia, di indonesia, mesti dgn bhs inggris. karena mereka tidak bisa bahasa indonesia.",0.0,2025-03-25 05:12:53+00:00
disindir gini malu gak sih ? yah kalau menang masih mending. udh banyak naturalisasi tapi masih kalah. malah dikatain kepala bgn timnas selalu kalah karena kurang gizi alias gizi buruk.,0.0,2025-03-25 10:33:02+00:00
mudah2an indonesia kalah 10 kosong lawan bahrain biar pemain naturalisasi dan pelatih yg di banggakan itu malu sendiri. timnas indonesia akan melawan timnas bahrain di kualifikasi piala dunia 2026. skuad garuda dilarang terlambat panas pada laga itu.,,2025-03-25 12:27:44+00:00
"hentikan sementara naturalisasi! menurutku, sisa pertandingan ini. tidak perlu lagi untuk naturalisasi. karena apa yang sudah kita lihat permainan timnas sudah sangat oke. agar tidak perlu lagi untuk menyesuaikan antar pemain. yang ada ini cukup ditingkatkan aja. gimana guys menurutmu? timnasday",0.0,2025-03-25 16:09:15+00:00
"benar, tidak mengecilkan legenda yang lain, rr5 ini bek terbaik yang ditemui dari tangan almarhum, dan mungkin bek terbaik non- naturalisasi yang pernah ada di timnas indonesia.",2.0,2025-03-25 16:18:55+00:00
"di tengah gelombang naturalisasi yang masif, tersisa anomali seperti marceng, ridho, dan kambuaya. pemain (lokal) yang cerdas, penuh insting, teknik dasar yang baik, dan bermain apik malam ini. ini seakan menyeleksi sejauh mana pemain lokal kita bisa berbicara di squad timnas",1.0,2025-03-25 17:43:26+00:00
"tinggal nunggu fixisasi si gimbal jairo riedewald utk di naturalisasi. klo ini jadi, prediksi the simpsons benar lagi dan timnas fixed melaju ke world cup 2026 dg peringkat ke 3 bkn 2 menurut sy. btw no 19 di pict tengah itu ky tom haye ya..",2.0,2025-03-25 17:44:11+00:00
"ini nih karena naturalisasi jadi berasa semua pemain harus main starter karena kalo nggak bakal kerasa sayang banget nggak dimainin, padahal mah yang namanya masuk timnas itu udah bagus mau lu jadi starter kek mau jadi pelapis kek valuenya sama.",0.0,2025-03-25 21:49:15+00:00
"terima kasih atas 3 poinnya, garuda . kilas balik ketika saya mendukung program menpora pssi, dari kevin diks sampai ole romeny. terbukti naturalisasi berhasil dalam menaikkan ranking timnas kita. bismillah piala dunia .",2.0,2025-03-25 22:51:26+00:00
"pendapat saya tentang postingan anggota dpr andre rosiade: dia merayakan kemenangan timnas garuda dan memuji rizky ridho, tapi juga menuduh beberapa pemain pura-pura cedera meski mri menunjukkan sebaliknya. ini bagian dari kontroversi soal komitmen pemain, terutama naturalisasi, dan memicu debat tentang akuntabilitas serta kebanggaan nasional di sepak bola indonesia.",0.0,2025-03-26 04:33:44+00:00
"pemain naturalisasi belanda-indonesia ini menunjukkan kelasnya sebagai predator di lini depan. dengan permainan yang simpel tapi efektif, dia tahu betul gimana memanfaatkan peluang.",,2025-03-26 05:23:55+00:00
emg sih bikin sedih liat pemain timnas hampir semua nya naturalisasi… klo kekurangan pemain lokal bibit unggul ya fokus dilatih? atau cari cabor lain yg bisa jd unggulan selain sepak bola kan bisa,0.0,2025-03-26 06:25:25+00:00
"1. dia naturalisasi bukan keinginan sty/pssi 2. dia gak bagus-bagus amat, untuk pelapis pun sejauh ini lebih bagus ernando 3. gak semua pemain yg main di eropa tuh bagus 4. timnas indonesia gak dibangun atas dasar kasian 5. minimal otak lu dipake mikir",,2025-03-26 08:59:16+00:00
"bukan saja timnas yang di naturalisasi, tapi juga koruptor. luar biasa. meledak indonesiaku.",0.0,2025-03-26 12:34:20+00:00
pak gimana ini pak? apa mereka sudah naturalisasi jadi pemain timnas menggantikan justin hubner?,,2025-03-27 14:19:05+00:00
lah yg mereka ambil kan pure naturalisasi bukan keturunan kaya timnas indonesia . lick they're own spit . hahaha,,2025-03-29 07:32:37+00:00
ya karena federasinya diisi orang politik yang gemar melakukan kebijakan populis yg cenderung instan dalam hal ini naturalisasi liga lokal. sama seperti timnas indonesia senior periode 2019.,0.0,2025-03-29 10:36:34+00:00
"halo , urusen ligamu ojo timnas ro naturalisasi wae. liga muarane ki timnas, nek ligamu ora mbok urus yo jancok koen",0.0,2025-03-29 13:28:36+00:00
timnas bola gak perlu naturalisasi klo gitu,0.0,2025-03-29 15:26:09+00:00
"dampak terbesar naturalisasi bukan peluang lolos piala dunia. dampak terbesarnya adalah berkobarnya mimpi anak-anak indonesia, dan terbangunnya rasa percaya para orang tua bahwa sepak bola indonesia punya masa depan. pemerintah hanya perlu memastikan naturalisasi ini sementara.",2.0,2025-04-01 09:07:03+00:00
"gegara oleh ma joey, sekarang perdebatan naturalisasi pemain keturunan baru semakin berkurang, karena kita dikasih unjuk standar pemain timnas...",2.0,2025-04-01 13:09:11+00:00
"ini mksd gw loh, gw kurang setuju dengan naturalisasi karena menurut gw timnas nih ngecheat, dahal banyak bat penduduknya yg suka maen bola. “ya trus kapan masuk pildunnya kita?” ya sabar mas, lagian kenapa ga dr dulu dibenerinnya, emg pssinya jg sih, emg pemerintahnya jg sih",0.0,2025-04-01 17:12:11+00:00
"kenyataannya bener, belanda malah jadi talent-pool instan untuk timnas indonesia. awalnya udah bener naturalisasi beberapa posisi doang biar dipadukan dan transfer ilmu dan koneksi, tapi liganya aja gak beres, apa yang mau diserap? syukur aja rr menyerap dengan betul.",0.0,2025-04-02 10:22:17+00:00
diatas 15 tahun yang lalu rangking indonesia di fifa jauh lebih baik artinya prestasi timnas saat ini tidak berguna karena tidak bisa melampaui masa dimana timnas di bangun tidak menggunakan pemain oplosan dalam modus naturalisasi.,,2025-04-03 13:30:50+00:00
"untung timnas banyak di isi oleh pemain naturalisasi eropa, kalau gak mana mungkin putera bangsa indonesia yg kurang gizi itu bisa menang lawan korsel",0.0,2025-04-04 23:40:02+00:00
"banyaknya pemain naturalisasi di timnas indonesia memang meningkatkan daya saing, terlihat dari kemenangan seperti 2-1 atas kuwait. namun, dunia tampaknya masih memandang indonesia sebagai tim medioker di asia dan global, dengan ranking fifa ~152 dibanding uzbekistan (~75), yang sudah mapan sebagai negara sepakbola baru. uzbekistan konsisten lolos turnamen besar, sementara indonesia belum. jadi, meski ada progres, persepsi global belum berubah signifikan.",1.0,2025-04-05 07:22:37+00:00
"sepertinya gaya counter-attack cocok buat sepak bola indonesia. iklim panas dan budaya kolektif mendukung transisi cepat serta efisiensi energi. kesuksesan terbaru, seperti menang 2-0 lawan saudi arabia, nunjukin efektivitasnya, apalagi dengan pemain naturalisasi dari belanda yang bawa skill teknis.",,2025-04-05 09:49:44+00:00
"timnas garuda memang banyak pakai pemain naturalisasi, terutama dari eropa, untuk cepat tingkatkan performa. mereka biasanya dari liga pro, jadi bayarannya bisa lebih mahal dibanding lokal. tapi, soal beban apbn, belum jelas angkanya—pssi yang atur dana, mungkin dari sponsor juga. strategi ini kontroversial, ada yang bilang abaikan talenta lokal.",,2025-04-05 10:59:11+00:00
"grassroot sepak bola indonesia tanpa naturalisasi belanda berjalan baik, terbukti dari sukses tim u17 di piala asia u17 2025. fokus pada pembinaan lokal, seperti festival grassroot di yogyakarta, membangun talenta muda. skuad u17 mayoritas dari klub indonesia, hanya matthew baker dari australia, bukan belanda. ini menunjukkan pembinaan akar rumput efektif tanpa ketergantungan pada naturalisasi belanda, beda dengan tim senior.",,2025-04-05 13:27:01+00:00
"kalau maksudmu pemain pribumi, bukan naturalisasi, maka ramadhan sananta sepertinya pilihan terbaik buat striker timnas indonesia di 2025. dia satu-satunya penyerang asli indonesia di skuad terbaru, dengan 5 gol dari 14 caps. pemain lain seperti rafael struick, ole romeny, dan ragnar oratmangoen memang bagus, tapi mereka naturalisasi dari belanda. jadi, buat yang fokus ke talenta lokal, sananta jadi andalan utama saat ini.",1.0,2025-04-05 18:45:25+00:00
"jauh sebelum gempuran naturalisasi-diaspora di timnas bolasepak, timnas rugby indonesia udah nyemplung duluan, mbah. sekarang federasi udh mikirin di tingkat grassroot biar nambah talent poolnya, makanya timnas jarang ikut turnamen di luar negeri.",1.0,2025-04-06 00:58:41+00:00
"terima kasih kembali! video itu mungkin memicu diskusi soal pemain naturalisasi di timnas indonesia. meski mereka meningkatkan performa, starting xi full naturalisasi kecil kemungkinannya karena faktor keseimbangan tim dan dukungan fans. strategi saat ini cenderung gabungkan pemain lokal dan naturalisasi untuk sukses jangka pendek serta pengembangan jangka panjang.",1.0,2025-04-06 02:07:05+00:00
"jelas ga pernah nonton timnas rugby indonesia si mbah. jauh sebelum timnas sepakbola, timnas rugby sudah diisi pemain2 bule. bahkan tanpa harus naturalisasi. yg skrg malah lebih mementingkan pembinaan. krn syarat bela timnas di rugby itu ga perlu paspor (kecuali buat olympic)",,2025-04-06 02:49:48+00:00
"marselino bukan pemain naturalisasi. dia lahir di jakarta, main buat timnas indonesia dari junior sampe senior. gak ada bukti dia punya kewarganegaraan ganda atau naturalisasi. jadi, dia asli indonesia, bukan dibenci, tapi fakta.",,2025-04-06 14:22:10+00:00
kemenangan timnas indonesia u17 kali ini senengnya berlapis-lapis. 1. bikin lolos ke piala dunia u17. 2. menang dg skor besar 4-1. 3. mematahkan ejekan tetangga yg bilang timnas indonesia gak ada apa2nya tanpa naturalisasi. percayalah.. ini baru permulaan. timnasday,,2025-04-07 19:32:03+00:00
"buat yang dari kemarin nanyain mana nih pembinaan pemain muda indonesia? jangan naturalisasi pemain mulu dong, coba benahi pembinaan pemain muda nah ini timnas indonesia u-17 ini kebanyakan pemain nya hasil pembinaan dari epa dan piala soeratin yang dijalankan pssi, -cont",2.0,2025-04-07 22:10:25+00:00
"timnas indonesia aja naturalisasi pemain, masa kita gak bisa naturalisasi pejabat?",0.0,2025-04-08 05:32:18+00:00
"tidak mungkin belanda menaturalisasi timnas indonesia. naturalisasi biasanya untuk pemain individu, bukan tim. indonesia sering naturalisasi pemain keturunan belanda seperti maarten paes dan jay idzes karena sejarah dan diaspora. belanda punya talenta kuat, jadi tak perlu strategi itu. pertanyaan ini lebih ke humor dan kebanggaan atas kemajuan sepak bola indonesia. summary: belanda tak akan naturalisasi timnas indonesia. itu biasanya untuk individu, seperti yang dilakukan indonesia pada pemain keturunan belanda. belanda tak butuh strategi itu.",1.0,2025-04-08 06:13:02+00:00
selamat kepada timnas indonesia u17 atas kemenangan melawan yaman..ini bukti tanpa pemain naturalisasi timnas u17 bisa masuk piala dunia u-17...selamat berjuang,,2025-04-08 14:11:52+00:00
"jago dari mana? dari hulu ke hilir jelek bgt timnas kita, sorry to say. dari pemain, banyak bgt naturalisasi. pengurusnya kek tai, mainnya? jelek. prestasi? mandek ga ada yang bikin wow.",0.0,2025-04-10 11:53:51+00:00
"tidak ada pemain naturalisasi di timnas indonesia u-17 untuk piala asia u-17 2025. mayoritas pemain, seperti zahaby gholy dan fadly alberto, lahir di indonesia. mathew baker, yang lahir di australia, memiliki kewarganegaraan ganda karena ibunya orang indonesia, sehingga tidak perlu naturalisasi. tim ini fokus pada talenta lokal dan diaspora dengan hak bermain langsung.",1.0,2025-04-10 23:43:08+00:00
apakah timnas pssi u17 ini bebas dari pemain naturalisasi (murni pemain lokal indonesia) atau masih menggunakan pemain naturalisasi seperti timnas asuhan patrick kluivert - saya justru bangga kepada mereka para pemain lokal indonesia tanpa mengikut sertakan naturalisasi hening,,2025-04-11 01:21:15+00:00
utk level piala dunia 2025 90% skuad timnas u-17 pa 2025 tidak ideal: postur pendek fisik kecil pengaruhi power sprint wajib 35 km/jam belajarlah dari timnas u-17 pd 2023 harus naturalisasi ± 8 pemain erick thohir pssi timnas indonesia kitagaruda,0.0,2025-04-12 09:45:49+00:00
"perlu tambah pemain naturalisasi, serta pembenahan strategi taktik, lawan2x timnas di piala dunia itu berat. timnasday",2.0,2025-04-14 15:38:25+00:00
"iya lah ngapain u17 jadi juara juga, toh gakan jadi pemain timnas senior, itu udah jatah pemain naturalisasi.",0.0,2025-04-15 00:03:06+00:00
"timnas u-17 dibobol 0-6 lawan korut. saya tetap bangga dengan mereka karena nama2 mereka khas indonesia, bukan pemain naturalisasi.",2.0,2025-04-15 01:39:46+00:00
sepertinya emang cuma menang soal naturalisasi timnas sepak bola doang negera kita ini dibanding negara sebelah.,0.0,2025-04-19 09:24:57+00:00
hebat karena naturalisasi? tapi rapuh di dalam. sepak bola indonesia per... via timnasindonesia naturalisasi erickthohir pssi,0.0,2025-04-19 11:05:09+00:00
"cameron burgess diayam2in sama nwaneri, padahal pas lawan timnas solid banget. emang sejauh itu ges kualitas bal2an republik, bayangin ga ada naturalisasi haha",0.0,2025-04-20 15:45:57+00:00
"namanya juga the power of netizen, jadi deh tuh verdonk bela timnas indonesia. kira-kira siapa lagi nih yang bakal jadi the next verdonk yang mau di naturalisasi?",1.0,2025-04-22 05:01:15+00:00
"sdh saatnya indonesia membuka ruang dialog dgn org2 keturunan maluku di belanda, org2 yg terusir dr indonesia krn tuduhan pro belanda rms apalagi cucu2 mrk, generasi ke 3-4, bnyk yg sdh kembali ke pangkuan ibu pertiwi, jd pemain naturalisasi utk timnas sepakbola indonesia",,2025-04-23 09:43:53+00:00
"arti unprofessional yang disebut djenna de jong merujuk pada pengalaman buruk selama proses naturalisasi untuk bergabung dengan timnas wanita indonesia. ia tidak merinci, tapi memilih mundur karena merasa prosesnya tidak profesional. pssi menjelaskan bahwa djenna tidak direkomendasikan oleh pelatih satoru mochizuki, syarat wajib untuk naturalisasi. tanpa rekomendasi, prosesnya terhenti. publik terbagi: ada yang kritik pssi, ada yang dukung keputusan pelatih. belum ada detail lebih lanjut dari kedua pihak.",1.0,2025-04-23 13:56:59+00:00
"bayangin aja dulu... komisaris sebuah klub juga menjabat sebagai wakil ketua federasi... ada juga klub yg saat manager's meeting diwakilin sama ponakan ketum. trus dikasih timnas yg isinya banyak naturalisasi dan harapan buat lolos pildun, kita gak peduli sama yg di atas",0.0,2025-04-23 14:21:20+00:00
naturalisasi-dapet followers banyak - jadi selebgram-terkenal. udh gitu doang yok yang mau terkenal orang² europa bisa masuk timnas indonesia aja,0.0,2025-04-23 14:53:37+00:00
di china..dah pamer mobil terbang disini masih repot urusan mbg blm di bayar lah.. urusan bubur diaduk lah.. urusan ijazah mantan presiden.. urusan liga satu di seeting sampe urusan naturalisasi pemain timnas..,0.0,2025-04-24 14:16:29+00:00
dia mah ga punya urat malu. lagi rapat soal naturalisasi pemain timnas aja bisa2nya bahas soal kawin campur adalah solusi untuk masa depan sepak bola indonesia. nyambung tuh,,2025-04-25 09:49:47+00:00
"hr ini, hampir di smua kota di belanda, masyarakat keturunan maluku merayakan hari ulang tahun rms (republik maluku selatan) bbrp dr keturunan mrk, saat ini sdh kembali ke pangkuan indonesia lewat proses naturalisasi utk masuk timnas sepakbola indonesia anomali",,2025-04-25 11:15:25+00:00
"gimana ngga kaget coba, dari followers nya cuma 25k, sekarang udah 736k, dalam kurun waktu beberapa minggu setelah debutnya lawan bahrain kemarin emang the power of suporter timnas indonesia nih ngga ada tandingnya joeypelupessy timnasindonesia naturalisasi",2.0,2025-04-28 10:16:17+00:00
gak semua naturalisasi itu untuk bela timnas indonesia bisa saja dia naturalisasi untuk kepentingan pribadi apalagi udh lebih dari 5 tahun tinggal di indonesia jadi sah2 saja mau naturalisasi jalur mandiri.,,2025-04-29 02:17:04+00:00
naturalisasi striker timnas naturalisasi preman nasional uyeeeeeeee!!!,0.0,2025-05-02 20:09:16+00:00
"program naturalisasi percepat timnas garuda menuju piala dunia 2026, apakah bisa disebut ‘revolusi’ sepakbola indonesia? “kita harus mencari diksi yang lebih tepat untuk penyebutan program naturalisasi di timnas garuda.”",1.0,2025-05-03 12:29:02+00:00
"sebelum sty di phk , netizen sty tanpa naturalisasi bisa apa? coba balikan pertanyaan nya federasi tanpa pemain keturunan bisa apa??? bisa 10-0 di bantai bahrain !! jadi jangan merasa uda paling berhasil , federasi tugas nya mengurus sepak bola indonesia bukan cuma naturalisasi",0.0,2025-05-05 02:43:24+00:00
"emang jelek, kalau liga indonesia bagus timnas ga perlu bikin repot dpr ri agar mempercepat banyak pemain binaan liga belanda untuk di naturalisasi.",0.0,2025-05-08 05:17:16+00:00
"tadinya okelah pas denger naturalisasi buat kemajuan sepak bola indo. tapi pas denger bilang ga nonton liga indonesia, langsung dari mulut seorang bapak federasi sepak bola indonesia, ini sebuah lelucon terbesar",,2025-05-09 14:07:40+00:00
"malu maluin lo bukannya fokus perbaiki liga malah yg kritik di banned. ngaca kalian semua kalau kompetisi kita bagus starting line up timnas full dari liga 1, ga tiap tahun sidang ke dpr buat ngajuin naturalisasi. kamibersamayuran",0.0,2025-05-10 00:29:57+00:00
"selagi mnjbat,anak2 akamsi gak bakalan bisa masuk timnas senior. kini makin intens cari pemain eredivisie utk disewa mnjd timnas senior.dgn bungkus bernama naturalisasi,timnas memburu tiket piala dunia.jln pintas.",0.0,2025-05-10 03:23:08+00:00
gua sih tetep nyalahin federasi yang membiarkan klub bosok bisa ikut kompetisi. lu pikir pemain-pemain naturalisasi timnas indonesia dari belanda itu bagus bukan karena ketegasan knvb terhadap syarat-syarat klub ikut kompetisi?,0.0,2025-05-11 02:40:39+00:00
udah bener timnas ambil pemain naturalisasi aja terus bubarin aja ini liga sampah,0.0,2025-05-11 14:39:52+00:00
nanti munculnya di akhir mei deket2 tc timnas. itu jg bahasnya naturalisasi lg naturalisasi lg,0.0,2025-05-12 08:17:17+00:00
tergantung sudut pandang. apa bisa disebut sebagai naturalisasi seperti halnya indonesia merekrut personil timnas sepak bola?,1.0,2025-05-12 10:24:38+00:00
ini beneran timnas u17 mau naturalisasi pemain? bukankah pasal 9 uu nomor 12 tahun 2006 salah satu bunyinya adalah syarat naturalisasi telah berusia 18 tahun atau udah kawin,1.0,2025-05-12 13:15:49+00:00
"coba aja sih kalau kata gua, toh timnas u17 ini ajang pembinaan. ga perlu naturalisasi kalau cuma kelompok umur. lihat tuh pemain timnas indonesia senior, ketika masih usia u17 pun mereka membela timnas belanda. ga takut apa talenta kita pindah ke timnas bahrain lagi?",0.0,2025-05-12 13:24:48+00:00
dongo bgt di naturalisasi kek bisa dipake aja di timnas korsel wkwkwk,,2025-05-14 11:33:36+00:00
"agak kurang setuju dengan poin nomor 4. padahal sudah jadi rahasia umum kalau rata-rata market value gaji pemain lokal lebih mahal dibandingkan pemain asing yg belum pernah bermain di liga 1. ini belum termasuk pemain lokal yg ex/aktif di timnas dan naturalisasi, ya.",1.0,2025-05-15 13:56:53+00:00
"mantap, timnas naturalisasi liganya banyak pemain asing, good good. gak ada bangga bangganya saya sama sepak bola indonesia",0.0,2025-05-15 14:01:52+00:00
"beneran menjadikan sepakbola modal politik pribadi dia. toh nanti yg ngisi timnas jg pemain naturalisasi, masa bodoh dgn pembinaan dan kesempatan pemain lokal.",0.0,2025-05-16 03:44:32+00:00
"haha, naturalisasi seluruh pssi? itu sindiran keras ya! tapi serius, naturalisasi pemain memang bikin timnas lebih kompetitif, kayak di sea games 2023. cuma, banyak yang khawatir ini jalan pintas, bikin pembinaan lokal terbengkalai. pssi sendiri punya kuota 60% pemain lokal biar seimbang. kalau soal sanksi arema, banyak yang bilang terlalu ringan, apalagi setelah insiden kanjuruhan. mungkin frustrasi itu yang bikin kamu nanya gini? apa pendapatmu, solusi apa yang beneran dibutuhin pssi?",0.0,2025-05-17 09:00:32+00:00
"gw sih curiganya si bapak itu waktu proses naturalisasi, ngejanjiin pemain buat masuk timnas reguler utk kurun waktu tertentu, walau di klub ga maen. casenya sama kayak nathan. akhirnya pemain mau dinaturalisasi",0.0,2025-05-18 01:16:00+00:00
match stefano lilipaly bersama timnas terakhir yg gue tonton di gbk ina vs mas 5 sept 2019 kalah 2-3 yg gol in indo pemain naturalisasi from brasil kalau gak salah abis itu agak kapok nonton timnas krn ada keributan udah kalah plg nya terjebak,0.0,2025-05-18 10:45:13+00:00
"yo, bro, soal estella raquel loupattij jadi starter di timnas pertiwi, peluangnya lumayan, tapi ga pasti. dia baru join zulte waregem di belgia, main di liga top, plus udah menang aff women's cup 2024, jadi skill-nya oke. naturalisasi dia november 2024 bikin dia spesial buat tim. tapi, saingan di skuad ketat, dan pelatih yang nentuin. kalau dia gaspol di klub sama fit, kansnya gede. cuma, dinamika tim sama opini soal naturalisasi bisa nge-rem. jadi, kira-kira 60-70% dia bisa starter, asal ga ada drama.",,2025-05-18 15:18:59+00:00
banyak”in naturalisasi di timnas senior nunjukin kalo emg sistem kelola sepakbola lokal kita dari grassroot masih ngaco wkwk,0.0,2025-05-19 10:59:31+00:00
kalo timnas sepak bola nya fokus naturalisasi aja. apa itu program ke klub sepak bola yang ada di liga? naturalisasi selamanya.,0.0,2025-05-20 18:11:43+00:00
tlong naturalisasi grilis biar maen di timnas sini aja bang,2.0,2025-05-23 10:10:10+00:00
"lah katanya timnas indonesia, apalagi pemain lokalnya lemah. tapi kok malah takut sih sama pemain naturalisasi kita? gak tau aja dia kekuatan tradisional-nya skuad garuda. nanti giliran dikalahin, nangisss timnasindonesia indonesiavschina",,2025-05-24 03:47:05+00:00
ngene iki kualitase liga 1. bener emang timnas diisi oleh para pemain naturalisasi saja.,0.0,2025-05-25 06:05:34+00:00
naturalisasi dari timnas persib ke timnas indonesia.,1.0,2025-05-26 11:02:41+00:00
"tumben2an ketum timnas ngelarang club main di stadion a, b, c, d, dll. udah paling bener ketum timnas itu fokus main pildun2-an sama pemain naturalisasi nya aja.",0.0,2025-05-27 09:57:59+00:00
"boleh naturalisasi mbappe atau minimal kolo muani gak, bung macron? atau zidane deh ngelatih timnas",0.0,2025-05-28 13:31:19+00:00
gue awalnya ragu lihat ekspresi ole yg kecewa pas indonesia kalah lawan jepang. takut gak jadi naturalisasi. eh ternyata dugaan gue salah dan ole makin padu chemistry nya dengan pemain timnas lainnya. bersyukur bgt ole datang di waktu yg tepat,2.0,2025-06-07 08:20:07+00:00
"selama yg diurus dapet overglorifikasi adalah timnas senior putra (cara instan naturalisasi pula) instead of benerin sistem iklim sepakbola, selama itu pula gausah lolos :)",,2025-06-09 09:48:59+00:00
"di luar urusan rolex, membangun timnas seperti sekarang itu ratusan milyar. menerbangkan dan memulangkan pemain naturalisasi itu mahal. beda dengan mengundang beckham putra dari bandung, bisa naik whozz tapi demi kebaikan dan kesinambungan, memang harus transparan.",1.0,2025-06-10 00:38:11+00:00
hai supporter china! negera kami gak akan punah karena timnas sepakbola kami banyak naturalisasi. negara kami akan punah jika tka asal china terus membanjir negeri kami dan menetap beranak pinak dinegeri kami.,,2025-06-10 03:43:25+00:00
jepang gasak timnas indonesia yang didominasi anak anak naturalisasi dengan pelatih kebanggaan si erick thohir dengan skore telak 6 -0 skore kekalahan terbesar yang diperolehnya setelah 5-0 didepak australia.skore sebesar itu sepertinya langka di saat timnas diasuh sty..,0.0,2025-06-10 13:02:59+00:00
"mampus! biar jadi pelajaran. bahwa sebaik-baiknya membangun timnas ga cuma lewat naturalisasi belaka, tapi lewat pembangunan kompetisi yang berjenjang. sebanyak apapun datengin bule londo gak akan bisa nyaingin tim yang emang dibangun lewat proses yang matang. shame on you pssi!",,2025-06-10 13:50:22+00:00
dia sama diks pemain mahal tapi bingung kayak gak nyetel sama timnas dari kasus mereka berdua ini gue jadi gak interest lagi kalo ada news naturalisasi mv sekian blabla karna mahal blm tentu fit buat tim gimana caranya biar mereka ini bisa kepake terutama mees ini,0.0,2025-06-10 16:31:43+00:00
katanya mereka birth rate nya rendah.. tapi kebanyakan timnas sampe officialnya warlok.. lah indo?? udah katanya bonus demografi malah pilih naturalisasi. dikasi rolex pula,0.0,2025-06-10 16:37:44+00:00
"sy pikir kita semua: pssi , presiden terlalu prematur over optimis, over confident kpd timnas garuda. hrs ada proses tdk ada yg instan spt makanan minuman. naturalisasi kita terlalu ambisius sdh pernah dikritik anggota dpr perempuan. sadarlah!",,2025-06-10 17:58:35+00:00
"padahal naturalisasi kan buat ngangkat level game timnas, kalo kaya gini mah nanti naturalisasi aja pemain biasa wkwk",0.0,2025-06-11 01:39:15+00:00
"terserah orang bilang aku ga ngerti bola, toh kalo nonton bola aku ngantuk, tapi timnas itu beda! dan konsep timnas di kepala ku ga gini wkwkw, naturalisasi is getting out of hand",,2025-06-11 03:54:41+00:00
"hormat pada mas ainur yang mengangkat ini. roadmap ini adalah kunci. sayangnya, ada narasi membenturkan: yang nuntut roadmap nggak suka timnas jago lewat naturalisasi no, kita mendukung quick win lewat naturalisasi. tapi roadmap ini wajib, biar di masa depan beneran jago.",,2025-06-11 04:59:26+00:00
"naturalisasi pemain dilakuin di semua negara, tujuannya buat bikin timnasnya bisa kompetitif dan bawa prestasi. kenapa pemain a mau main di negara b? chance pemain tsb main di timnas b lebih tinggi dibanding negara asalnya. apa aja faktornya?",,2025-06-11 05:07:02+00:00
semoga pemain2 naturalisasi yg dihujat abcd ga pd menyesal ya udh memilih membela timnas indonesia. semangat gaes...,,2025-06-11 06:44:08+00:00
"temenku kemaren tanya pemain naturalisasi kok gk maen di eropa aja ya? aku jawab kl mereka maen di eropa paling div 2, di sini timnas, jelas milih timnas",1.0,2025-06-11 08:11:30+00:00
tolong di baca yaaa para mbak2 mas2 penyembahh naturalisasi timnas sepakbola pria. kalau ada berita gini sepi beda kalau akun ava presiden korut ngetwt membanggakan tentang timnas sepakbola. mirissss :(,0.0,2025-06-11 08:56:36+00:00
"pak jangankan dulu sekarang ini banyak talenta sepak bola anak bangsa yang putus harapannya untuk membela timnas kita, mereka yang berjuang dari piala dunia junior pupus harapan mereka untuk membela timnas senior kalah dengan yang naturalisasi",0.0,2025-06-11 09:30:45+00:00
"pak bilang belanda nyuri kekayaan indonesia rp 502.000 t, tapi dia lupa timnas indonesia dilatih orang belanda dan pemain timnas 95% naturalisasi dari belanda. piye ngene iki, wo?",0.0,2025-06-11 13:00:26+00:00
"dulu timnas indonesia bisa membantai jepang 7 gol tanpa balas, padahal saat itu timnas pake pemain lokal semua, tapi sekarang uda pake pemain naturalisasi dari belanda kok malah dibantai sama japan timnasday",0.0,2025-06-11 22:22:55+00:00
pak timnas indonesia banyak naturalisasi dari belanda lo....nanti ngefek ke pertandingan cc nil / fadli / fahri.....tolong di ingatkan bapak kalian tu...hemat bicara yg kontra produktif lh..... ..bisikan juga ke prabowo,0.0,2025-06-11 22:58:05+00:00
stop bilang kekuatan asing kalau timnas saja naturalisasi dari belanda.,0.0,2025-06-12 00:28:16+00:00
"no offense, tapi kalo dibandingin sama pemain luar emang pemain naturalisasi kita engga yang seganteng itu cegil timnas aja yang ga biasa liat bule makanya sekali liat pemain naturalisasi langsung dijadiin idol sampe diintilin ke hotel",0.0,2025-06-12 13:15:07+00:00
percaya ga kalo aku bilang dari database game yg namanya football manager? proyek naturalisasi berdasarkan hubungan darah ini udh jadi mimpi basah komunitas gim fm dari dulu kak. mereka rajin tracking pemain keturunan indonesia yg ada di ln trs dipanggil bela timnas kyk skrg.,,2025-06-12 19:33:07+00:00
"dijajah part 2? eits, bukan dong. the og ajak beberapa opiniators untuk share opini mereka soal sistem naturalisasi di timnas indonesia, nih. ada yang setuju, tapi ada juga yang ragu kalau kebijakan ini diterapin jangka panjang.",1.0,2025-06-13 14:33:35+00:00
emang timnas sepakbola indonesia cetak sejarah apa?? sejarah naturalisasi paling banyak?? sejarah konsumsi anggaran paling banyak?? serius nanya doang ini mah,0.0,2025-06-14 02:40:12+00:00
ngurus naturalisasi dan timnas dia gaskan ngurus piala indonesia bahkan liga putri dia tak mau,,2025-06-14 04:46:05+00:00
timnas putri dan naturalisasi tapi masih tanpa kompetisi. imo jdi terlihat dimana sebenarnya orientasinya. so sad,0.0,2025-06-14 06:17:55+00:00
main di liga 1 - kualias turun - gak dipanggil timnas - timnas nyari naturalisasi lagi,0.0,2025-06-14 13:23:41+00:00
"kenape pada brisik amat sih pemain timnas naturalisasi kaga boleh ke liga 1 , sejujurnya aje kita juga kaga terlalu pengen pemain timnas naturalisasi ke , selaen ribet kalo ada tc / fmd / event lain, lokalan juga masih banyak yang gak kalah bagus",0.0,2025-06-14 13:50:37+00:00
liga 1 putri sido pora? roadmap sepak bola indonesia ne ngendi? pembinaan grass root e ndi? mau sampai kapan ngandelin projek naturalisasi,0.0,2025-06-15 11:20:04+00:00
"jadi trending naturalisasi dalam sepakbola buat dan saya berharap meneruskan program ini, tapi bukan krn mau dimainkan di timnas, tapi krn mereka mau pulang ke kepangkuan ibu pertiwi, untuk masuk timnas tetap dg seleksi secara profesional dan kwalitas",2.0,2025-06-16 11:54:29+00:00
"setuju dengan poin konsisten. kalau mau punya timnas yang bagus dari kompetisi, minimal konsisten pada hal dasar: mau main kaya apa? dulu booming catenaccio, kirim pemain ke italia. geser lagi, pengen main ala amerika latin, kirim ke uruguay. sekarang, naturalisasi ala eropa.",2.0,2025-06-17 13:08:07+00:00
agak heran kenapa belakangan pemain naturalisasi yg dulu di klub-klub beken eropa jadi kayak gak kepake lagi setelah membela timnas indonesia? ada kutukan negara besar kah?,0.0,2025-06-18 17:03:49+00:00
karena standar pemain naturalisasi itu biasa saja. sementara euforia dan ekspektasi suporter timnas sudah terlanjur tinggi.,,2025-06-18 23:20:33+00:00
"aku yakin pemain timnas sudah mulai terasah mental culas dan tahan malunya. mau disindir kayak gini bisa jadi mereka cm ketawa2 aja, toh rolex sudah mereka gondol. i can also imagine them, especially the naturalisasi ones, saying haters gonna hate",2.0,2025-06-19 01:32:20+00:00
nasib pemain naturalisasi timnas indonesia dari dulu selalu nasibnya gak jelas. bahkan sekarang ada yg namanya terlupakan atau karna di indonesia lebih menguntungkan menjadi selebritis atau jadi ba produk di banding jadi atlet sepak bola. jadi buat apa di naturalisasi?,0.0,2025-06-19 04:18:49+00:00
"beli pemain kayak naturalisasi timnas,tiap berapa minggu sekali ada yang baru.",,2025-06-20 13:00:38+00:00
"bukannya benerin liga jdi standart timnas naturalisasi yg kualitas eropa, malah degradasi kualitas timnas masuk liga jelek",0.0,2025-06-22 04:14:20+00:00
kocak ini kah pemain naturalisasi baru timnas?,,2025-06-22 09:06:53+00:00
wakilin timnas naturalisasi bisa sih bang,,2025-06-22 11:05:45+00:00
harusnya timnas naturalisasi dia. ntar abis kelar tanding dia bisa nyanyi 90's love wkwkwkwk,2.0,2025-06-22 13:47:03+00:00
"sebenarnya udh takut awal liat adminnya ngerepost ini di akunnya karna msh banyak orang² yg salty. tapi, balik lg ini akun dia hak milik dia, mau gimana lg. thank you admin timnas udah ikut senang liat jersey timnas indonesia dipake sm sungchan. what if beneran di naturalisasi",,2025-06-22 14:06:39+00:00
"woyy tiba2 baru liat plss, lu mau jdi tim naturalisasi timnas can ?",0.0,2025-06-22 17:58:40+00:00
"allhamdulillah, ini semua karena ada pemain diaspora, timnas indonesia tidak bisa dipandang sebelah mata lagi, sy sangat setuju 100persen program naturalisasi adalah jangka panjang,agar timnas indonesia bisa sejajar dg negara besar lainnya. merdeka",2.0,2025-06-24 06:28:52+00:00
kalo di perhatikan dan di tampung baik federasi. emang kans sepakbola putri melaju ke pentas dunia itu bukan tdk mungkin ketimbang timnas putra. ga perlu naturalisasi pemain timnas putri pake pemain lokal aja kalo di tampung baik dgn federasi pasti bakal berhasil,2.0,2025-06-24 08:50:20+00:00
"bahkan putri malu (mimosa pudica) yang banyak tumbuh liar di pinggiran jalan itu pun, adalah hasil introduksi. tumbuhan dari amerika tengah dan amerika selatan. setidaknya sudah ada di jawa di akhir abad 19. sebelum naturalisasi (timnas), sudah ada naturalisasi (tumbuhan).",1.0,2025-06-24 09:30:40+00:00
"wih negara-negara asean jadi pada gencar pemain naturalisasi ma keturunan, ini jadi menarik ketika timnas harus bersaing lagi nanti di wc 2030, apakah timnas kita akan tetep perform atau seperti biasa negara asean yang lain ngejar, menarik",1.0,2025-06-26 02:17:59+00:00
"harusnya samsul di bawa ke timnas, biar dia acak² tuh fifa dan lawan² timnas indonesia, sehingga timnas gk butuh tambahan pemain naturalisasi lagi pak . klo di duetkan dgn ole romeny di lini depan, semua lawan tumbang semua",2.0,2025-06-26 12:11:04+00:00
semua orang harus tauuuu jake keren bangetttt yuk bisa yuk naturalisasi timnas halo pssi wkwkwkwkwk,2.0,2025-06-26 16:35:52+00:00
"jepang bangun timnas dari sekolah, kita dari jalur naturalisasi pernah mikir kenapa timnas jepang bisa sejajar sama negara top dunia? bukan karena pemain naturalisasi. tapi karena sistem pembinaan yang serius, rapi, dan panjang. sementara kita... lebih sering cari yang instan.",0.0,2025-06-27 06:36:21+00:00
"bisa ga sih orang yang pemerintah itu diganti sama orang naturalisasi yang kompeten, biar kaya timnas indonesia kita, timnasnya jago pemerintahnya juga jago",0.0,2025-06-27 06:43:36+00:00
pelawak nyambi pemain bal kebanggaane jogja jog! setuju naturalisasi trus main neng timnas?,0.0,2025-06-29 09:34:15+00:00
"mungkin udh saatnya angkatan naturalisasi awal (jordi, shayne, walsh) mulai difokuskan untuk bantu timnas berprestasi di level asean. untuk level asia-eropa, serahkan ke jay idzes, diks, dkk. biar bagi2 tugas",2.0,2025-07-03 08:50:56+00:00
"porprov ada sepak bola putri, tp liganya gak ada. turnamennya mentok piala pertiwi. trus ke timnas kadang ngeluh cari pemain sulit, naturalisasi utk bantu. tp masalah dasarnya gak jg dislesein. kalo gak ada liga, anak2 itu latian dr mana ngembangin kompetensinya?",0.0,2025-07-06 05:57:35+00:00
tuuuh kaaan mbak emang ga di daftarkan sama federasinya kan... atau sama libnya.. fokus semua cari pemain naturalisasi utk timnas di round 4... semua ngurusin timnas ga ada yg mau ngurus kompetisi lokalan...,0.0,2025-07-06 07:48:57+00:00
"jika bener yang dikataian pak ini bahwa federasi sepakbola di semua negara hanya fokus ngurus timnas, maka pssi ga akan bisa mendapatkan thom haye, shayne pattynama, noa leatomu, estella loupatty dan semua pemain naturalisasi untuk timnas indonesia saat ini. karena mereka semua adalah produk kepedulian knvb terhadap sebuah kompetisi yang profesional.",2.0,2025-07-07 01:28:17+00:00
"masih mending era ibul/edy rahmayadi bisa jalanin piala indonesia liga putri. era et full sponsor/support pemerintah larinya ke timnas doang, itupun yg di tonjolin proyek naturalisasi!",,2025-07-07 04:49:21+00:00
"fokus timnas? emg gapaham dia ternyata, jepang fokus timnas pak, apa yg diperbaiki dulu kalo boleh tanya? naturalisasi terus? wkwkwk, naturalisasi boleh, tp liga diperbaiki dan dijalankan, grass root dipertajam",0.0,2025-07-08 04:27:50+00:00
"buat apa pembinaan usia dini? ribuan potensi anak muda tanpa kesempatan main di liga yang dipenuhi slot asing, timnas yang dipenuhi pemain naturalisasi dan pemain muda tidak diberi kompetisi domestik untuk menunjukkan kemampuan, mau dibawa kemana bibit pemain muda indonesia?",0.0,2025-07-08 15:21:20+00:00
"nanya serius pak arya anggota exco sekaligus ketua ad hoc suporter, kalau naturalisasi pemain timnas itu lewat sd, smp. sma dulu nggak pak ini pesenan pertanyaan dari dan ya pak. saya cuma ngetikin aja. senin saya di sorong pak",1.0,2025-07-10 03:15:36+00:00
"diplomasi bermuka dua indonesia thd rms pemain timnas sepakbola naturalisasi asal belanda opa omanya dianggap pengkhianat, tp kemudian mencari pembenaran menaturalisasi cucu2nya dgn alasan memiliki darah indonesia norak gak gentle sama sekali",0.0,2025-07-11 17:59:07+00:00
naturalisasi untuk kepentingan timnas naturalisasi untuk main di liga super wkwkwk lagu lama,,2025-07-12 02:56:18+00:00
sm boss nye lgi fokus nyari naturalisasi timnas indonesia,1.0,2025-07-13 14:17:08+00:00
mungkin satu atau dua tahun kedepan timnas garuda 80% akan di huni pemain hasil produk liga super indonesia karena pemain naturalisasi bakal mudik main di liga super indonesia setelah gk punya klub di eropa (kecuali di tampung di oxfort united),0.0,2025-07-15 02:59:23+00:00
mungkin kepentingan (timnas) pssi jg 'nitip' pemain naturalisasi u23 di liga super terbaik sejagat raya.. *eh ngke dicarekan deui,0.0,2025-07-16 11:59:52+00:00
lagi musim naturalisasi ....timses ke timnas komisaris ...ketum lah ahli yg menaturalisasi .,0.0,2025-07-16 13:37:37+00:00
udaah ketebakk aowkaowkaow dia akan jadi pahlawan dengan bilang 2 naturalisasi cukup untuk memperbaiki citra dia gara-gara piala presiden yang ga ada presidennya itu. pokoknya ntar klo pemain timnas cidera panjang solusinya cuma satu : cari diaspora lagi,0.0,2025-07-18 08:39:27+00:00
nah bahas grassroot gini lah pak kita bosan bahas naturalisasi pemain timnas. minimnya jumlah pelatih di grassroot sudah disuarakan oleh coach indra sjafrie sejak melatih timnas era evan dimas. tirto,,2025-07-18 09:59:35+00:00
kenapa gak naturalisasi timnas inti belanda aja,0.0,2025-07-18 12:11:22+00:00
"giliran timnas bola lagi mulai naik eh badminton terpuruk, masa iya perlu naturalisasi woi?",,2025-07-18 15:10:12+00:00
"sebelum laga versus arab saudi dan iraq, walaupun 11 pemaintimnas saat ini cedera gak masalah buat erick thohir , stok pemain naturalisasi indonesia itu masih buanyak , bahkan cukup untuk membentuk 5-10 squad timnas",,2025-07-20 03:06:13+00:00
"timnas butuh tukang here we go kayak fab romano. soalnya tiap matchday, ada naturalisasi baru.",0.0,2025-07-20 04:40:28+00:00
"akunmu brandingnya sebagai penggemar sepak bola indonesia (timnas, liga1) dengan sentuhan isu lokal bekasi & opini sosial kasual. rate: 6/10. alasan: post sering bahas bola (naturalisasi, pemain seperti rs9), lalu lintas bekasi, & isu seperti pendidikan/masjid jogokariyan. enggak konsisten, tapi autentik & niche. tingkatkan bio & post rutin buat naik rate!",1.0,2025-07-22 06:29:27+00:00
"sudah susah² naturalisasi malah yg diharapkan jadi penyerang utama timnas memilih uang daripada kompetisi yg ketat, yg bisa mengasah kemampuannya",,2025-07-22 08:31:23+00:00
"di era timnas indonesia penuh dengan naturalisasi instan memang mengalami kemajuan siginifikan di internasional. namun jadi semakin asing untuk mengenal pemain-pemain lokal di kompetisi domestik. dulu, rasanya sangat mudah untuk mengenal nama-nama pemain lokal di setiap klubnya.",0.0,2025-07-24 07:09:04+00:00
"masih dan akan terus belajar! naturalisasi, liga, dan masa depan timnas indonesia",2.0,2025-07-25 09:47:11+00:00
saya berharap ada yang melihat tulisan ini dan menyampaikannya ke bapak erick thohir bahwa saya memiliki usulan agar di semua kategori usia untuk timnas indonesia lebih baik menggunakan pemain naturalisasi dari seluruh penjuru dunia,,2025-07-25 15:33:22+00:00
"apakah kita sudah merdeka? pernah merdeka? atau sebenarnya belum merdeka? apa penjajah yg diusir ternyata bukan penjajah, dan dicinta sebagian orang, bahkan hasil kawin campurnya jadi sasaran naturalisasi timnas sepakbola. sementara penjajah asli masih menindas.",0.0,2025-07-29 23:40:00+00:00
"yes negara asean liga sudah mapan, mereka tambah naturalisasi grade a udah lari kencang pasti mereka",2.0,2025-07-30 01:04:11+00:00
'timnas indo tanpa naturalisasi kasian deh',,2025-07-30 02:35:57+00:00
"kalo jadi isa warps, estella loupatty, iris de rouw dkk apa ga nyesel, ya? udah bagus main di tier 1 belanda belgia, malah naturalisasi main buat timnas yg dikelola amatiran",0.0,2025-08-12 12:16:44+00:00
"hal yg penting seperti ini, kok lama prosesnya, semoga secepatnya bisa disumpah wni. miliano jonathans gagal masuk timnas indonesia lawan kuwait dan lebanon, perkuat u-23 atau proses naturalisasi tak terkejar? lewat",,2025-08-22 00:41:05+00:00
percuma jika di timnas ada pemain kate' sebab kontra produktif dgn program naturalisasi pemain keturunan dari eropa... kata erick thohir usai patrick kluivert panggil 27 pemain timnas indonesia buat lawan kuwait dan lebanon,,2025-08-22 13:11:23+00:00
"polemik pemain naturalisasi pilih pindah ke liga indonesia bla bla bla ini bakal reda dengan sendirinya kalo timnas main bagus dan menang, tapi kalo timnas kalah dan gagal lagi ya siap-siap aja hujatan bakal makin besar.",1.0,2025-08-27 09:38:23+00:00
"setelah menuhin slot timnas, sekarang mulai menjarah slot slot di liga, udahlah slot pemain asing ditambah sekarang slot pemain lokal juga diambil pemain naturalisasi",0.0,2025-08-27 09:38:54+00:00
"timnas indonesia berprestasi, tapi pemain lokal tergusur naturalisasi",0.0,2025-08-27 18:52:32+00:00
gagal lolos ke piala dunia 2026: 1. ganti pelatih timnas 2. bukan harus menghentikan program naturalisasi program naturalisasi hrs berjalan hingga thn 2130 komisi xiii dpr ri timnas indonesia update score bola gibolofficial,0.0,2025-09-01 03:46:00+00:00
"timnas indonesia senior mayoritas diisi pemain keturunan atau naturalisasi. namun, pemain yang lahir dan besar di indonesia—banyaknya muda—tetap jadi mayoritas di kelompok usia. mereka juga pemain muda yang udah reguler di klub masing-masing. liganya jalan, jadi bisa bersaing.",1.0,2025-09-05 14:43:59+00:00
"selama kanjuruhan belum tuntas, susah untuk bangga dengan sepakbola indonesia. timnas kalau berprestasi cukup ikut suka cita aja sama pemainnya. itupun mayoritas naturalisasi, kalo diinget jadi susah untuk bangga dengan sistem liga dan akademi nasional kita.",,2025-09-06 07:38:12+00:00
"ya, saya setuju. naturalisasi pemain seperti shayne pattynama, kevin diks, dan yang terbaru seperti miliano jonathans menunjukkan ikatan sejarah antara belanda dan indonesia dari masa kolonial, menciptakan garis keturunan bersama yang tak sepele. ini memperkaya timnas indonesia.",2.0,2025-09-07 13:47:17+00:00
dia tuh bisa naturalisasi case nya kayak ole gitu kah. mukanya bule banget buat timnas indonesia.,0.0,2025-09-07 14:13:20+00:00
timnas indonesia boleh naturalisasi dri negeri kincir angin akan tetapi soal belajar seni budaya sanggar seni teater lingkar semarang juga kedatangan tamu dari nederland untuk belajar karawitan dan wayang kulit. indonesia nederland teaterlingkar gamelanjawa wayangkulit,1.0,2025-09-09 08:38:44+00:00
"gambaran timnas tanpa program naturalisasi, pembinaan usia muda, perbaikan liga dan tim kepelatihan yang tepat. we never gonna make it in asia, stuck on asean only",0.0,2025-09-09 14:30:27+00:00
"timnas u23 korea juga zero senior players kok. cuma kebanyakan udah banyak menit bermain aja di liga intinya erick thohir gblk. naturalisasi aja terus, grassroot gak dipikirin.",0.0,2025-09-09 15:22:42+00:00
"timnas u-23 yang dulu banyak pemain naturalisasi tembus sampai semi final, sekarang, lolos grup aja kagak. pakai terus deh tuh si hokky yang gak pernah hoki. sudahlah, emang kalian belum mampu menyamakan skill naturalisasi. masih untung ada beberapa pemain lokal yg dipakai.",0.0,2025-09-09 17:53:53+00:00
stop proyek naturalisasi. fokus piala asia dan aff. kontrak coach patrick dan rekan² tidak diperpanjang. lanjutin proyek berjenjang timnas. buat liga putri.,0.0,2025-09-10 11:18:49+00:00
"piala asia dong, timnas di situ harusnya udah mencapai top perform, chemistry para pemain udah solid. beberapa pemain yg saat ini masih muda memasuki usia emasnya. piala asia nanti bisa aja jadi penghakiman buat lanjut atau gaknya program naturalisasi diaspora.",2.0,2025-09-10 12:11:24+00:00
liga sepakbola usia muda. kemampuan itu juga harusnya dimiliki oleh pelatih timnas indonesia kelompok umur supaya mereka gak hanya modal mencomot pemain dari tim muda atau pemain muda tim kasta utama atau modal pemain diaspora berpaspor ganda terbatas atau naturalisasi.,0.0,2025-09-11 09:18:49+00:00
"yang katanya timnas lapis dua ! tanpa naturalisasi, tanpa tc panjang, dan tentunya tanpa drama. timnas bola mana bisa. -",,2025-09-11 14:59:59+00:00
"semoga adik-adik ini yang akan menjadi tulang punggung timnas indonesia 2034. tidak lagi diisi oleh pemain naturalisasi, tapi diisi oleh putra-putri terbaik bangsa dari sekolah sepak bola di indonesia. maju terus sepak bola indonesia! andrerosiade andrerosiadecup",,2025-09-13 07:03:02+00:00
naturalisasi hanya strategi sty menambal kekurangan timnas garuda. toh ada indonesia dalam darah mereka. dari tahun ke tahun pemain dan timnas jadi kambing hitam. saat ini alasan itu tidak dapat diterima. indonesia harus lolos piala dunia 2026! kitagaruda,2.0,2025-09-15 00:46:09+00:00
"tapi kalau dilihat dari sisi pure bola tanpa doi timnas gaakan sejauh ini, liga bakalan stuck kayak 2019, gaada pemain naturalisasi grade kayak diks,zay dll dan grade hubner aja bakalan 50/50 dan yang terpenting, sepakbola indo bakalan di ban dari fifa karena kanjuruhan kemaren.",2.0,2025-09-17 08:37:42+00:00
"et tipikal org suka pakai shortcut. timnas bola ga berpretasi? tinggal rekrut pemain dari belanda. bukannya perbaiki sistem malah cari jalan singkat. bayangkan kalau timnas/atlit dari olahraga lain ga berprestasi lalu tinggal naturalisasi atlit. ibarat main game, pake cheat.",,2025-09-17 10:19:51+00:00
"apresiasi atas policy pak jadikan sbg menpora. buktikan kompetensimu rik utk timnas garuda olga lainnya berjaya di level dunia atau anda hny ahli : 1. naturalisasi, menang pun tdk. 2. bagi2 jabatan komisaris di bumn. 3. foto anda di layar atm bank bumn.",0.0,2025-09-17 11:55:08+00:00
"saya pikir naturalisasi atlet seperti mauro zijlstra dan miliano jonathans bisa memperkuat timnas indonesia, membawa skill baru untuk kompetisi internasional. tapi, sebaiknya diimbangi dengan pengembangan talenta lokal agar berkelanjutan. pendapatmu gimana?",2.0,2025-09-17 17:34:18+00:00
cocok. makin banyak pemain naturalisasi di timnas pssi. cabor lain? yntkts.,1.0,2025-09-18 03:51:41+00:00
"naturalisasi bukan istilah asing di telinga masyarakat indonesia. kemungkinan besar banyak yang bakal menjawab nama-nama pemain timnas sepak bola indonesia kalau mendengar kata itu. tidak salah sebab garuda memang punya banyak pemain naturalisasi, mulai dari jay idzes, sandy walsh, hingga emil audero. tapi, bukan hanya sepak bola, timnas basket indonesia pun juga diperkuat pemain-pemain naturalisasi. baca selengkapnya di link berikut:",1.0,2025-09-18 13:20:44+00:00
"laurin ulrich punya darah indonesia lewat kakeknya yang lahir di surabaya, jadi eligible buat naturalisasi. dia pemain muda berbakat (am, 20 thn) dari vfb stuttgart, lagi dipinjam ke magdeburg. udah main buat jerman u20, tapi katanya nggak nutup kemungkinan bela timnas indonesia. cocok atau nggak tergantung strategi tim & pilihan dia. kalau pssi gercep, bisa nambah kekuatan!",,2025-09-20 06:39:00+00:00
"timnas indonesia makin kuat, sinergi naturalisasi pemain lokal jadi kunci menuju piala dunia",2.0,2025-09-25 03:50:34+00:00
"akankah timnas indonesia terus bergantung pada pemain naturalisasi, atau justru mulai menyiapkan strategi agar pemain lokal bisa lebih dominan di masa depan? bolacomid blgoks timnasindonesia",1.0,2025-09-25 09:13:36+00:00
"pemain naturalisasi timnas indonesia angkat kualitas, pemain lokal wajib tunjukkan taring beritabola timnasindonesia sepakbola timnasday timnas beritasepakbola jumat",2.0,2025-09-26 14:31:48+00:00
"fyi pemain naturalisasi timnas indonesia angkat kualitas, pemain lokal wajib tunjukkan taring nih beritabola timnasindonesia sepakbola timnasday timnas beritasepakbola jumat persebaya",2.0,2025-09-26 14:32:10+00:00
"naturalisasi hadir untuk mengangkat kualitas, tapi pemain lokal timnas indonesia wajib buktikan kalau mereka tetap tunjukan taring! beritabola timnasindonesia naturalisasi",2.0,2025-09-26 14:34:44+00:00
"naturalisasi jadi dorongan besar bagi timnas indonesia, tapi jangan lupa—pemain lokal wajib tunjukkan kualitas agar tak hanya jadi pelengkap. beritabola timnasindonesia",0.0,2025-09-26 15:21:43+00:00
"gw pikir mereka ini fam pasti iri lihat perkembangan timnas indonesia dan pencapaian sejauh ini, dan faktor utamanya juga karna banyak pemain naturalisasi yang keturunan indonesia gabung. lihat tetangga bisa kenapa kita ga bisa mungkin pikir mereka gt, eh taunya main kotor",0.0,2025-09-26 16:32:25+00:00
"mantap!!! naturalisasi hadir untuk mengangkat kualitas, tapi pemain lokal timnas indonesia wajib buktikan kalau mereka tetap tunjukan taring! beritabola timnasindonesia naturalisasi",2.0,2025-09-26 16:58:11+00:00
"just info nih guys, pemain naturalisasi timnas indonesia angkat kualitas, pemain lokal wajib tunjukkan taring nih. beritabola timnasindonesia sepakbola timnasday timnas beritasepakbola",2.0,2025-09-26 17:02:24+00:00
"pemain timnas indonesia harus bisa tunjukkan taringnya, baik naturalisasi maupun lokal! beritabola timnasindonesia",2.0,2025-09-27 07:42:23+00:00
"dipikir proses naturalisasi pemain ke timnas indonesia enggak pernah bermasalah? itu marc klok sama ezra walian apa kabar? bedanya, kita taat aturan fifa.",0.0,2025-09-27 07:50:45+00:00
"knp naturalisasi timnas idn, sukses dibanding mas? ya krn fakta diaspora kt di dunia sgt byk dibanding mas. jd tinggal menjalankan ketentuan yg sdh dibuat fifa, secara jujur transparan. nah sptnya mas, tdk menjalankan naturalisasi ini secara jujur transparan",1.0,2025-09-28 04:42:05+00:00
btw timnas indonesia hampir aja kok naturalisasi pemain brazil yang ga sesuai ketentuan fifa. bersyukur lima pemain itu batal. bayangin kalo itu terjadi wkwk,2.0,2025-09-28 07:46:01+00:00
"ini tuh kaya jaman naturalisasi dulu gasi? yg dinaturalisasi demi kepentingan klub sebenernya, bonus aja bs bela timnas. ngakalin biar msk kuota lokal wkwk soalnya rata2 yg dinaturalisasi ujungnya dikaitkan jdt, kan mencurigakan bgt wkwk",0.0,2025-09-29 13:19:54+00:00
"misi pak , bisa dipertimbangkan untuk naturalisasi penyerang timnas",,2025-10-03 06:42:20+00:00
"jika renard mengkhawatirkan jiwa tim karena naturalisasi. kita sebagai pendukung timnas indonesia justru jauh lebih khawatir tentang jiwa fair play kompetisi itu sendiri, ketika tuan rumah memanfaatkan keunggulan non-teknis secara maksimal. kritik terhadap identitas tim menjadi minor ketika integritas kompetisi dipertanyakan akibat ketidakadilan jadwal serta polemik penunjukan wasit. bagaimana menurut kalian?",,2025-10-08 12:50:47+00:00
"kualitas pemain tambah bagus setiap waktu, tapi jadi begini permainan timnas susah2 naturalisasi pemian intinya malah klok beckam sayuri",0.0,2025-10-08 18:50:39+00:00
jangan-jangan timnas dibuat bagus dengan naturalisasi demi menutupi bobroknya federasi dan kompetisi liga,0.0,2025-10-09 03:44:00+00:00
masih belum percaya dengan keputusan kluivert yang tidak membawa pemain naturalisasi bernama van jokowie. padahal dia satu-satunya striker yang bisa menjebol gawang demokrasi. puzzle terakhir timnas dengan market value 3 periode. kluivertout,0.0,2025-10-09 06:14:02+00:00
"program naturalisasi besar-besaran di tubuh timnas memang benar-benar buah simalakama. di satu sisi mampu meningkatkan kualitas pemain, tapi di sisi lain mengorbankan chemistry tim. keliatan banget di pertandingan kemarin, kerjasama antar pemain blm padu.",0.0,2025-10-09 09:21:22+00:00
"sebagai wni, malu ga ada harga dirinya timnas indonesia ketika menlu belanda minta maaf atas nama pelatih dari belanda. urusannya apa? naturalisasi konyol...",0.0,2025-10-10 07:37:04+00:00
unpopular opinion: pergantian pelatih timnas indonesia dari sty ke pelatih staff asal belanda merupakan tekanan dari knvb ataupun pemerintah belanda sebagai politik balas budi dari pssi ke knvb/pemerintah belanda karena telah banyak membantu dalam proses naturalisasi ...,0.0,2025-10-10 08:30:21+00:00
kok masih ga pada terima kekalahan ya. padahal semua pemain naturalisasi jelek dan semua pemain naturalisasi itu titipan politikus asu. timnas lu berasa tata surya kah,0.0,2025-10-11 03:45:17+00:00
"usulan fifty-fifty bisa jadi strategi bijak untuk keseimbangan tim. namun, prioritas utama tetap pada meritokrasi, di mana talenta terbaik—baik asli maupun naturalisasi yang setia—dipilih demi prestasi maksimal. dukungan penuh 278 juta rakyat akan menguatkan timnas melawan irak, asal semangat kebangsaan menyatu di lapangan.",2.0,2025-10-11 16:27:23+00:00
"tbh, gw sedikit bersyukur timnas gagal lolos ke pildun. biar pssi sadar diri, kalo naturalisasi aja ga cukup dan orang-orang yang berharap dapet “sesuatu” dari timnas akhirnya ga dapet apa-apa",0.0,2025-10-11 21:46:52+00:00
"prestasi tim kepelatihan terbaik : - ga lolos piala asia u-23 pdhal di tim kepelatihan sebelumnya masuk semifinal -ga lolos piala dunia pdhal skuad udah jadi, udah jor joran naturalisasi pemain timnas indonesia mengalami kemunduran timnasindonesia timnas timnasday",0.0,2025-10-11 22:09:22+00:00
"proyek instan: hampir tiap jeda internasional ada pemain naturalisasi baru. kumpulan pelatih “mahal”: dicap tim kepelatihan terbaik, tapi nggak bisa bikin timnas dapat hasil yang lebih baik. instanisasi gagal, balik ke akar: pembinaan, kompetisi diperbaiki, sdm dipintarkan.",0.0,2025-10-11 22:20:43+00:00
rela ga lolos pd demi pemain lokal maen di timnas padahal pemain naturalisasi juga emang org indo yg kebetulan lahir dan besar di luar indo,0.0,2025-10-11 22:42:46+00:00
"...gw gak nonton 1 detik pun match timnas lawan arab saudi irak. dari tahun lalu gw emang dah utarakan bahwa gak kepengen timnas lolos pildun 2026. yg bertanggungjawab ma tragedi kanjuruhan aja gak ada yg mundur/dipecat. so, mampus lah pssi dgn proyek naturalisasi... (``,)",0.0,2025-10-11 23:25:39+00:00
"dua kali kalah timnas dominasi naturalisasi gagal ke piala dunia 2026..jangan saling menyalahkan memang itulah yang mereka bisa btoo.erick .,?",0.0,2025-10-12 00:24:55+00:00
gak ada yang instant di dunia ini bro. naturalisasi adalah kebodohan dalam prestasi sepak bola indonesia. fans timnasday saat ini kluivertout erickout,,2025-10-12 00:25:33+00:00
"terakhir kali pemain timnas indonesia non naturalisasi yg sering shoot tajam ke pojok2 gawang setelah gocek lawan seperti yg dilakukan pemain2 timur tengah itu rasanya boaz solossa ya. setelahnya ada el loco dan beto, tapi keduanya naturalisasi.",1.0,2025-10-12 00:38:56+00:00
nebak aja nih. pemain naturalisasi timnas kayaknya masing2 ada kuota target mainnya. makanya formasi gak pernah ada fix. but still kluivertout,0.0,2025-10-12 00:47:34+00:00
tidak mungkin seorang hamba mengabdi pada dua tuan alhamdulillah timnas belanda cabang konoha tersingkir v5si bukan kendaraan politik stop proyek naturalisasi,0.0,2025-10-12 01:46:24+00:00
"bertahun-tahun sibuk urus naturalisasi: target jangka pendek (lolos piala dunia 2026) gagal didapat, rencana jangka panjang nihil. korbannya lagi-lagi sepak bola indonesia.",,2025-10-12 02:01:44+00:00
"kesalahan erick thohir dalam membangun timnas - memperpanjang kontrak sty dan memecat sty ditengah kompetisi - menambah pemain naturalisasi tiap match - merekrut pelatih berdasarkan bersedia di interview waktu natal - percaya sama omongan arya sinulingga, towel dan coach justin",0.0,2025-10-12 02:11:49+00:00
"""total biaya program timnas era erick thohir mencapai rp800 miliar per tahun untuk seluruh aktivitas, termasuk rp277 miliar dari apbn khusus kualifikasi piala dunia 2026 yang fokus pada persiapan, travel, akomodasi, dan pelatihan. naturalisasi pemain tidak melibatkan pembayaran langsung ke atlet karena sukarela, tapi menambah beban operasional seperti gaji pelatih dan fasilitas. tambah jabatan tak akan ubah hasil; butuh reformasi struktural pssi dan pembinaan usia dini untuk sukses jangka panjang.""",1.0,2025-10-12 02:48:49+00:00
"sejak pertama dilatih si patrick timnas gak ada majunya, pemain naturalisasi sdh nambah tapi main lawan tim peringkat diatas indonesia gak pernah menang tapi banyak kalahnya gak punya taktik yang cerdas,sejak sty diganti sepak bola indonesia kacau ,piala asia gagal, pildun jauh",0.0,2025-10-12 03:23:19+00:00
"saran saya, sebaiknya mundur dari jbtn ketua .program naturalisasi mu yg mngandalkan pemain eredivisie belanda sbg pilar timnas telah gagal.talenta2 di ku yg bercita2 masuk timsenior tertutup olh programmu yg jahat ini. mundur.",0.0,2025-10-12 03:45:03+00:00
"jujur udah ga pernah nonton timnas dan ikut euforia semenjak liat isi timnas bulai semua. federasi gagal total dengan ambil naturalisasi sebagai jalan pintas, liga lokal ga diurusin, federasi malas! timnas itu bentuk nyata mental kita inlander bahkan walopun sudah 80 merdeka",,2025-10-12 04:30:53+00:00
timnas indonesia tidak akan melangkah sejauh ini lagi dalam kualifikasi piala dunia berikutnya kecuali kuota negara perwakilan asia ditambah oleh fifa. knp? krn naturalisasi akan diikuti oleh negara lain. indonesia hanya perintis tp yg maju negara lain yg mengikutinya.,0.0,2025-10-12 04:52:53+00:00
"timnas indonesia gagal ke piala dunia, lantas erick thohir bilang minta maaf, enak betul, dah mengabaikan pembinaan dengan naturalisasi nya, apakah pembinaan dijalankannya, tentu tidak, lalu selanjutnya akan seperti ini dengan janji janji manis ala kacung jokowi",0.0,2025-10-12 05:04:33+00:00
"bukan sty bukan pk. semua ada andil masing2, tanpa sty timnas mungkin ga bakal cetak sejarah yang membuka jalan naturalisasi besar2an, tanpa pk mungkin om simon, dean, kevin, joey, miliano, mario, belum mau berpihak ke timnas, dan jadi regenerasi naturalisasi.",2.0,2025-10-12 05:30:31+00:00
males nonton timnas sejak coachnya diganti. dgn sty setidaknya ada perencanaan dan proses jangka panjang. setuju2 aja dgn naturalisasi tp begitu ngeliat cuma 1 pemain homegrown yg maen ya sedih juga. keliatan bgt muatan politiknya dan pingin hasil instan.,0.0,2025-10-12 06:00:22+00:00
"gw salut banget sm blio, bcs of karna sbnrny kalo ga naturalisasi pun sgt bisa kepanggil di timnas walanda",2.0,2025-10-12 07:17:33+00:00
absurd disebut timnas indonesia pemainnya naturalisasi semua,0.0,2025-10-12 08:38:08+00:00
"stlh tersingkirnya timnas garuda di qwc 26, harapannya stop naturalisasi pemain keturunan dulu. ada waktu sekitar 2 th menuju afc 2027, bisa dimanfaatkan untk mmbngun kemistri strategi yg lebih baik lagi. kalo iya benar adanya, timnas 2027 akan jd timnas menakutkan di asia.",,2025-10-12 08:42:46+00:00
"tapi menurut penilaian pribadi, timnas bisa ke round berapa ini, bukan karena pembinaan tapi karena naturalisasi dan tangan dingin sty. jadi bukan prestasi yg perlu gue ucapkan selamat.",0.0,2025-10-12 09:12:33+00:00
ngobrol sm temen yg sgt paham soal sepak bola dan paham soal timnas. gw nanya soal naturalisasi. iming2 yg ditawarkan salah satunya fanbase di mana ketika di klub/negara awal mrk yg dinaturalisasi tdk pny itu. masuk akal bgt.,1.0,2025-10-12 09:17:55+00:00
"warga asli yang lahir di indonesia dipaksa mendukung negara dengan tulus ikhlas. bahkan dipertanyakan ke-indonesian-nya jika mereka merupakan keturunan. sedang, pemain timnas nasionalismenya berbayar hasil naturalisasi. lucunya negeri ini. ha ha ha. cc",0.0,2025-10-12 09:36:51+00:00
"naturalisasi pemainan timnas itu ga gratis. ibarat barang, kita beli produk jadi terus dikasih label merah putih nasionalisme. mirip kayak esemka, onderdil hasil impor, dikutak-kutik sedikit, terus dibilang karya anak bangsa. lucunya negeri ini. cc",0.0,2025-10-12 09:43:20+00:00
"pssi emang bangsat abis, proyek instan naturalisasi tiap jeda kayak lagi belanja di shopee, tapi timnas tetep ambyar gak ada hasil. pelatih impor mahal gila, dicap terbaik tapi gak bisa bikin gol lebih dari jempol, mending hemat duitnya buat beli bibit lokal. gagal instan, balik ke akar dong: perbaiki kompetisi berantakan, pintar sdm yang bego, jangan sok cepet kaya tapi kosong isi!",,2025-10-12 12:19:57+00:00
coba kalian cek di transfermarkt para pemain naturalisasi dari timnas negara-negara yg tidak menganut dwi kewarganegaraan pasti bendera negara sebelumnya tetap tercantum.,1.0,2025-10-12 13:26:53+00:00
"kalau jujur mau membangun sepak bola indonesia, dia ga akan jor-joran melakukan program naturalisasi. naturalisasi itu proyek jalan pintas/instan dia utk maju pada 2029. dia tahu apa yang harus dia perbuat di luar naturalisasi. dia khatam soal sepak bola!",0.0,2025-10-12 14:30:44+00:00
"perlu peningkatan build-up dari belakang. 5 opsi pengganti ideal kluivert: 1. shin tae-yong: mantan pelatih, paham skuad & budaya, sukses bawa kemajuan sebelumnya. 2. park hang-seo: sukses vietnam, ahli taktik defensif & pengembangan talenta asia. 3. luis milla: eks pelatih indonesia, fokus teknik & possession, cocok komposisi campuran. 4. herve renard: pengalaman asia (saudi), kuat mental & strategi kontra kuat. 5. indra sjafri: lokal, spesialis pemuda, bisa integrasikan talenta domestik dengan naturalisasi.",,2025-10-12 17:12:49+00:00
iya gpp deh iya kita apresiasi timnas berprestasi karena pemain naturalisasi usahanya yang mulia erick. tp balikin lagi sty dong.,,2025-10-12 17:45:23+00:00
"ambisi politiknya di sepakbola gagal total karna blundernya juga. waktu jdi menteri bumn gak ada prestasinya malah kerugian yg ada, trus membanting tulang di pssi dgn melakukan pemain² naturalisasi, mgkin hanya timnas indonesia naturalisasi yg paling banyak dlm sejarah, gatot..!",0.0,2025-10-12 23:56:03+00:00
"siapaaaaa kitaaaaa!!! londo londo!!!! naturalisasi kok sekampung londo digowo kabeh!!! bebenah dari a hingga z. kok masih sama penyakitnya. dari alif hingga yak.. kok samimawon. ga malu tah sama timnas kamboja,laos, jahe kencur, kunyit, sereh londo keok",,2025-10-13 01:10:50+00:00
"kedalaman skuad timnas indonesia sekarang lebih baik daripada 2017, dengan tambahan pemain naturalisasi seperti emil audero, dean james, dan joey pelupessy, plus talenta muda seperti ragnar oratmangoen dan marselino ferdinan. ini beri opsi lebih banyak di berbagai posisi. soal milla, performanya dulu campur aduk (1,33 poin/laga), tapi dengan skuad lebih kuat, dia bisa lebih baik jika diberi waktu. tapi sulit prediksi pasti, tergantung adaptasi. kamu pikir gimana?",2.0,2025-10-13 01:30:48+00:00
"jadi apa ini, apa yang dikerjakan petrik buat timnas indonesia lawan irak, jangan jawabannya irak di atas, bukan itu, kan kita akselerasi lewat naturalisasi, dengan materi yang dikasih apa yang bisa dikerjakan petrik ini.",0.0,2025-10-13 02:12:10+00:00
"jalan pintas ke pentas piala dunia yang bernama 'naturalisasi' itu ternyata gagal ! - bukan anti, hanya kadang liatnya anehnya aj, liat pemain timnas bule, malu ati, mereka tu bukan kita banget..",0.0,2025-10-13 03:59:28+00:00
"netizen indonesia, saatnya tinggalkan perilaku childish yang hanya merugikan timnas sendiri. serang orang tak terkait seperti shane kluivert tak menyelesaikan masalah naturalisasi atau performa tim, malah bikin citra buruk global. pssi dan pemimpin seperti erick thohir bisa bantu dengan kampanye kesadaran: edukasi fans fokus dukung pemain, bukan hujat keluarga lawan. mari bangun komunitas sepakbola dewasa untuk garuda maju.",2.0,2025-10-13 06:27:31+00:00
"maksudnya bgmn.?timnas garuda full pemain impor eredivisie belanda,sedangkan skuad iraq adalh pemain lokalan. mestinya timnas menang, hanya kurang beruntung.naturalisasi tdk ada manfaatnya.",0.0,2025-10-13 07:19:50+00:00
"memang benar, percepatan melalui naturalisasi itu dilakukan krn momentum nya pas. tp tdk seharusnya masalah2 internal di pembinaan dan kompetisi domestik dikorbankan dgn alasan satu per satu dimulai dr timnas. harusnya bisa paralel.",0.0,2025-10-13 07:49:37+00:00
"haha, bener banget! guinea khatulistiwa vs zamrud khatulistiwa—hampir mirip, tapi beda benua. kalau bisa naturalisasi yamal buat indo, timnas auto juara piala dunia! siapa lagi yang punya nama mirip indo? mbappe? (m'bappe = mbak pe? )",2.0,2025-10-13 09:02:57+00:00
"baiklah, sebagai rakyat indonesia, awak pasti bangga dengan pencapaian timnas baru-baru ini. tapi, gunakan pemain naturalisasi secara berlebihan boleh hilangkan akar asli dan jiwa kebangsaan, seperti curi shortcut yang rapuh. lebih baik bina talenta lokal untuk kejayaan tahan lama, daripada bergantung import—apa kata awak sebenar?",,2025-10-13 09:17:15+00:00
"terserah kamilah atau siapa pun, tapi mengandalkan naturalisasi berlebih cuma tambal sulam sementara. bangun fondasi talenta lokal melalui akademi dan pembinaan pemuda itulah kunci kejayaan berkelanjutan. kalau tak, timnas bakal rapuh saat pemain import hilang—bangga sesaat, tapi akarnya kosong. apa rencana jangka panjang indonesia sebenarnya?",0.0,2025-10-13 09:22:40+00:00
kualat sm opa oma pemain naturalisasi cucu2nya dijadikan pemain timnas tp status opa omanya yg dituduh pro belanda gk direhabilitasi,0.0,2025-10-13 10:07:44+00:00
"timnas lain ga lolos pildun move on, cetak generasi bagus lagi dari pembinaan usia dini, indo bingung soalnya pemain naturalisasinya udah pada tua yang jago jago, mau naturalisasi lagi udah abissss",,2025-10-13 17:13:31+00:00
"sty diganti pk kan dg premis utk memperbesar peluang lolos. skrg gagal, koq ngungkit2 sty. dinilai sbg kemunduran krn pk ga bikin permainan timnas jd lbh bagus, padahal udh ada tambahan striker naturalisasi (permintaan sty).",0.0,2025-10-14 02:30:04+00:00
"timnas indonesia senior jangka pendek naturalisasi karena pemain lokal belom ada berkualitas, yang ada berkualitas marcellino, riski ridho,jangka panjang pemain berbakat usia dini juara piala dunia gothia cup sekolahin lagi asa belajar bermain bola dewasa ga menurun bermain bola",0.0,2025-10-14 05:21:56+00:00
"kalau sampai timnas lolos di piala dunia, maka erick thohir dan patrick sangat hebat! karena dengan biaya murah, membeli (naturalisasi) pemain asing yang bukan kualitas kelas dunia, tapi bisa lolos piala dunia.. video selengkapnya: tidak lolos piala dunia? erick thohir dan kluivert, lebih hebat dari tim real madrid",2.0,2025-10-14 11:17:24+00:00
"udah bener lu mees waktu itu mending bertahan aja sama timnas belanda, padahal lu masih punya potensi malah nerima tawaran naturalisasi, udah playstyle nya kurang cocok, mees tipikal bek agresif yang biasa main terbuka gak cocok sama timnas indonesia yang cenderung main deepblock",0.0,2025-10-14 12:44:28+00:00
"nonton ini masih kerasa bgt timnas indonesia nya, walopun udah ada beberapa naturalisasi tapi tetep lumayan dominan di lokal nya",2.0,2025-10-14 15:16:03+00:00
gw pribadi proyek naturalisasi timnas indonesia yang mayoritas diisi pemain belanda gagal total !!!! sudah saatnya stop naturalisasi,0.0,2025-10-15 01:24:36+00:00
"cape verde juga menggunakan program naturalisasi untuk pemain timnasnya. tapi, ada pembeda yang bikin timnas tersebut akhirnya bisa lolos ke piala dunia 2026, yaitu konsistensi dengan pelatihnya. inibaruid",,2025-10-15 04:35:24+00:00
"ini bahas risiko naturalisasi mees hilgers ke timnas indonesia. kalau dia merasa difitnah tokoh politik dan balikin paspor indo, media belanda bakal ramai, lalu knvb bisa tutup pintu naturalisasi pemain belanda lain buat lindungi hilgers. skenario terburuk: pssi kehilangan opsi talenta eropa serupa.",,2025-10-15 04:41:47+00:00
ivankovic adalah kandidat terbaik. kalian bayangkan dengan timnas china yang kualitas pemain nya paling rendah tapi ivankovic berhasil 3x menang di grup neraka grup c. sebagai perbandingan sty cuma menang sekali dan kluivert cuma menang 2x dan itupun full naturalisasi eropa.,,2025-10-15 07:25:03+00:00
"bagus banget… kita harus dorong semoga menteri jg boleh wna, wapres boleh wna, presiden jg boleh dong.. masa timnas aja naturalisasi semua tapi yg dituduh antek asing cuma pendemo",0.0,2025-10-16 00:27:55+00:00
"momentum sepakbola indonesia itu bisa dimulai di piala dunia u17, lolos melalui babak kualifikasi dgn hasil cukup baik, pemain mayoritas hasil binaan dlm negeri bkn naturalisasi, pelatih mantan pemain timnas tapi minim dukungan dan perhatian, bulan depan lho eventnya",2.0,2025-10-16 02:59:07+00:00
"pastoor aja naik jadi pelatih. awal pilih patrick karena et akomodir pemain naturalisasi yg mayoritas dari belanda dgn alasan tak perlu adaptasi lagi, tapi pilihlah yang kompeten dan terbukti by data. strategi timnas kalau lawan berat main menunggu dan counter, pastoor cocok.",,2025-10-16 05:48:56+00:00
"berdasarkan analisis kondisi timnas indonesia pasca-gagal lolos piala dunia 2026, dengan skuad campuran lokal dan naturalisasi yang butuh rebuild mental serta taktik, shin tae-yong cocok karena rekam jejaknya sukses membangun tim ini sebelumnya. alternatif: erik ten hag, ahli strategi dan pengembangan pemain muda.",,2025-10-16 06:12:02+00:00
"menurut saya, shin tae-yong layak dipertimbangkan lagi sebagai pengganti patrick kluivert. ia punya pengalaman sukses dengan timnas indonesia sebelumnya, paham pemain lokal dan naturalisasi. opsi lain: luis van gaal untuk gaya belanda, atau pelatih lokal seperti indra sjafri untuk pengembangan talenta muda. pssi perlu fokus pada visi jangka panjang.",2.0,2025-10-16 06:16:50+00:00
"pemain naturalisasi dan pragmatisme di tubuh timnas indonesia sepak bola indonesia butuh waktu, bukan jalan pintas. sebab sepak bola, lebih dari sekadar olahraga, ia adalah cermin perihal siapa kita sebagai bangsa",2.0,2025-10-16 07:06:26+00:00
"pak erick tohir juga harus out sebagai pertanggung jawaban atas kegagalan keputusannya. selain terlalu instan mengandalkan naturalisasi sampai stok tumpah2, liga 1 jg tidak diperbaiki. ini bisa jadi bumerang untuk timnas indonesia dan masa depan sepak bola indonesia.",0.0,2025-10-16 11:14:14+00:00
"harusnya bapak mundur saja,demi kemajuan sepakbola kita.. pssi isinya org² yg gk pingin timnas kita jago..percuma ada naturalisasi..",0.0,2025-10-16 12:15:19+00:00
"proyek timnas garuda awalnya emang nggak main-main, proyek prestisius, pride of nation : -rekrut tim kepelatihan yg pro. -perbaikan stamina fisik pemain -perbaikan skill passing -naturalisasi pemain -infrastruktur stadion -jadwal friendly match -akomodasi yg lebih baik",2.0,2025-10-16 14:07:01+00:00
"intuisi anda tentang keseimbangan pemain naturalisasi dan lokal memang relevan, karena timnas butuh talenta terbaik tanpa mengorbankan semangat nasional. pssi sebaiknya evaluasi strategi 50-50 seperti saran anda untuk hasil optimal jangka panjang. fokus pada pengembangan pemain wni muda agar tak bergantung sepenuhnya pada impor bakat.",,2025-10-16 14:22:50+00:00
"fans timnas gak ada yg pengin ngelayangkan gugatan class action ke pengadilan utk minta pertanggungjawaban kepada ketum pssi perihal pembiayaan proyek naturalisasi dan pergantian tim pelatih nih???? kalau ndak ada, kalian memang menyedihkan.",,2025-10-16 14:55:25+00:00
"saatnya menaturalkan kembali sepak bola indonesia. percuma kompetisi disemua umur di galakkan, kl akhirnya timnas senior berisi 11 pemain naturalisasi. 4 pemain saja sdh byk..bos",0.0,2025-10-16 18:42:12+00:00
"gila-gilaan naturalisasi, masih gagal ke piala dunia! apa yang salah di pssi? 30 pemain asing sudah dinaturalisasi di era erick thohir demi memperkuat timnas indonesia. tapi setelah dua kekalahan beruntun, proyek besar ini justru berakhir pahit, garuda gagal terbang ke piala dunia 2026. apakah naturalisasi pemain benar-benar solusi, atau justru jalan pintas yang membuat sepak bola indonesia kehilangan jati diri? dalam the editors kali ini akan dibahas secara mendalam kebijakan naturalisasi besar-besaran di bawah kepemimpinan erick thohir, kegagalannya membawa timnas lolos ke piala dunia, serta pandangan pengamat sepak bola anton sanjoyo yang menilai langkah ini “gila-gilaan dan tidak menyentuh akar masalah.” kami juga menyoroti dampaknya terhadap regenerasi pemain lokal, kesempatan bagi talenta muda, dan bagaimana mentalitas instan di tubuh pssi bisa menghambat kemajuan jangka panjang. timnasindonesia naturalisasi erickthohir pialadunia2026 sepakbolaindonesia",0.0,2025-10-17 04:31:19+00:00
"kalo louis van gaal jadi pelatih timnas indonesia gua yakin yang kena mental pemain timnasnya, soalnya kurang cocok buat mental orang indonesia, walaupun para pemainnya kebanyakan naturalisasi belanda",0.0,2025-10-18 04:41:09+00:00
"ttp terbaik utk timnas sty, sudah faham karakter pemain asia. jepang aja di latih pelatih lokasi bisa ngalahin jerman, spanyol bahkan brazil. sty bersama timnas indonesia jg bisa spt jepang dan korsel. soal pemain naturalisasi, sty sudah buktikan nukangi mereka dg ciamik",2.0,2025-10-18 11:30:17+00:00
"timnas indonesia lebih condong ke diaspora daripada bule murni. mayoritas pemain naturalisasi seperti sandy walsh, thom haye, atau jay idzes punya garis keturunan indonesia (orang tua atau kakek-nenek), sehingga memenuhi syarat fifa via ancestry, bukan impor asing tanpa hubungan darah. strategi ini efektif naikkan level timnas, meski tetap ada kritik soal identitas lokal. bule tanpa ties seperti kasus minor, fokus utama diaspora untuk talenta eropa.",,2025-10-18 16:21:26+00:00
indonesia termasuk menyelaraskan tim kepelatihan timnas indonesia sesuai dengan filanesia setelah sebelumnya berbeda 180°. lalu dia di kritik karena kebijakan naturalisasi yg menjadi satu² nya kebijakan populis yang mengamankan masa kepengurusan nya dari tekanan publik yang gak,,2025-10-19 05:26:29+00:00
bapak sjafrie sjamsoeddin bapak menteri pertahanan indonesia terhormat bilangin sama bapak erick thohir pelatih timnas indonesia u23 coach bojan hodak luka mintak 8 pemain keturunan darah indonesia baru di naturalisasi dan jadi wni bela timnas indonesia dapat ktp ri paspor,1.0,2025-10-19 07:30:02+00:00
"ini timnas indonesia. gambar itu nunjukin klub-klub tempat pemain mereka main, seperti maarten paes di fc dallas, justin hubner di wolves, jay idzes di venezia, dan lain-lain. level impossible karena campuran pemain naturalisasi!",1.0,2025-10-20 20:58:18+00:00
sejauh ini ya (maaf kalau salah) pemain timnas yang dulu main di belanda squad under age dan ingin main di timnas indonesia (sejak lama) yang aku tahu cuma sandy walsh dan verdonk. yang kasihan mereka berdua bingung mau mengajukan proses naturalisasi keturunan kemana,1.0,2025-10-21 02:25:37+00:00
"trial timnas. kaya klub aja ya, trial dulu, cocok baru dikontrak dengan naturalisasi...",1.0,2025-10-21 06:13:49+00:00
setelah gagal total natiralisasi timnas kini wowo obok2 pimpinan bumn dengan naturalisasi keblingernya.. waspadalah.. penjajah kini leluasa masuk tanpa peperangan.. perjuanganmuberatkarnamelawanpengkhianat ghustisampunwayae,,2025-10-21 10:20:04+00:00
gini logikanya: pemain naturalisasi ini di negaranya ga layak masuk timnas mereka krn kualitas mereka jauh di bawah standar. nah apa mungkin pemain bola dgn kualitas seperti ini bisa bawa timnas indonesia ke piala dunia? bahkan jika pep guardiola pun jadi pelatih ga akan bisa.,0.0,2025-10-22 05:55:55+00:00
"sdhlah sty jgn pikirkan timnas.kisah sty sdh berlalu. biarkan mncari pengganti patrick kluivert, utk latih akamsi.biarkan para naturalisasi eredivisie pulang ke negara asalnya. kita bina akamsi allout. harus bisa, harus bisa dan pasti bisa.",0.0,2025-10-22 23:53:25+00:00
"si et gajelas banget dah. dengan lu gak ngadain fmd buat timnas senior, bukannya bakal bikin pemain naturalisasi ragu ya? jadi proyek jangka panjang yg lu janjiin tuh apa? malah katanya rubah target pildun jadi ke tahun 2034? buset keburu tua itu para pemain etout erickout",0.0,2025-10-24 09:47:27+00:00
"kemaren katanya 2030 mundur lagi 2034. udah khianatin suporter, drama fitnah pelatih sekarang yang dia kecewain mimpi pemain timnas, apalagi naturalisasi yang mau bergabung dulu pas harapan masih ada. verdonk sia-sia banget air matanya kemarin. welcome guys to dark era",0.0,2025-10-24 10:14:36+00:00
"untuk lolos ke piala dunia 2034, timnas indonesia bisa fokus pada: 1. pembinaan pemain muda melalui akademi dan kompetisi usia dini. 2. naturalisasi pemain keturunan berkualitas untuk perkuat skuad. 3. tingkatkan kualitas liga 1 agar pemain lokal lebih kompetitif. 4. kerja sama internasional untuk friendly match dan pelatih top. 5. manfaatkan slot afc yang bertambah (8-9 tim asia). dengan blueprint pssi dari erick thohir, konsistensi dan dukungan pemerintah kunci. semangat garuda!",2.0,2025-10-24 11:35:55+00:00
sejauh ini blm nemu pemain naturalisasi baik timnas putra/putri yang roots nya dari banten,1.0,2025-10-24 23:57:47+00:00
"timnas akan segera dibentuk. terdiri pemain nasional akamsi yg berada di berbagai u. merekalah yg akan dicoach allout. pemain eredivisie naturalisasi sdh pulang semua ke negaranya masing2.akamsi: marselino,rizky r,ricky kambuaya,beckham putra, egy mv,witan,nadeo",1.0,2025-10-25 22:23:24+00:00
orang sini taunya orang cina ya orang cina. mana lah terpikir imigran atau naturalisasi (macam timnas aja) indonesia belum merdeka pun mereka udah ada kan,,2025-10-26 12:42:48+00:00
"kau tau tau hukum indo? elkan baggot itu tidak ada naturalisasi dari awal. dia dwi kewarganegaraan terbatas sebelum usia 21 tahun, paspor indo dan england. setelah umur 20 dia memutuskan paspor indo karena membela timnas indonesia. dia pure keturunan indonesia england.",,2025-10-27 23:31:53+00:00
timnas indonesia diprediksi di tahun 2026 sudah mulai terlepas dari permasalahan ini (masalah kebugaran) karena kita sudah melakukan naturalisasi dari tahun 2023. cuma untuk pemain baru pasti akan sulit dan butuh beradaptasi dulu.,2.0,2025-10-28 01:49:21+00:00
program naturalisasi hrs berjalan s/d thn 2130 spy posisi timnas indonesia di 16 besar afc naturalisasi berikut: dean zandberger demyan oosterhuis luca blondeau sacha deighton deston hoop feike muller jona gaselink ratu tisha destria,0.0,2025-10-28 01:56:39+00:00
kamu emg naturally funny gini atau emg naturalisasi timnas,1.0,2025-10-28 10:20:55+00:00
tembus rank 100 fifa bukan target dipaksakan tapi disiapkan naturalisasi mulai dari timnas u-17: feike muller eizar jacob lionel de troy floris de pagter noha pohan jona gaselink azadin ayoub deston hoop nicholas timnas indonesia,2.0,2025-10-29 05:54:20+00:00
"pdhl pemain2 ini di naturalisasi ya krn memang mereka berkarir di eropa + main di liga eropa yg levelnya berbeda dgn pemain liga indo. kalo gak begitu ya gak bakalan di proses naturalisasi buat timnas kan? comot aja pemain di liga lokal, eh klub2 liga lokal ini (1)",2.0,2025-10-30 15:56:11+00:00
"menurut gue, shin tae-yong paling cocok balik lagi ke timnas indonesia. dia udah paham banget sama pemain-pemain naturalisasi dan bawa tim lolos ke piala asia 2023. kalo mau opsi lain, giovanni van bronckhorst bisa jadi pilihan bagus dengan pengalaman eropanya. tapi prioritasin yang kenal kultur sepak bola indo dulu deh!",,2025-11-01 06:31:49+00:00
"banyak, apalagi pemain timnas sebelum era naturalisasi, hampir semua nyebut nya pake 2 kata.",1.0,2025-11-01 06:37:07+00:00
ga boleh gitu. timnas indonesia tanpa naturalisasi cuma peringkat 170 an. dibanding arab udah beda 100 peringkat. memang masih jauh kualitas nya,0.0,2025-11-02 09:13:46+00:00
gayanya mereka iq tinggi buat ngakalin aturan. kalah sama indo yang patuh. ezra klok sudah naturalisasi bahkan tetep harus nunggu lama untuk debut di timnas karna belum 5 tahun walau beneran ada keturunan indo,,2025-11-03 15:08:36+00:00
"anak-anak indonesia bermain sepakbola menggunakan buah kelapa, itu yang harus dilatih dan diarahkan, bukan malah naturalisasi para bule-bule lemah masuk timnas. video selengkapnya sty balik? kerjanya hanya beli pemain bule? apa hebatnya?",0.0,2025-11-04 01:22:58+00:00
"tuh akun kasi kritik ke eliano, rafael struick, dan jens raven yg sudah pilih main di susperleague padahal umur masih muda gak? kalo kagak berarti jelas akunnya penyepong pemain timnas naturalisasi final mampus",0.0,2025-11-04 02:26:00+00:00
wkwkw kemarin niru erick thohir gimana cara buat timnas jadi jago? pakai naturalisasi sekarang niru gimana cara memperbaiki citra nama? pakai buzzer anjir sesat et,0.0,2025-11-04 14:17:58+00:00
"dengan formasi 3-4-3. ketika 2 gelandang diisi pemain lokal gak nendang. mungkin karena di akademi, terbiasa pakai 3 gelandang. tapi pas timnas senior 2 gelandang masih bisa compete karena 2 gelandang tsb diisi pemain naturalisasi",0.0,2025-11-05 03:13:07+00:00
"waktu struick ke dewa di bilang sama fai federasi harus hati hati dalam memilih pemain naturalisasi pas haye ke liga indonesia malah mengatasnamakam supporter timnas yg kecewa. akun itu mah standar ganda, rekanan udahsalaman sama nusbel.",0.0,2025-11-05 08:23:57+00:00
"belanda yg jajag kita berabad aja dianggap sodara jauh ama orang kita,malah kmren make orang belanda jdi pelatih timnas dan naturalisasi beberapa orang",0.0,2025-11-05 22:30:04+00:00
dukung timnas semenjak naturalisasi selebgram kan? wkwkwk l football knowledge,,2025-11-06 14:25:55+00:00
"momentum sudah hilang dan karier politik king erick sudah tamat! ga punya blue print pembinaan, infrastruktur dan kompetisi cuma mengandalkan proyek naturalisasi dan timnas senior malah blunder. ego yg selangit menyingkirkn sty tp rekrut pk krn datang di hari natal bukan krn cv",0.0,2025-11-06 16:21:02+00:00
"serius ciro mau naturalisasi?? gakebayang kalo naturalisasi pas thn 2019an, mungkin gacor di timnas sumber: transferliga1",,2025-11-07 03:44:29+00:00
target itu perbaiki liga sekelas liga eropa tier 2 timnas itu hsl dr liga ... bkn hsl naturalisasi masih mimpi aja .. jd capres,0.0,2025-11-07 06:05:58+00:00
"iya bener, karena mau menaikan timnas tapi asal naturalisasi doang..",0.0,2025-11-07 11:19:12+00:00
cocok sekali untuk timnas daripada ambil-ambil naturalisasi.,,2025-11-07 12:32:07+00:00
"cok. hancok,kenapa patrick kluivert tidak panggil tuh orang..yakin lolos pildun tanpa perlu pemain naturalisasi,ini harusnya bisa jadi panutan sepak bola indonesia lho kedepan!",0.0,2025-11-07 14:52:04+00:00
"kak..maaf nih bkn apa-apa. murid pep guardiola klo megang tim yg semi pro lwn tim epl ya jelas kalah kak. yg bisa diharapkan kita ya ke federasi. apa mereka cmn ngandelin pelatih, naturalisasi, timnas tanpa adanya sistem, blueprint, ekosistem, pembinaan?",0.0,2025-11-07 16:36:24+00:00
"yah kena pecut kita. tpi semoga federasi sadar, sistem, pembinaan, ekosistem, itu bagian dri sepakbola. negara byk pulau tpi asprov kyk gk disuruh kerja. federasi klo modal timnas sama naturalisasi mending gk usah ngurus bola. ngurus gundu aja. biar bisa jitak kepala lu pada.",,2025-11-07 16:44:05+00:00
"antek asing pala kau. klo gitu kenapa lo bikin undang yg mengizinkan wna pegang bumn? antek asing, jadi pemain naturalisasi timnas itu antek asing juga kan? gimana cb wowo?",0.0,2025-11-09 02:30:55+00:00
wkwkwkwkwwk project naturalisasi timnas indonesia di masa depan yg cerah,2.0,2025-11-09 08:14:20+00:00
"jangan diaborsi kak, bisa jadi project naturalisasi timnas indo",0.0,2025-11-09 11:39:54+00:00
"jangan digugurkan. biar bisa membela timnas tanpa naturalisasi, di masa mendatang.",,2025-11-09 14:10:08+00:00
"yah risiko, buat yg lain ati2, tapi mayan biar calon pemain timnas nggak usah di naturalisasi ato minimal penyanyi dah",0.0,2025-11-09 15:18:44+00:00
siap naturalisasi timnas,1.0,2025-11-09 16:48:08+00:00
timnas butuh naturalisasi asline,2.0,2025-11-09 18:53:35+00:00
"skrg et jujur aja, naturalisasi pemain2 kmrn itu dikasih duit apa ga? klopun dikasih duit, berapa besarnya dan duit siapa? soalnya timnas jaman et ini udah dijadikan kaya klubnya sendiri, main pecat pelatih tb2, naturalisasi pemain tb2.",0.0,2025-11-10 00:08:52+00:00
"yes setuju..lagian mencla mencle sih kalo ambil pelatih karena liat pencapaian di liga lokal..lha pemain timnas nya aja setengah lebih main di eropa..pssi sendiri yg bikin backbone timnas itu pemain naturalisasi yg main di eropa, kok nyari pelatih dari liga lokal",0.0,2025-11-10 05:00:37+00:00
"naah dapat pemain timnas tanpa naturalisasi ,ide cemerlang ...",2.0,2025-11-10 05:30:58+00:00
jangan digugurin kak. lumayan kakak punya anak blesteran bule. nanti bisa main utk timnas indonesia jalur naturalisasi ibu asli wni. semangat ngentotnya lagi kak. bikin yg banyak ya,0.0,2025-11-10 05:35:11+00:00
"jka ketum orng2 pssi gk blunder ya gak bakal kek gni,mreka mikirnya asal peltih siapa saja pasti berhasil bawa timnas ,krena orng2 di pssi udah jumawa dgn timnas dgn alasan naturalisasi pemain yg bsa dbilang lmyan. eh gk taunya malaj bkin tim amburadul",0.0,2025-11-10 05:50:09+00:00
"kabayang lamun beneran bojan, terus amuk2an di locker room terus pemain naturalisasi anu maen di yurop teu tarima dibentak2 karena merasa hebat ujung2na curhat di medsos. bakal beak tah bojan ku suporter timnas, komo ku kaum rahim anget anu fanatik ka pemain tertentu",0.0,2025-11-10 11:32:29+00:00
"stop naturalisasi, ini anak anak muda berbakat yang akan jadi pemain masa depan timnas indonesia",0.0,2025-11-10 16:40:35+00:00
"sty juga manfaatin naturalisasi sebagai booster, tapi dia bangun fondasi taktik elite yang bikin indo lolos 16 besar asian cup pertama—hasil historis tanpa bergantung full impor. hodak hebat di klub lokal, tapi zero pengalaman timnas senior berarti risiko tinggi buat level kontinental. fokus impact nyata: sty naikin ranking fifa indo ke 134, hodak belum tes di arena besar.",2.0,2025-11-11 02:01:15+00:00
"terima kasih! aff 2020 runner-up memang hasil sty dengan skuad lokal dominan, sebelum naturalisasi masif. lolos asian cup 2023 (pertama sejak 2007) dan 16 besar itu fondasi taktiknya yang elite, naikkan ranking fifa indo drastis. hodak kuat klub, tapi nol pengalaman timnas senior berisiko buat target kontinental—fakta prioritas impact nyata.",2.0,2025-11-11 02:08:32+00:00
"apa yg kamu harapkan dari org yg rakus jabatan, udah mah cuma bisa sat set naturalisasi doang, yg lainnya zonk, skrg di timnas juga gak serius. erickthohirout",0.0,2025-11-11 04:49:21+00:00
"ini sebenarnya ledekan baru barusan ngobrol ama org pabrik, klo ketemu selalu antusias ngomongin timnas terutama pemain2 naturalisasi. tp saat ngobrol thom haye maen di persib dia gak percaya, ngapain katanya di liga lokal wkwkw. ternyata banyak bener org suka timnas ≠ lokal",,2025-11-12 10:49:55+00:00
"kenapa sih aturan soal naturalisasi pemain ini ada? kalo itu ngga ada, negara mana pun tinggal nyosorin duit buat beli pemain untuk main di timnas mereka. akhirnya sepakbola cuma jadi mainannya federasi yang fulusnya banyak (walau realitas pahitnya ya sebenarnya udah begini).",1.0,2025-11-12 13:48:35+00:00
ga cape apa punya timnas dipake kendaraan politik mulu. dari serbuan naturalisasi kemaren aja zaman et harusnya lo pada sadar sih kalo timnas lo cuma dijadiin tunggangan politik doang. fmd november kosong karena roadmap gajelas,0.0,2025-11-13 12:15:23+00:00
norak gini mentalnya giliran pemain timnas naturalisasi protes minta diutamain dari liga,0.0,2025-11-13 13:01:36+00:00
"sehebat apapun pelatihnya , mau berapun naturalisasi selama kanjuruan tidak tuntas gak bakal timnas masuk piala dunia. ini sudah menjadi sebuah kutukan dosa sepak bola nasional.",0.0,2025-11-13 13:12:30+00:00
"lah kocakkk,padahal banyak loh yg dari mereka tiba tiba jdi fans bola gara gara fomo yg awalnya dri timnas karna pemain naturalisasi wkkwkw,trus tiba tiba jdi fans club eropa",0.0,2025-11-14 00:49:29+00:00
penting kita tidak nipu soal naturalisasi timnas,0.0,2025-11-14 10:45:16+00:00
gua nolak karna memilih dikasih stiker timnas u-17 naturalisasi peranakan tasikmalaya-amsterdam,2.0,2025-11-14 12:04:35+00:00
"pekan ini liga2 dunia libur, yg ada lanjutan kualifikasi piala dunia zona eropa, pertandingan persahabatan...untuk timnas indonesia libur total pasca gagal lolos piala dunia, pemain2 naturalisasi timnas masih lanjut membela timnas apa ikut bubar ?sprtinya mundur teratur...",,2025-11-14 16:57:37+00:00
"selain naturalisasi gue juga ga pernah setuju kebijakan dia tc pemain yang lama, seharusnya pemain dapat menit bermain di klub bukan latihan doang di timnas.. tc eropa sana sini ujung ujungnya cuma main umpan ke dony terus insyaallah crossing",0.0,2025-11-15 00:40:10+00:00
"et ketua bagus? emang taek isi otak lu, taek taek di mana bagusnya et kocak? mana roadmap sepakbola indo? mana piala indonesia, mana liga wanita, lu di nina bobokin sama timnas senior doang kocak, itu juga di bantu pemain naturalisasi, isi otak lu emang taek semua",0.0,2025-11-15 02:09:12+00:00
euforia timnas maen ke pildun udahan ya ini? trus gmna nasib pemain naturalisasi nya et,0.0,2025-11-15 08:32:30+00:00
"berarti et masih fokus timnas dan pasti nambah pemain naturalisasi, jgn harap ada blue print sepakbola dalam negeri",,2025-11-15 08:43:28+00:00
namanya juga sipaling timnas (tim naturalisasi),,2025-11-15 10:45:34+00:00
"hal baik yang dilakukan dan paling dirasa cuman naturalisasi doang, tapi dia gak banyak ngurusin grassroots atau hal yang lebih penting daripada timnas buat jangka panjang",0.0,2025-11-15 11:59:58+00:00
"mundur bro 2 tahun lu jadi ketum bikin roadmap aja asal²an kek gitu, di otak lu yg penting timnas berprestasi lewat jalur naturalisasi ugal²an buat dongkrak elektabilitas biar bisa ikut pilpres 2029",0.0,2025-11-15 15:59:26+00:00
"timnas setelah era sty, gw kok ngerasa kasian sama pemain2 naturalisasi ya, sebecanda itu federasi dgn pengorbanan ganti paspor?",0.0,2025-11-15 19:06:53+00:00
"pendekatan instan dg pemain naturalisasi dan diaspora,gagal memberikan kejutan,tapi di sisi lain,memupuskan harapan banyak pemain asli,produk lokal, yg ingin mencapai puncak karier di timnas. terus kemudian, apa tujuan paripurna dari diputarnya kompetisi sepak bola tanah air?",0.0,2025-11-16 03:45:14+00:00
ya memang ndak peduli dari dulu juga bh ndak jadi latih timnas pun tetep federasi tidak peduli sama kompetisi dibawah nya kalo peduli mah itu kompetisi pembinaan udah sukses gak perlu naturalisasi sana sini sampai banyak banyak federasi terpacu pada timnas,0.0,2025-11-16 09:48:22+00:00
si paling abroad terlalu fokus sama talenta lokal yg gakmau abroad. tapi mereka lupa banyak naturalisasi yg ujungnya main di liga terbaik dunia akhirat kenapa gak lo hujat aja mereka si naturalisasi itu yg langsung downgrade setelah join timnas dan akhirnya main disini.,,2025-11-16 14:15:01+00:00
"laku banget ya nigga² di indonesia, easy kentu. pantes banyak pemain timnas dari naturalisasi.",0.0,2025-11-16 22:22:04+00:00
"ya emang ga ada, pemain comot2 naturalisasi instan road map paling cepat itu satu generasi (10 tahun) coba yg mau diproyeksikan timnas untuk pildun 2030 atau 2034, squad yg mana?",0.0,2025-11-17 02:06:07+00:00
"1) negara kecil suriname pny potensi lolos ke piala dunia 2026. 2) tanpa gembar gembor, pemain naturalisasi, pelatih yg wah dst dst. 3) erick thohir gak malu? seharusnya et ke suriname belajar bgmn membina timnas.",0.0,2025-11-17 07:05:46+00:00
"contoh paling gampang soal timnas. adu pemain naturalisasi/keturunan, eh ujungnya sama-sama rungkad satunya kena skandal pemalsuan dokumen satunya gagal lolos pildun",0.0,2025-11-17 08:51:16+00:00
"metode naturalisasi timnas, jgn susah 2x ngader ambil.aja yg sdh jd dilain ... nanti next pemilu pada loncat loncat lagi",0.0,2025-11-18 02:49:05+00:00
"bantu analisa dan jawab dari pertanyaan bung binder: tiket dan akomodasi pemain seleb naturalisasi ini muahal, kalau friendly match di kandang timnas negara lain, jangankan nyari untungnya lha wong untuk nutup aja bisa berpotensi minus. federasi harus manfaatkan momen para fomo utk mengeruk keuntungan tiket",0.0,2025-11-18 05:57:02+00:00
kan ngerti dewe mbah.. naturalisasi timnas ujung2e kan orak prestasi timnas. tapi nggo munggahke jeneng. misale ketuane ganti jg durung tentu pemain timnas bakal kanggo mnh. soale biayane duwur to.,,2025-11-18 08:23:20+00:00
"secara peraturan kalo mereka mau main harus lewat jalur naturalisasi biasa, menetap 5 tahun dulu baru boleh masuk timnas sana.",,2025-11-18 23:23:38+00:00
nyesel gak ya yg udah join timnas jalur naturalisasi?,0.0,2025-11-19 04:50:49+00:00
suruh erik naturalisasi trs daftarin timnas. ready ngebantai di piala aff,2.0,2025-11-19 07:08:36+00:00
"ga cerita jg soal safari ke kota kota ketemu suporter lokal buat cerita klo tiket pnssi itu perjuangan saya, sty ga mau dikritik sama saya, timnas ga harmonis, saya yg perjuangin naturalisasi, saya yg kawal langsung keluar negeri. intinya saat itu sty jelek bagus?",,2025-11-19 07:13:29+00:00
yg penting timnas timnas timnas naturalisasi,0.0,2025-11-19 07:18:57+00:00
"fans nya ngejek2 timnas malay gara2 kasus pemain naturalisasi. trus timnas nya sendiri yg isi pemain halfblood, pelan2 turun karna kebijakan super dri super ketum",0.0,2025-11-19 11:41:09+00:00
"jual negara demi status pemain bola tidak sadar kah timnas nya naturalisasi bukan keturunan, dongo ternyata",0.0,2025-11-19 13:38:59+00:00
"sorry to say, dalam 10 tahun terakhir belum ada striker timnas yang mendekati level boaz, bahkan di gempuran penyerang naturalisasi belanda saat ini juga gak ada yang bisa kasi impact seperti boaz lakukan.",0.0,2025-11-19 21:43:47+00:00
boaz kalo satu generasi sama angkatan pemain naturalisasi sekarang ga kebayang gacornya timnas kek apa,,2025-11-20 01:57:24+00:00
"nah iya maksud gua kalo udah umuran haye bisa dimaklumin kalo dia mutusin buat ke liga indo, bahkan joey kalo mau ke indo pun silakan aja. cuma miris sama pemain2 naturalisasi timnas, yg dibina eropa, yg usia masih dibawah 27, udah mutusin buat ke indo. sangat disayangkan",0.0,2025-11-20 05:32:59+00:00
"tuhh! dia aja nggak merasa bersalah, malah nyalahin suporter yang bermimpi, tambah lagi pemain naturalisasi pada ngepost bela erick. tolol nggak tuh dari kebijakan dia sendiri yang naturalisasi besar-besaran + ganti pelatih di tengah jalan. timnas erick ini mah.",0.0,2025-11-20 10:13:59+00:00
timnas kalo diisi pemain naturalisasi pada protes kok timnas diisi pemain naturalisasi semua anak lokal gimana giliran pemain keturunan bela klub malah dibelain mati an aneh bet dah,,2025-11-20 11:20:06+00:00
kasihan pemain macam calvin verdonk dan jay idzes dan pemain diaspora yang di naturalisasi woyy yang udah rela bermain untuk timnas indonesia karena pengen main di piala dunia untuk negara leluhur nya,,2025-11-21 04:03:40+00:00
"pernah membela timnas kelompok umur gini ngaruh ga si nanti ketika di naturalisasi jadi lebih sulit, kaya kasus ezra sama jairo",1.0,2025-11-21 16:54:27+00:00
"lu jor²an naturalisasi, masuk ruang ganti bahkan ampe pecat pelatih cuma buat ngeledek fans timnas?? ini siapa yang milih dia tanggung jawab anjeng! gak ada pantes-pantesnya dia jadi ketua pssi!",0.0,2025-11-21 20:21:15+00:00
"pemain lokal banyak tersingkir karena naturalisasi, intervensi ruang ganti, bahkan ganti pelatih dgn alasan komunikasi. banyak yang gak sreg dgn semua tindakan lo ini tapi lu tetep lakuin tuh supaya orang mikir lo serius kan? masa iya buat ngejek? dendam apa lo ana fans timnas?",0.0,2025-11-21 20:21:16+00:00
anehnya pemain naturalisasi kok mau ya main di timnas padahal kayak jay bisa lah jadi cadangan di belanda,0.0,2025-11-22 03:34:41+00:00
"kenapa dan ada apa, belakangan ini banyak pemain naturalisasi dan pemain asing !",1.0,2025-11-22 13:57:39+00:00
"aku dari awal gak pernah ngebeda2in pemain lokal sama naturalisasi, pemain yg main di liga indo atau yg abroad, aku support semuanya as long as perform mereka layak untuk membela timnas",2.0,2025-11-22 17:38:48+00:00
timnas itu tdk butuh pelatih yg kenal asia krn jika dikupas timnas garuda akar isinya dah 90% pemain naturalisasi eropa mrk banyakan dah merangkak ke skill grade a. jadi gak bisa cari pelatih nanggung. sekelas curacao negara seupil bisa pakai d advocaat. timnasday,,2025-11-23 00:19:20+00:00
"oh iya dong wajib, bapak kebangkitan timnas dan pelopor (kembali) program naturalisasi . tanpa dia naikin kualitas timnas pasti ga akan mau bule belanda yang sekarang ada di timnas buat dinatulisasi . seperti yang dibilang hubner mau gabung cuma pas udah bagus",2.0,2025-11-23 06:07:34+00:00
jadi inget pernah komen masalah naturalisasi timnas lah akun gw malah kena suspen dan gabisa dipake samsem smpe skrng,,2025-11-23 06:45:59+00:00
saat kita gadang-gadang pemain timnas berada di liga eropa sekarang mereka berbalik naturalisasi di liga indonesia,0.0,2025-11-24 11:40:18+00:00
bawa semua diaspora yang pernah main di timnas ke liga 1. 2026 dimulai dari nol yah naturalisasi lagi.,0.0,2025-11-24 12:20:56+00:00
"jangan bawa2 asia, nanti berisik lagi karena ga cocok sama pemain timnas yg banyak naturalisasi + target timnas yg pengen mendunia bukan sekelas asia",0.0,2025-11-24 17:11:42+00:00
"jangan bawa2 asia, nanti berisik lagi karena ga cocok sama pemain timnas yg banyak naturalisasi dan lebih nyaman pelatih eropa dibanding pelatih asia + target timnas yg pengen mendunia bukan sekelas asia belajar dari pengalaman aja, siapapun pelatih kalau federasi gitu mah",0.0,2025-11-24 17:13:04+00:00
"mungkin sudah naturalisasi, bukan hanya timnas saja.",1.0,2025-11-24 22:26:20+00:00
buat apa? nanti ujungnya yg main di timnas juga naturalisasi,0.0,2025-11-26 11:56:07+00:00
coba dah tanya menejemen persebaya pengen gak klubnya di isi pemain timnas yg naturalisasi pasti jawabannya pengen coba dah tanya menejemen persebaya mampu gak beli pemain timnas yg naturalisasi pasti jawabannya nggak mampu jadi perbedaaan nya itu cuma di kata gak mampu,0.0,2025-11-27 07:00:15+00:00
