id,clean_text,createdAt,type
1564471648840912896,"komisi iii dpr memberi restu untuk naturalisasi calon pemain timnas sepak bola indonesia jordi amat dan sandy walsh. dengan mendapatkan restu dari dpr, maka proses naturalisasi jordi amat dan sandy walsh berjalan baik.",2022-08-30 04:34:42+00:00,information
1564194170042216448,"repost : hai sobatparlemen! banyak pertanyaan nih dari kalian mengenai proses naturalisasi pemain timnas indonesia. nah, ketua komisi x dpr ri, syaiful huda menjawab sampai mana proses naturalisasi pemain timnas indonesia sekarang. yuk, simak tayangan berikut ini!",2022-08-29 10:12:06+00:00,information
1564231951434653696,raker komisi iii dpr dengan pssi telah selesai digelar dan alhamdulillah hasilnya sangat membahagiakan. permohonan naturalisasi untuk dan telah dikabulkan dan mereka dapat segera bergabung dengan timnas indonesia setelah pengambilan sumpah menjadi wni.,2022-08-29 12:42:13+00:00,information
1564193528955412480,berita timnas indonesia: dpr setujui proses naturalisasi jordi amat dan sandy walsh tempobola,2022-08-29 10:09:33+00:00,information
1561672026951061504,"timnas indonesia vs curacao sebentar lagi digelar, proses naturalisasi jordi amat dan sandy walsh malah belum dibahas dpr!",2022-08-22 11:10:00+00:00,information
1564434256411361281,"komisi iii dpr ri memberikan tiga pesan peringatan untuk calon naturalisasi timnas indonesia, jordi amat dan sandy walsh.",2022-08-30 02:06:07+00:00,information
1554974526152544256,"berkas 3 pemain naturalisasi timnas indonesia sudah diterima dpr, ketum pssi harap rampung sebelum fifa matchday september 2022 lengkapcepatberitanya bola sepakbola sepakboladunia boladunia .",2022-08-03 23:36:31+00:00,information
1564567109861945349,dpr setujui naturalisasi jordi amat dan sandy walsh,2022-08-30 10:54:01+00:00,information
1560262747048161281,"profil biodata dan agama kevin diks, mantan calon pemain naturalisasi timnas indonesia yang selangkah lagi mentas di liga champions lengkapcepatberitanya bola sepakbola sepakboladunia boladunia .",2022-08-18 13:50:01+00:00,information
1564219981117927425,naturalisasi jordi amat da sandy walsh sudah disetujui oleh komisi iii dpr ri. apakah keduanya sudah bisa membela timnas indonesia di fifa matchday? kumparanbola,2022-08-29 11:54:39+00:00,information
1564407671796539394,"prose naturalisasi segera selesai, sandy walsh dan jordi amat diharapkan mampu jadi pembeda di timnas indonesia lengkapcepatberitanya bola sepakbola sepakboladunia boladunia .",2022-08-30 00:20:28+00:00,information
1559153975055622145,"ketua umum pssi, mochamad iriawan, memberikan perkembangan terbaru mengenai calon pemain naturalisasi timnas indonesia. kumparanbola",2022-08-15 12:24:09+00:00,information
1562416938550284288,"dalam raker yang dihadiri oleh menpora, dpr mengatakan bahwa mereka akan mengerjakan permohonan naturalisasi ini pada bulan september banggasepakbolakita",2022-08-24 12:30:01+00:00,information
1564264106571464705,"pssi raker dengan dpr bahas naturalisasi sandy walsh dan jordi amat, diharap bisa bela timnas indonesia vs curacao",2022-08-29 14:50:00+00:00,information
1564454108378984448,"anggota komisi iii dpr ri yakni sari yuliati menyetujui proses naturalisasi dua pemain timnas indonesia, sekaligus meminta bahwa jordi amat dan sandy walsh lebih fasih lagi berbahasa indonesia hingga hafal pancasila. naturalisasi",2022-08-30 03:25:00+00:00,information
1554789770248605696,"berkas naturalisasi timnas di dpr, berpeluang main di fifa matchday",2022-08-03 11:22:22+00:00,information
1564457273556365312,"dapat lampu hijau dari dpr ri, 2 pemain naturalisasi bisa gabung timnas indonesia lawan curacao",2022-08-30 03:37:34+00:00,information
1554981952972677120,pssi berharap pemain naturalisasi bela timnas indonesia di fifa matchday,2022-08-04 00:06:02+00:00,information
1564468768620785665,"dapat lampu hijau dari dpr ri, 2 pemain naturalisasi bisa gabung timnas indonesia lawan curacao lewat",2022-08-30 04:23:15+00:00,information
1555448938424983553,"kalau proses naturalisasi sandy walsh, jordi amat, dan shayne pattynama sudah tuntas maka posisi alfeandra dewangga di timnas indonesia terancam digusur",2022-08-05 07:01:40+00:00,information
1562305125968146432,"sandy walsh dkk terancam batal bela timnas indonesia di fifa matchday september, berkas naturalisasi ‘macet’ di dpr",2022-08-24 05:05:42+00:00,information
1562319493799350277,breaking!!! awal september dan komisi x dpr ri sepakat akan mengesahkan naturalisasi pemain timnas timnasday timnasindonesia,2022-08-24 06:02:48+00:00,information
1564289272898658304,"naturalisasi disetujui dpr, sandy walsh dan jordi amat siap gabung timnas indonesia",2022-08-29 16:30:00+00:00,information
1562513096178302976,pemerintah dan dpr bahas naturalisasi pemain timnas indonesia awal september sindonews bukanberitabiasa .,2022-08-24 18:52:06+00:00,information
1562790430588436481,6 pemain naturalisasi yang gagal bela timnas indonesia beritabola beritabolaterkini,2022-08-25 13:14:08+00:00,information
1558548168169902080,"selebrasi pelatih kiper timnas indonesia u-16, marcus horizon dalam siaran langsung perayaan gelar juara piala aff u-16 2022 menuai kritik. pasalnya, selebrasi mantan kiper timnas indonesia itu dinilai berlebihan dan menyindir program naturalisasi pssi.",2022-08-13 20:16:54+00:00,information
1564220078903951360,sekilas info ... jordi amat dan sandy walsh resmi mendapatkan hak naturalisasi sebagai warga negara indonesia . dengan demikian sandy walsh serta jordy amat berpeluang memperkuat timnas indonesia dalam fifa match day bulan september mendatang . source : pssi,2022-08-29 11:55:03+00:00,information
1564055160669646848,"terkait program naturalisasi, ketum pssi akan ikuti raker dengan komisi iii dpr ri ketua umum pssi, mochamad iriawan akan mengikuti rapat kerja (raker) komisi iii dpr ri terkait program naturalisasi calon pemain timnas indonesia pada senin (29/8) besok. sumber:pssi(dot)org",2022-08-29 00:59:43+00:00,information
1530478466088697856,alasan sty mengundang jordi dan sandy gabung latihan timnas: “sandy walsh dan jordi amat datang sekadar untuk latihan. tujuannya agar tidak butuh adaptasi lama jika nanti proses naturalisasi mereka selesai”. sportstarsid,2022-05-28 09:17:55+00:00,information
1531276744254074881,tenaga amat dan walsh tak bisa dipakai timnas indonesia karena proses naturalisasi belum selesai.,2022-05-30 14:10:00+00:00,information
1530503295269146624,"""tugas pssi dan klub adalah membina bukan 'membeli'. naturalisasi bukan solusi terkait mandeknya prestasi timnas, terkesan delusional,"" kata akmal.",2022-05-28 10:56:35+00:00,information
1530852065265713154,"kembali dipanggil timnas indonesia, stefano lilipaly pasang target muluk di fifa matchday vs bangladeshgelandang naturalisasi timnas indonesia stefano lilipaly punya target muluk kontra bangladesh pada fifa matchday atau uji coba resmi.fifa matchday, stefano lilipaly, timnas indo",2022-05-29 10:02:28+00:00,information
1524713500270026752,pssi memastikan kedatangan dua pilar naturalisasi timnas indonesia akhir pekan ini. inilahcom inilahdotcom,2022-05-12 11:30:00+00:00,information
1530212817831600128,"dua pemain naturalisasi terbaru, jordi amat dan sandy walsh, mengikuti pemusatan latihan (tc) timnas indonesia untuk melawan bangladesh di fifa matchday.",2022-05-27 15:42:20+00:00,information
1527619765845766145,pssi melaporkan bahwa rangkaian proses naturalisasi jordi amat dan sandy walsh telah rampung. pssi jordiamat sandywalsh kemenkumham shintaeyong sepakbola timnas timnasindonesia naturalisasi,2022-05-20 11:58:28+00:00,information
1527510919479271424,jordi amat dan sandy walsh sudah merampungkan rangkaian proses naturalisasi. pengalaman dan tenaga kedua pemain ini sangat dibutuhkan timnas indonesia!,2022-05-20 04:45:57+00:00,information
1527562373619400704,jordi amat dan sandy walsh sudah merampungkan rangkaian proses naturalisasi yang dijalani sejak awal pekan ini. pengalaman dan tenaga kedua pemain ini sangat dibutuhkan timnas indonesia!,2022-05-20 08:10:25+00:00,information
1531218988650311685,"hasani abdulgani pastikan sandy walsh dan jordi amat gagal bela timnas di kualifikasi afc asian cup. namun, proses naturalisasi mereka sudah masuk ke setneg, setelah setneg lalu ke dpr. semoga mereka dapat bermain di babak utama afc asian cup 2023",2022-05-30 10:20:30+00:00,information
1529973261869670401,calon pemain naturalisasi timnas indonesia jordi amat ternyata masih berada di jakarta. ia masih mengurus proses naturalisasinya untuk menjadi wni.,2022-05-26 23:50:25+00:00,information
1527591646824525824,pssi: jordi-sandy tuntaskan syarat naturalisasi selama di indonesia,2022-05-20 10:06:44+00:00,information
1530054303180029952,jordi amat rela meninggalkan putranya yang baru lahir untuk menyelesaikan proses naturalisasi menjadi wni agar bisa membela timnas indonesia di ajang kualifikasi piala asia 2023.,2022-05-27 05:12:27+00:00,information
1524055969713430530,"tinggalkan bali united, gelandang naturalisasi resmi gabung borneo fc",2022-05-10 15:57:13+00:00,information
1531286516886306819,"timnas indonesia gagal diperkuat 3 pemain naturalisasi ini, pssi gagal p... lewat timnasday",2022-05-30 14:48:50+00:00,information
1531269704517492736,sandy walsh dan jordi amat dipastikan batal membela timnas indonesia di kualifikasi piala asia bulan juni mendatang karena proses naturalisasi keduanya yang ternyata belum selesai. emang paling bener jgn berharap,2022-05-30 13:42:01+00:00,information
1522573819969695744,"berita timnas kemarin2 rame soal perekrutan naturalisasi, terus pemain indonesia yg main di luar negeri, kirain dgn begitu timnas nya ada perubahan membaik, ga taunya kok malah tambah jelek sih?",2022-05-06 13:47:41+00:00,information
1530412218306531328,pssi cepat gebut proses naturalisasi jordi amat dan sandi wals supaya bisa membela timnas indonesia di kualifikasi piala asia sebelum berangkat ke kuwait .ini penting untuk menambah daya gedor timnas indonesia vs kuwait,2022-05-28 04:54:41+00:00,information
1520680215369949186,"proses naturalisasi rampung, begini formasi timnas di kuafikasi piala asia 2023",2022-05-01 08:23:10+00:00,information
1531282486894170112,begini cara timnas china proses naturalisasi pemain nya naturalisasi timnas indonesia,2022-05-30 14:32:49+00:00,information
1529713442252521472,"pemain naturalisasi segera gabung, prediksi line up timnas indonesia kualifikasi piala asia 2023 kemenkumhamjateng berita kumhampasti bhpsemarang twitter beritaterkini kumham socialmedia kemenkumham",2022-05-26 06:37:59+00:00,information
1525087861221265408,timnas indonesia: sandy walsh dan jordi amat jalani proses naturalisasi senin (16/5),2022-05-13 12:17:35+00:00,information
1524611085759762433,"pemain naturalisasi timnas indonesia, jordi amat segera tiba di jakarta, sandy walsh menyusul beritaterkini infoterkini jawatimur",2022-05-12 04:43:03+00:00,information
1529060054132871170,"selesaikan proses naturalisasi untuk timnas indonesia, shayne pattynama merapat ke tanah air pekan depan -",2022-05-24 11:21:40+00:00,information
1504063680442425352,naturalisasi emil audero dikesampingkan. pssi fokus berburu jordy wehrmann untuk menjadi calon pemain naturalisasi keempat timnas indonesia.,2022-03-16 11:55:00+00:00,information
1501171529287372800,pssi gandeng kanwil kemenkumham dki jakarta persiapkan naturalisasi pemain timnas indonesia . semoga cepat dan lancar,2022-03-08 12:22:37+00:00,information
1505182465949847553,kemenkumham proses permohonan naturalisasi 3 pemain untuk timnas indonesia,2022-03-19 14:00:39+00:00,information
1508712577592819717,"proses naturalisasi 3 pemain calon penggawa timnas indonesia tertahan, menpora turun tangan",2022-03-29 07:48:03+00:00,information
1505129452950355976,"ditargetkan bela timnas indonesia di kualifikasi piala asia, proses naturalisasi 3 pemain temui kendala",2022-03-19 10:30:00+00:00,information
1504000402794029059,"emil audero nanti dulu, pssi berburu jordy wehrman sebagai calon pemain naturalisasi keempat timnas indonesia",2022-03-16 07:43:33+00:00,information
1508726907529011206,"proses naturalisasi 3 pemain calon penggawa timnas indonesia tertahan, menpora turun tangan!",2022-03-29 08:45:00+00:00,information
1504446219963101187,"andai emil audero dan jordy wehrmann menolak, pssi setop naturalisasi pemain keturunan untuk timnas indonesia",2022-03-17 13:15:04+00:00,information
1505074988772052992,"pssi rapat dengan kemenkumham, dokumen 3 calon pemain naturalisasi timnas indonesia masih kurang",2022-03-19 06:53:34+00:00,information
1508373716152958981,menpora turun tangan bantu proses naturalisasi 3 pemain untuk timnas indonesia yang terhambat,2022-03-28 09:21:32+00:00,information
1500087600396193797,"5 calon pemain naturalisasi timnas indonesia dengan harga termahal, nomor 1 tembus rp208 miliar lengkapcepatberitanya bola sepakbola sepakboladunia boladunia .",2022-03-05 12:35:28+00:00,information
1501029070963838977,naturalisasi 3 pemain keturunan untuk timnas indonesia sudah diproses di kemenkumham,2022-03-08 02:56:32+00:00,information
1506169201181962240,"dokumen proses naturalisasi 3 calon pemain timnas indonesia kurang, pssi minta bantuan jokowi",2022-03-22 07:21:35+00:00,information
1506662598476980227,"klik bola gol berita terkini : otd 23 maret 2013 sergio van dijk debut bersama timnas indonesia. tiga bulan kemudian, ia ikut laga uji coba vs belanda. setelah dua pertandingan, van dijk hilang bak ditelan bumi. naturalisasi …",2022-03-23 16:02:10+00:00,information
1500788369470545923,video warung bola: kontroversi proyek naturalisasi pssi buat timnas indonesia,2022-03-07 11:00:05+00:00,information
1498989288943284226,menpora zainudin amali memberi kabar terbaru terkait proses naturalisasi yang tampaknya tersendat ini saat memantau tc timnas u-19. kumparanbola,2022-03-02 11:51:11+00:00,information
1499278402431307776,"menteri pemuda dan olahraga (menpora) zainudin amali, menjamin untuk mempercepat proses naturalisasi pemain keturunan. indonesia naturalisasi garuda timnas",2022-03-03 07:00:01+00:00,information
1505025285674397699,naturalisasi calon pemain timnas indonesia bhpsemarang kanwilkemenkumhamjateng ayuspahruddin kumhampasti beritaterkini twitter socialmedia kemenkumham kemenkumhamri kumhamsemakinpasti berita berakhlak news imigrasi viral soccer,2022-03-19 03:36:04+00:00,information
1508843930443403265,"proses naturalisasi penggawa timnas indonesia tertahan, menpora turun tangan!",2022-03-29 16:30:00+00:00,information
1506282047832150016,"dokumen naturalisasi 3 calon pemain timnas indonesia kurang, pssi minta bantuan pemerintah",2022-03-22 14:50:00+00:00,information
1501165528726990848,"pssi gandeng kanwil kemenkumham dki jakarta, persiapkan naturalisasi pemain timnas sepakbola indonesia, selasa (08/03/2022). kanwilkemenkumhamdki kanwilkumhamdki selengkapnya:",2022-03-08 11:58:47+00:00,information
1499392496849539072,yang masih ragu masih ngarep bela timnas italia mending di skip dulu alihkan ke pemain lain yang memang 100% sudah ingin bela timnas indonesia dari 3 pemain yang sedang proses naturalisasi semuanya langsung jawab yes saat ditawari dinaturalisasi karena mereka cinta indonesia,2022-03-03 14:33:23+00:00,information
1503687459195916292,proses pendekatan pssi terhadap penjaga gawang sampdoria emil audero mulyadi tampaknya menemui jalan buntu. naturalisasi pssi indonesia timnas audero sampdoria seriea,2022-03-15 11:00:02+00:00,information
1503741763911286787,semoga pak hasani bisa dapet pemain yg secara administrasi seperti elkan baggott jadi tdk pake proses naturalisasi. sehingga bisa segera membela timnas u-19 dan jika layak bisa juga untuk senior,2022-03-15 14:35:49+00:00,information
1499070781480968199,pssi antusias menyambut minat cyrusmargono untuk menjadi wni. naturalisasi timnasindonesia,2022-03-02 17:15:00+00:00,information
1506212841921130498,"dokumen naturalisasi 3 calon pemain timnas indonesia kurang, pssi minta bantuan pemerintah!",2022-03-22 10:15:00+00:00,information
1499595716175757312,"profil mentereng emil audero, eks kiper juventus yang ditawari pssi perkuat timnas indonesia emilaudero naturalisasi timnasindonesia",2022-03-04 04:00:54+00:00,information
1508422401255632898,proses naturalisasi calon pemain keturunan timnas indonesia masih belum ada kemajuan. dokumen mereka tertahan di kemenkumham.,2022-03-28 12:35:00+00:00,information
1507074423009988611,5 pemain naturalisasi siap bantu timnas indonesia berita terbaru timnas..!!:,2022-03-24 19:18:37+00:00,information
1499580742707605507,"beritaterpopuler profil mentereng emil audero, eks kiper juventus yang ditawari pssi perkuat timnas indonesia emilaudero naturalisasi timnasindonesia",2022-03-04 03:01:24+00:00,information
1499871446868574208,timnas indonesia naturalisasi pemain mulu padahal kalo pssi mau blusukan ke kampung2 tiap jam setengah 5 sampe 6 sore mah pasti nemu pemain sekelas batistuta,2022-03-04 22:16:33+00:00,information
1505024671410192386,kemenkumham terima permohonan naturalisasi calon pemain timnas indonesia bhpsemarang kanwilkemenkumhamjateng kumhampasti beritaterkini twitter socialmedia kemenkumham kemenkumhamri berita berakhlak,2022-03-19 03:33:38+00:00,information
1508708415622639618,menpora turun tangan bantu proses naturalisasi 3 pemain untuk timnas indonesia yang terhambat lewat news,2022-03-29 07:31:31+00:00,information
1501914283344494592,pssi kesulitan naturalisasi dua calon pemain timnas indonesia ini,2022-03-10 13:34:04+00:00,information
1498594648834871298,pemain keempat naturalisasi timnas indonesia antara emil audero atau jordy wehrmann. bolaskorcom timnasindonesia pssi naturalisasi,2022-03-01 09:43:01+00:00,information
1593239154401288193,"nyanyikan lagu kebangsaan serta ucap sumpah, sandy walsh dan jordi amat resmi jadi wni, siap bela timnas indonesia. fdl seputarinewsrcti seputarinews rcti sandywalsh jordiamat naturalisasi timnas timnasindonesia sepakbola indonesia iwanbule",2022-11-17 13:46:30+00:00,information
1590271743696203779,"caption instagram post terbaru exco pssi, hasani abdulgani. nampaknya mengindikasikan naturalisasi jordi amat dan sandy walsh telah disetujui oleh presiden joko widodo welcome to timnas indonesia!",2022-11-09 09:15:04+00:00,information
1593143017464295424,"selamat, jordi amat dan sandy walsh mereka resmi jadi wni usai sumpah janji setia pewarganegaraan di kantor wilayah kemenkumham, siang ini (17/11). nambah lagi nih pemain naturalisasi kita. kira-kira, bisa gak ya akhirnya membawa timnas juara di aff 2022?",2022-11-17 07:24:29+00:00,information
1593237721413476353,sandy walsh dan jordi amat telah selesai menjalani proses naturalisasi. keduanya kini telah resmi menjadi warga negara indonesia (wni) dan siap untuk membela timnas indonesia. (1/4) flashinfo - sandywalsh jordiamat timnasindonesia rri pro2bdl suarakreativitas,2022-11-17 13:40:48+00:00,information
1589851784377688064,"ketua umum pssi mochamad iriawan atau iwan bule mengatakan komisi x dpr telah menyetujui naturalisasi shayne pattynama yang diproyeksi menjadi calon pemain timnas indonesia dalam raker yang berlangsung di gedung dpr, jakarta, selasa (8/11/2022).…",2022-11-08 05:26:18+00:00,information
1597515035563405312,"pemain naturalisasi, sandy walsh, sudah resmi mengikuti pemusatan latihan (tc) timnas indonesia di bali. hal tersebut diketahui melalui unggahan di akun instagram pssi, selasa (29/11/2011).",2022-11-29 08:57:19+00:00,information
1593186036464881666,alhamdulillah... setelah sekian lama menjalani proses naturalisasi akhirnya sandi walsh dan jordi amatt resmi menjadi wni semoga membawa kebaikan untuk timnas sepakbola indonesia. semoga timnas garuda terbang lebih tinggi lagi di asia dan dunia.,2022-11-17 10:15:25+00:00,information
1590250078178250752,"iwan bule berharap agar naturalisasi yang diberikan kepada shayne dapat perkuat lini pertahanan timnas indonesia, di samping jordi amat dan sandy walsh yang proses kewarganegaraannya sedang berjalan.",2022-11-09 07:48:58+00:00,information
1596821256917389312,"3 pemain naturalisasi yang bela timnas indonesia di piala aff 2022, nomor 1 pernah main di liga inggris lengkapcepatberitanya bola sepakbola sepakboladunia boladunia .",2022-11-27 11:00:29+00:00,information
1593268977534308352,"jordi amat dan sandy walsh sudah resmi menjadi warga negara indonesia (wni). namun, kedua pemain tersebut masih belum tentu bisa memperkuat timnas indonesia di piala aff 2022. naturalisasi indonesia pialaaff affcup",2022-11-17 15:45:00+00:00,information
1590305360732360709,"permintaan sty terkabul, dpr setujui naturalisasi pesepakbola asing ini untuk gabung di timnas indonesia",2022-11-09 11:28:39+00:00,information
1594260804911927296,"belum ada sepekan latihan, rafael mampu mencetak gol untuk timnas indonesia saat melawan slowakia. timnasindonesia pssi naturalisasi",2022-11-20 09:26:10+00:00,information
1591388599391760386,"ketua umum (ketum) pssi, mochamad iriawan, turut mengomentari penampilan dua calon pemain naturalisasi, ivar jenner dan justin hubner, untuk timnas indonesia u-20.",2022-11-12 11:13:03+00:00,information
1591481588097114112,"4 fakta unik justin hubner, calon bintang timnas indonesia justinhubner naturalisasi pemainketurunan pssi timnasindonesia",2022-11-12 17:22:33+00:00,information
1588794977194315776,": 3 faktor yang bisa bikin timnas indonesia terjungkal dan gagal juara piala aff 2022, nomor 1 mangkraknya proses naturalisasi",2022-11-05 07:26:55+00:00,information
1590656163770949633,"2 calon pemain naturalisasi resmi gabung tc di turki, timnas indonesia u-20 makin kuat!",2022-11-10 10:42:37+00:00,information
1590675843717550081,"berita baik nih dari dunia sepak bola indonesia, proses naturalisasi shayne pattynama disetujui dpr komisi tiga. semoga bisa berprestasi di timnas. aamiin good joob buat pssi yg udah kawal prosesnya.",2022-11-10 12:00:49+00:00,information
1589907754273079299,"segera perkuat timnas indonesia, komisi x dpr ri setujui naturalisasi shayne",2022-11-08 09:08:42+00:00,information
1590955833407705088,terbukti komitmen dari ketum pssi selama ini untuk buat timnas maju dengan mempermudah naturalisasi buat bela timnas garuda.,2022-11-11 06:33:23+00:00,information
1598246525049749505,"federasi sepakbola dunia (fifa) secara resmi telah menyetujui perpindahan federasi pemain naturalisasi timnas indonesia, jordi amat. jordiamat",2022-12-01 09:24:00+00:00,information
1604818963392626688,"bertemu rafael struick, penyerang berusia 19 tahun asal klub ado den haag yang sedang mengurus proses naturalisasi untuk memperkuat timnas indonesia di piala dunia u-20 tahun depan. kitagaruda",2022-12-19 12:40:31+00:00,information
1599217979312713731,menpora meninjau pemusatan latihan timnas garuda senior di pantai purnama jelang bergulirnya ajang piala aff 2022. menpora berharap timnas dapat tampil lebih baik terlebih dengan bergabungnya dua pemain naturalisasi. indosiarberita berita lainnya:,2022-12-04 01:44:12+00:00,information
1605038747329990662,"ketua umum pssi mochamad iriawan memberikan jersey timnas indonesia serta baju batik kepada calon pemain naturalisasi asal belanda, rafael struick.",2022-12-20 03:13:52+00:00,information
1603642354954825728,"calon pemain naturalisasi timnas u-20, rafael struick, sudah mendarat di indonesia untuk menjalani serangkaian proses naturalisasi. kumparanbola",2022-12-16 06:45:06+00:00,information
1604425712877830145,nasib naturalisasi dua pemain keturunan yakni zico soree dan rafael struick sudah ditentukan. hanya satu nama yang diproses untuk menjalani naturalisasi.,2022-12-18 10:37:53+00:00,information
1607441272595177472,calon pemain naturalisasi timnas indonesia u-20 ivar jenner dipromosikan ke tim senior fc utrecht. ia memainkan debutnya dalam laga tak resmi.,2022-12-26 18:20:38+00:00,information
1600022228980191234,eks presiden inter milan itu pun menyinggung soal banyaknya pemain naturalisasi di dalam klub sepak bola indonesia. bongkar total pssi revolusisepakbola,2022-12-06 07:00:01+00:00,information
1602123021573328896,"pemain pilihan coach shin tae-yong untuk di naturalisasi memiliki standar pemain yang tinggi. proses naturalisasi pemain memiliki tahapan yang panjang dan membutuhkan waktu lama, ini menjadi kendala besar untuk kebutuhan timnas indonesia.",2022-12-12 02:07:49+00:00,information
1607617204584960000,calon pemain naturalisasi timnas indonesia u-20 ivar jenner dipromosikan ke tim senior fc utrecht. ia pun memainkan debutnya dalam laga tak resmi.,2022-12-27 05:59:44+00:00,information
1603891783599271936,shin tae-yong bingung saat ditanya soal 2 pemain naturalisasi timnas indonesia u-20 tambahan yang dijanjikan pssi lengkapcepatberitanya bola sepakbola sepakboladunia boladunia .,2022-12-16 23:16:14+00:00,information
1606086214620418048,"5 pemain timnas indonesia yang berpotensi bobol gawang kamboja di piala aff 2022, nomor 1 pemain naturalisasi lengkapcepatberitanya bola sepakbola sepakboladunia boladunia .",2022-12-23 00:36:07+00:00,information
1600474218285527040,"4 pemain naturalisasi yang siap tempur bela timnas indonesia di piala aff 2022, nomor 1 bomber haus gol! lengkapcepatberitanya bola sepakbola sepakboladunia boladunia .",2022-12-07 12:56:03+00:00,information
1604996597846540288,"5 pesepakbola bintang yang absen di piala aff 2022, nomor 1 pemain naturalisasi timnas indonesia lengkapcepatberitanya bola sepakbola sepakboladunia boladunia .",2022-12-20 00:26:22+00:00,information
1608396041342316544,"tulisan baru sy ini jg membahas bagaimana amat begitu antusias ingin berseragam timnas indonesia. sebelum menjadi wni, dia membayangkan berlaga ditonton puluhan ribu orang di stadion. sy jg mewawancarai pak hamdan hamedan, sosok yg berjasa meloloskan proses naturalisasi amat.",2022-12-29 09:34:33+00:00,information
1599414657613434880,menteri pemuda dan olahraga (menpora) ri zainudin amali berharap pemain naturalisasi yang resmi menjadi warga negara indonesia (wni) dapat bermain bagus untuk membantu tim nasional (timnas) sepak bola senior di piala aff 2022.,2022-12-04 14:45:44+00:00,information
1604811047298555904,"calon pemain timnas indonesia u-20, rafael struick bertemu ketum pssi bahas proses naturalisasi lengkapcepatberitanya bola sepakbola sepakboladunia boladunia .",2022-12-19 12:09:04+00:00,information
1603723391269117952,"resmi, zico soree dicoret dari daftar calon pemain naturalisasi timnas indonesia u-20 lengkapcepatberitanya bola sepakbola sepakboladunia boladunia .",2022-12-16 12:07:06+00:00,information
1605895941906522115,"5 calon mesin gol timnas indonesia di piala aff 2022, nomor 1 penyerang naturalisasi lengkapcepatberitanya bola sepakbola sepakboladunia boladunia .",2022-12-22 12:00:03+00:00,information
1604979984170225664,"5 penyerang ganas timnas indonesia di piala aff 2022, nomor 1 bomber naturalisasi! lengkapcepatberitanya bola sepakbola sepakboladunia boladunia .",2022-12-19 23:20:21+00:00,information
1599284465557463040,"top! coret naturalisasi persib bandung, shin tae yong resmi ikat sosok rp17,38 miliar di timnas indonesia",2022-12-04 06:08:24+00:00,information
1600016855011311618,naturalisasi shayne elian jay pattynama jadi pemain timnas indonesia telah di setujui komisi x dprri,2022-12-06 06:38:39+00:00,information
1584718418196193281,"dua calon pemain naturalisasi timnas indonesia u-20 berkunjung ke kantor pssi, iwan bule: berharap lancar",2022-10-25 01:28:08+00:00,information
1584082215851683841,pssi umumkan kedatangan 2 calon pemain naturalisasi buat timnas u-20 tempobola,2022-10-23 07:20:05+00:00,information
1584871858532667392,"episode terbaru depdagri sudah tayang di jebreeetmedia tv! bahasannya ada soal update terbaru dari tragedi kanjuruhan, persis dan persebaya yang mendesak digelarnya klb pssi, sampai dua pemain naturalisasi indonesia untuk timnas u-20. merapat ke jebreeetmedia tv sekarang ya!",2022-10-25 11:37:51+00:00,information
1586173446207086592,"""harapan kita november ini mudah-mudahan sudah rampung, mereka desember sudah bisa ikut (piala aff 2022),"" kata yunus nusi soal proses naturalisasi jordi amat dan sandy walsh.",2022-10-29 01:49:53+00:00,information
1583792074037813248,pssi kasih kabar terbaru soal 4 calon pemain naturalisasi timnas indonesia u-20,2022-10-22 12:07:10+00:00,information
1584476344947466242,pssi menyatakan kualitas dua pemain calon naturalisasi sudah sesuai dengan keinginan pelatih shin tae-yong. tempobola,2022-10-24 09:26:13+00:00,information
1584533958997708803,"ketum pssi bertemu 2 calon pemain naturalisasi timnas indonesia ivar jenner dan justin hubner, ini yang dibahas",2022-10-24 13:15:09+00:00,information
1585968443215388673,"proses naturalisasi belum rampung, ivar jenner dan justin hubner dipastikan tak perkuat timnas indonesia u-20 di piala asia u-20 2023 lengkapcepatberitanya bola sepakbola sepakboladunia boladunia .",2022-10-28 12:15:17+00:00,information
1584705057647386626,"dua calon pemain naturalisasi timnas indonesia ivar jenner dan justin hubner berkunjung ke kantor pssi, senin (24/10/2022). keduanya tak sabar membela garuda.",2022-10-25 00:35:02+00:00,information
1578392205063921669,pssi segera umumkan calon pemain naturalisasi untuk timnas indonesia u-20,2022-10-07 14:30:01+00:00,information
1584544502039339008,proses naturalisasi justin hubner berjalan besok,2022-10-24 13:57:03+00:00,information
1584402505454473217,justin dan ivar jalani rangkaian proses naturalisasi timnas indonesia,2022-10-24 04:32:48+00:00,information
1584234334323888128,pssi: kualitas 2 calon pemain naturalisasi timnas indonesia sesuai keinginan shin tae-yong,2022-10-23 17:24:33+00:00,information
1584811970993102848,"timnas indonesia u20 siap tampil mengejutkan di piala dunia u20 2023, seiring rencana naturalisasi pemain seperti justin hubner dan ivar jenner. mycity ivarjenner justinhubner pssi naturalisasi pialaduniau202023 pialadunia",2022-10-25 07:39:52+00:00,information
1584703186073710592,"justin dan ivar tak sabat ikut latihan bersama timnas u-20, pssi berharap proses naturalisasi berjalan lancar ivarjenner justinhubner pemainnaturalisasi pssi",2022-10-25 00:27:36+00:00,information
1586053188536635392,justin hubner dan ivar jenner belum bisa bela timnas indonesia u-20 ivarjenner justinhubner naturalisasi pialaasia2023 pssi,2022-10-28 17:52:02+00:00,information
1586667469950709761,shin tae-yong minta proses naturalisasi ivar jenner justin hubner dipercepat timnasindonesia,2022-10-30 10:32:58+00:00,information
1585129096027451394,pssi beber beda proses naturalisasi ivan dan hubner dengan elkan baggott pssi naturalisasi,2022-10-26 04:40:01+00:00,information
1584371653697380353,pssi menyambut dua pemain keturunan justin hubner dan ivar jenner untuk proses naturalisasi timnas indonesia u-19 @,2022-10-24 02:30:13+00:00,information
1576856822174339072,"sekali kali ojok pemain timnas tok sing dinaturalisasi, ketum pssi lek iso yo naturalisasi.",2022-10-03 08:48:57+00:00,information
1584537225966276608,"kunjungi kantor pssi, dua calon pemain naturalisasi semakin dekat jadi pemain timnas indonesia",2022-10-24 13:28:08+00:00,information
1497221630082179077,"pssi memastikan tidak menemukan masalah dalam proses naturalisasi jordi amat. sebelumnya, proses naturalisasi amat sempat terhambat. diketahui pilar kas eupen tersebut pernah memperkuat timnas spanyol di berbagai kelompok umur.",2022-02-25 14:47:08+00:00,information
1491755078256295937,"proses naturalisasi sandy walsh dan jordi amat dipastikan rampung dalam waktu dekat. keduanya menjadi amunisi baru indonesia, demi memperbaiki kualitas timnas.",2022-02-10 12:45:00+00:00,information
1488529478435618816,pelatih timnas indonesia shin tae-yong berharap proses naturalisasi pemain keturunan bisa segera rampung,2022-02-01 15:07:37+00:00,information
1491727706211295232,pertemuan membahas proses naturalisasi pemain untuk timnas indonesia.,2022-02-10 10:56:14+00:00,information
1491434213312245770,pssi: proses naturalisasi 4 pemain keturunan untuk timnas indonesia bisa setengah tahun,2022-02-09 15:30:00+00:00,information
1496090105676808193,pssi kini memproses naturalisasi satu pemain keturunan tambahan untuk memperkuat timnas indonesia. shayne pattynama namanya.,2022-02-22 11:50:51+00:00,information
1491392447988916224,pssi tidak ingin serampangan naturalisasi pemain untuk timnas indonesia tempobola,2022-02-09 12:44:02+00:00,information
1492941023693189121,proses naturalisasi sandy walsh sudah mencapai 95 persen. ia menargetkan sudah bisa membela timnas indonesia di kualifikasi piala asia 2023 pada bulan juni.,2022-02-13 19:17:32+00:00,information
1491744217558704129,"""proses naturalisasi hilgers dan diks kami drop. kami tidak lanjutkan karena faktor izin orang tuanya,"" kata hasani abdulgani. orang tua mees dan kevin mengira bahwa anaknya akan memegang paspor ganda jika menjadi wni. kevindiks meeshilgers timnas timnasindonesia",2022-02-10 12:01:51+00:00,information
1491747047069806594,menpora dan ketua pssi mochamad iriawan bahas naturalisasi pemain timnas tempofoto,2022-02-10 12:13:05+00:00,information
1488851664828203009,timnas indonesia sudah mendapatkan lampu hijau untuk proses naturalisasi hilgers dan beberapa pemain belanda lain.,2022-02-02 12:27:53+00:00,information
1497441805352071168,"tak terganjal aturan fifa, pssi pastikan proses naturalisasi jordi amat untuk timnas indonesia jalan terus",2022-02-26 05:22:02+00:00,information
1491751585348603906,pertemuan antara kemenpora dan pssi itu membahas proses naturalisasi pemain untuk timnas indonesia. kumparanbola,2022-02-10 12:31:08+00:00,information
1494242719358726145,cerita di balik proses naturalisasi sandy walsh untuk timnas indonesia: dokumen sakti dari embah asal purworejo dan surabaya,2022-02-17 09:30:00+00:00,information
1493601280664735758,update proses naturalisasi tijjani reijnders untuk timnas indonesia: pssi komunikasi dulu dengan shin tae-yong,2022-02-15 15:01:09+00:00,information
1491024219194662915,5 pemain naturalisasi di liga 1 yang bisa diandalkan shin tae-yong di timnas indonesia lengkapcepatberitanya bola sepakbola sepakboladunia boladunia .,2022-02-08 12:20:50+00:00,information
1491763787006832645,"menteri pemuda olahraga, zainuddin amali menyatakan, naturalisasi pemain sepak bola dibutuhkan untuk memperkuat timnas sepakbola guna memperbaiki peringkat di fifa. talk: pengamat bola dari score id, rais adnan streaming:",2022-02-10 13:19:37+00:00,information
1488749018062618630,penyebab cyrus margono bisa bela timnas indonesia tanpa proses naturalisasi,2022-02-02 05:40:00+00:00,information
1493521717150507011,26 evan dimas dan 3 pemain timnas indonesia yang rawan terdepak jika proses naturalisasi pemain keturunan rampung,2022-02-15 09:45:00+00:00,information
1495967117811671042,"anggota exco pssi, hasani abdulgani menyebut, pemain keturunan bernama shayne pattynama bersedia membela timnas indonesia. dia bahkan sudah mengirimkan dokumen sebagai syarat untuk proses naturalisasi.",2022-02-22 03:42:09+00:00,information
1491405294865645575,"terkait proses naturalisasi pemain, pssi minta fans timnas indonesia bersabar lengkapcepatberitanya bola sepakbola sepakboladunia boladunia .",2022-02-09 13:35:05+00:00,information
1491840656183943197,jalan mulus proses naturalisasi 2 calon pemain timnas indonesia,2022-02-10 18:25:04+00:00,information
1493145374655008772,"tinggal selangkah lagi bela timnas indonesia, sandy walsh mulai kursus bahasa indonesia beritatimnasindonesia kursusbahasaindonesia naturalisasi pssi",2022-02-14 08:49:33+00:00,information
1491245730186801153,exco pssi membeberkan nasib ragnar oratmangoen setelah kevin diks masuk gerbong naturalisasi timnas indonesia. kevindiks,2022-02-09 03:01:02+00:00,information
1496019824690221063,"berikut 3 pemain timnas indonesia yang berpotensi jadi korban, jika bintang viking fk, shayne pattynama, sukses menjalani proses naturalisasi. baca selengkapnya:",2022-02-22 07:11:35+00:00,information
1496820220467433472,"jordy wehrmann jadi buruan naturalisasi timnas indonesia yang ke-4, proses shayne pattynama tengah berlangsung",2022-02-24 12:12:04+00:00,information
1496143963979644928,"berminat bela timnas indonesia, pemain jebolan ajax ajukan naturalisasi ke pssi",2022-02-22 15:24:52+00:00,information
1496795806564642821,"timnas indonesia masuk grup berat, netizen minta pssi percepat proses naturalisasi",2022-02-24 10:35:04+00:00,information
1494585374244438018,update naturalisasi timnas indonesia: tijjani reijnders mulai didekati pssi,2022-02-18 08:11:35+00:00,information
1491414592383119360,naturalisasi pemain timnas indonesia jadi sorotan menpora amali: lebih baik maksimalkan talenta dalam negeri beritaterkini infoterkini jawatimur,2022-02-09 14:12:02+00:00,information
1511283142107217930,"klik bola gol berita terkini : dari 35 pemain naturalisasi, hanya empat nama yang tembus dua digit penampilan bersama timnas indonesia. bahkan, hanya gonzales dan lilipaly yang mencapai kepala dua. sisanya, gagal dengan bermacam…",2022-04-05 10:02:34+00:00,information
1513897894142693386,beritasampit marc klok bertekad bantu timnas indonesia rebut emas sea games 2021 jakarta - pemain naturalisasi marc klok bertekad membantu tim nasional indonesia mewujud...,2022-04-12 15:12:39+00:00,information
1516683235417370628,beritasampit sandy walsh dan jordi amat tak sabar perkuat timnas indonesia jakarta - ketua umum pssi mochamad iriawan menyatakan dua pemain calon naturalisasi sandy walsh dan...,2022-04-20 07:40:36+00:00,information
1510083469879115776,"aksi gila timnas ghana, naturalisasi 2 bintang liga inggris dan 1 liga spanyol jelang piala dunia 2022 lengkapcepatberitanya bola sepakbola sepakboladunia boladunia .",2022-04-02 02:35:29+00:00,information
1519634412941750272,tulung kak sekalian beli pssi ae dan naturalisasi edgar davies biar timnas menangan,2022-04-28 11:07:32+00:00,information
1516654411032186880,kedua pemain itu dilaporkan sudah menandatangani dokumen naturalisasi. saat ini prosesnya tinggal mengurus administrasi di kemenkumham.,2022-04-20 05:46:04+00:00,information
1510901234777083905,"resmi! persib lepas pemain naturalisasi eks timnas indonesia, bakal digantikan dengan siapa?",2022-04-04 08:45:00+00:00,information
1518911278298804224,naturalisasi timnas indonesia: pssi sebut tinggal lengkapi 1 syarat agar sandy walsh dan jordi amat jadi wni,2022-04-26 11:14:03+00:00,information
1514838543272931332,kevin diks memberikan ucapan selamat kepada sandy walsh karena ia telah selangkah lebih dekat untuk menjadi wni dan bisa membela timnas indonesia. indonesia naturalisasi,2022-04-15 05:30:27+00:00,information
1513755276411039744,pssi mau pemain naturalisasi cepat bela timnas indonesia,2022-04-12 05:45:56+00:00,information
1514993197952299009,"beberapa waktu lalu, joseph yang punya dari batak dari ibunya menyatakan siap membela timnas indonesia. indonesia naturalisasi liga1",2022-04-15 15:45:00+00:00,information
1518848579430879233,"proses tertahan, timnas sulit mainkan tiga pemain naturalisasi",2022-04-26 07:04:54+00:00,information
1517423578865860608,sumber: website resmi dinas imigrasi dan naturalisasi kementerian kehakiman dan keamanan belanda . immigratie en naturalisatiedienst ministerie van justitie en veiligheid . sandywalsh shaynepattynama hasaniabdulgani timnas,2022-04-22 08:42:28+00:00,information
1513811663321026560,infogenwanipooll ketua umum pssi mochamad iriawan bilang proses naturalisasi sandy walsh dan jordi amat terus mengalami perkembangan positif. kedua pemain itu diyakini akan bergabung ke timnas indonesia setelah menandatangani dokumen persyaratan menjadi wni.,2022-04-12 09:30:00+00:00,information
1516309383663128578,pssi sebelumnya mengutus dua orang untuk memudahkan proses naturalisasi sandy walsh dan jordi amat. timnasindonesia,2022-04-19 06:55:03+00:00,information
1513401570410786816,"hasani menyatakan bahwa tiga pemuda calon pemain naturalisasi timnas indonesia u-20 itu tidak mengganggu slot naturalisasi untuk pemain senior. saat ini ada tiga pemain sedang diproses naturalisasi, yakni jordi amat, shayne pattynama, dan sandy walsh.",2022-04-11 06:20:26+00:00,information
1517396558446166017,fokus ke proses naturalisasi dan woi. timnas lagi butuh mereka! lelet kerjanya cuman ngarep gaji bulanan brengsek!,2022-04-22 06:55:06+00:00,information
1516649122656550917,perwakilan pssi telah terbang langsung ke belanda dan belgia untuk merampungkan proses naturalisasi sandy wals dan jordi amat. mereka siap bermain untuk timnas. timnasindonesia,2022-04-20 05:25:03+00:00,information
1514084722888314880,pssi sangat serius mengawal proses naturalisasi pemain yang diminta oleh pelatih timnas indonesia shin tae yong pemaineropa,2022-04-13 03:35:02+00:00,information
1514137630199361543,"lanjutkan proses naturalisasi sandy walsh dan jordi amat, pssi bidik shayne pattinama via infosumbar naturalisasi timnas pssi sandywalsh jordiamat",2022-04-13 07:05:17+00:00,information
1516314650572636161,"proses naturalisasi segera rampung, sandy walsh dan jordi amat antusias bela timnas indonesia jordiamat pssi sandywalsh timnasindonesia",2022-04-19 07:15:59+00:00,information
1513532393440743429,"melihat proses naturalisasi yg sejauh ini cukup ""wah"", cuma bisa berharap semoga semua ini bukan sekadar jadi jalan pintas timnas indonesia utk jangka pendek, tapi juga ada solusi jangka panjang untuk ekosistem piramida sepak bola indonesia, semoga!",2022-04-11 15:00:17+00:00,information
1513397684744294402,exco pssi bertemu pemain keturunan yang disiapkan untuk timnas indonesia u-20. bolaskorcom pssi timnasindonesia naturalisasi,2022-04-11 06:05:00+00:00,information
1516319942806712322,"sedikit lagi, sandy walsh dan jordi amat bela timnas indonesia, proses naturalisasi sudah di tahap akhir",2022-04-19 07:37:00+00:00,information
1518863680108171264,"proses terganjal, timnas sulit mainkan 3 pemain naturalisasi",2022-04-26 08:04:55+00:00,information
1517400831745675264,"ditanya soal update naturalisasi calon pemain timnas indonesia, exco pssi bilang begini",2022-04-22 07:12:04+00:00,information
1516399083992322058,"proses naturalisasi segera rampung, sandy walsh dan jordi amat antusias segera bela timnas",2022-04-19 12:51:29+00:00,information
1514991974197370881,"naturalisasi timnas, pssi kejar 5 pemain yang berlaga di eropa",2022-04-15 15:40:08+00:00,information
1514837397111934979,pssi beri kabar baik soal perkembangan naturalisasi pemain untuk timnas indonesia,2022-04-15 05:25:54+00:00,information
1513950966751539201,"- proses naturalisasi sandy dan jordi berjalan mulus, ketum pssi: semoga cepat bergabung ke timnas",2022-04-12 18:43:32+00:00,information
1514808230911913984,"soal pemain naturalisasi, ini harapan ketua umum pssi baca selengkapnya disini mataindonesia pssi timnas naturalisasi",2022-04-15 03:30:00+00:00,information
1514851934939025415,pengumuman new info dari ketum soal naturalisasi. . . pssi naturalisasi timnasday timnasday timnasindonesia timnas . .,2022-04-15 06:23:40+00:00,information
1542137715629719554,dpr punya hak utk merekomendasikan/tidak proses naturalisasi dan ini jelas bisa menjadi batu sandungan bagi amat untuk menjadi wni dan membela timnas indonesia. dan terkait statement pak syaiful ini...... mc,2022-06-29 13:27:37+00:00,information
1541711299897282560,"anggota komite eksekutif (exco) pssi, hasani abdulgani tidak dapat memenuhi tuntutan netizen untuk menyetop proses naturalisasi jordi amat, kecuali diminta oleh pelatih timnas indonesia, shin tae-yong. selengkapnya di sini:",2022-06-28 09:13:12+00:00,information
1542101443381198850,"calon pemain naturalisasi timnas, jordi amat, resmi bergabung jdt dengan status free transfer. belum diketahui berapa durasi kontraknya. dari klub belgia ke jdt. peningkatan atau penurunan?",2022-06-29 11:03:29+00:00,information
1536826733088780288,"pencapaian timnas sepakbola putra indonesia tidak lepas dari tangan dingin ketum pssi, iwan bule. segera naturalisasi beliau jadi iwan lokal. terimakasihsty instywetrust timnasday",2022-06-14 21:43:40+00:00,information
1539384680545275904,"kalau shin oke, pssi ajukan naturalisasi tiga remaja untuk perkuat timnas u-19",2022-06-21 23:08:02+00:00,information
1540680384916373504,"5 pemain naturalisasi yang siap bantu timnas indonesia jadi bintang asia, nomor 1 pernah main di liga spanyol lengkapcepatberitanya bola sepakbola sepakboladunia boladunia .",2022-06-25 12:56:42+00:00,information
1538777376116850694,"minus tiga pemain naturalisasi, shin tae-yong resmi panggil 30 nama untuk tc timnas u-19 indonesia",2022-06-20 06:54:50+00:00,information
1538650501537218560,kisah miris eks penyerang naturalisasi timnas indonesia jhonny van beukering: jadi satpam klub striptis di belanda lengkapcepatberitanya bola sepakbola sepakboladunia boladunia .,2022-06-19 22:30:40+00:00,information
1533423892324311041,"jika melihat alurnya, maka proses naturalisasi sandy walsh dan jordi amat masih cukup panjang. headline",2022-06-05 12:22:00+00:00,information
1540894974430134272,"jordi amat akhir bulan ini resmi lepas dari klub asal belgia, kas eupen. dan tak ada perpanjang kontrak dari klub medioker. jordi sempat mengomentari liga sepak bola di asia semakin maju, dan jordi dikabarkan akan menjadi pemain naturalisasi timnas indonesia.",2022-06-26 03:09:25+00:00,information
1534349494090838016,good news! dokumen para pemain naturalisasi timnas indonesia sedang diproses setneg!,2022-06-08 01:40:00+00:00,information
1540591466329903104,"marc klok resmi bertransformasi, dari nomor punggung 23 menjadi 10 di persib bandung. pemain naturalisasi timnas indonesia itu siap mengemban nomor tersebut.",2022-06-25 07:03:23+00:00,information
1541472357390651392,"lalu, kemudian misalnya, bagaimana jika ada pemain homegrown di liga inggris yang ingin bermain untuk timnas indonesia dan tidak punya passpor indonesia sehingga harus melalui proses naturalisasi, tapi tidak bisa diproses atau tidak disetujui oleh federasi dan pemerintah...",2022-06-27 17:23:43+00:00,information
1542158937038155778,dpr kontol tau apa soal sepakbola anjing heh negara ini kekurangan infrastruktur dr segi apapun kurang masih bilang gamau pake naturalisasi munafik anda kalau emang anda gasuka anda ngomong ke pemerintah buat bikin infrastruktur buat masa depan timnas indonesia dr segala usia,2022-06-29 14:51:57+00:00,information
1533139796163366912,tiga pemain naturalisasi gagal memperkuat timnas indonesia di kualifikasi piala asia 2023 sepakbola beritabaru beritabarujatim beritajatim beritabaruco,2022-06-04 17:33:06+00:00,information
1542144015415533575,3 pemain naturalisasi timnas indonesia diharapkan bisa bermain di fifa matchday lihat selengkapnya:,2022-06-29 13:52:39+00:00,information
1542149779215581184,menpora restui pssi naturalisasi pemain untuk timnas indonesia u-19,2022-06-29 14:15:33+00:00,information
1537712781016895488,berita bola terkini nova88 indonesia klik : amunisi pemain naturalisasi buat timnas indonesia lebih kuat di piala asia 2023,2022-06-17 08:24:30+00:00,information
1549723559387287552,shin tae-yong meminta pssi mempercepat program naturalisasi pemain untuk timnas u19 indonesia agar bisa bersaing di piala dunia u20 2023.,2022-07-20 11:51:03+00:00,information
1550027219594268672,"jakarta, – jelang piala dunia u-20 2023 mendatang, pelatih tim nasional (timnas) indonesia u-19 shin tae-yong menyatakan butuh pemain naturalisasi. shintaeyong pssi pialaduniau20",2022-07-21 07:57:41+00:00,information
1542825341856743424,detiknetwork direktur teknik pssi indra sjafri mengungkapkan shin tae-yong meminta tiga calon pemain naturalisasi asal belanda dipulangkan. kualitasnya belum memuaskan!,2022-07-01 11:00:00+00:00,information
1548595901618212864,"anggota komite eksekutif pssi, hasani abdulgani bercerita tentang kisah awal kedatangan coach shin tae-yong. lihat materi pemain timnas, langsung minta naturalisasi.",2022-07-17 09:10:09+00:00,information
1549770856875843584,"pelatih timnas indonesia, shin tae-yong, meminta pssi mempercepat program naturalisasi pemain khususnya untuk timnas u19. - bola",2022-07-20 14:59:00+00:00,information
1543149139185508353,respons shin tae-yong saat ditanya kelanjutan naturalisasi 3 pemain keturunan timnas indonesia u-19 asal belanda lengkapcepatberitanya bola sepakbola sepakboladunia boladunia .,2022-07-02 08:26:39+00:00,information
1544242176795856896,jordi amat dan sandy walsh berpeluang bela timnas indonesia di fifa matchday september mendatang. naturalisasi hampir kelar!,2022-07-05 08:50:00+00:00,information
1550799278796570625,"cedera egy maulana vikri makin membaik, calon pemain naturalisasi timnas indonesia sandy walsh beri suntikan semangat lengkapcepatberitanya bola sepakbola sepakboladunia boladunia .",2022-07-23 11:05:35+00:00,information
1549760075317006336,"demi tampil maksimal di piala dunia u-20 2023, shin tae-yong minta ada pemain naturalisasi di timnas indonesia u-19 lengkapcepatberitanya bola sepakbola sepakboladunia boladunia .",2022-07-20 14:16:09+00:00,information
1550013835452375040,"ketua pssi, mochamad iriawan memberikan tenggat waktu kepada shin tae-yong hingga agustus 2022 untuk menyetor nama calon pemain naturalisasi timnas indonesia u-19 supaya segera diproses.",2022-07-21 07:04:30+00:00,information
1543560246920384512,"dibutuhkan timnas indonesia, shin tae-yong minta naturalisasi jordi amat tetap lanjut lengkapcepatberitanya bola sepakbola sepakboladunia boladunia .",2022-07-03 11:40:15+00:00,information
1549896970227003392,penyebab 3 calon pemain naturalisasi timnas indonesia u-19 tak dilanjut prosesnya lengkapcepatberitanya bola sepakbola sepakboladunia boladunia .,2022-07-20 23:20:08+00:00,information
1544941460667383808,"proses naturalisasi jordi amat diminta disetop, sty: tak masuk akal juga dia sudah mengorbankan diri sepakbola jordiamat naturalisasi setop timnas jdt johordarultakzim shintaeyong indonesia nasional prmn pikiranrakyat prmnsahabatumkm",2022-07-07 07:08:42+00:00,information
1552957010357862401,"bulan agustus tinggal dikit lagi, belum ada kemajuan soal proses naturalisasi ditambah juga kepastian soal siapa lawan tanding timnas indonesia di fifa match day september nanti. mana pssi kalo ngasih info sering ga valid... ini pada beneran kerja apa kagak sih.",2022-07-29 09:59:38+00:00,information
1549879212806311938,pssi minta kepastian pemain naturalisasi pada agustus 2022,2022-07-20 22:09:34+00:00,information
1543032736994426880,"karena sudah lama disini, beberapa pemain dinaturalisasi ga lewat jalur khusus. sehingga jika mereka juga dihitung sebagai pemain naturalisasi yg gagal ya wajar, krn mereka dinaturalisasi bukan untuk kebutuhan timnas. bahkan yg naturalisasi juga bukan pssi dan kemenpora juga.",2022-07-02 00:44:07+00:00,information
1543034909341921280,belum lg ya pemain2 afrika yg dinaturalisasi di luar pssi dan kemenpora. tp dimasukkan ke narasi dimana naturalisasi pemain ga ada impactnya. ya pemain seperti garba dll bukan levelnya timnas.,2022-07-02 00:52:45+00:00,information
1543029633159143424,di periode tsb juga ada greg dan victor tp ya mereka bagian dari klub kpsi. kemudian di 2015 indonesia yg sudah rujuk antara kpsi pssi dibanned fifa. ada bio paulin yg dinaturalisasi. ada juga fano yg sudah di naturalisasi. hal ini membuat timnas melewatkan kualifikasi pildun.,2022-07-02 00:31:47+00:00,information
1547497517331673088,"fifa matchday 19–27 september waktu yang tepat bagi coach sty panggil dan seleksi pemain keturunan proyeksi timnas u20. bagi max, croque dan boham yang sudah diseleksi tinggal tunggu pengumuman. kalau lolos bisa ke indonesia urus proses naturalisasi.",2022-07-14 08:25:33+00:00,information
1543893896694231040,"pelatih timnas indonesia, shin tae-yong meminta kepada pssi untuk melanjutkan proses naturalisasi jordi amat.",2022-07-04 09:46:03+00:00,information
1549800356376236032,"evaluasi performa timnas indonesia u-19, shin tae yong: kita butuh pemain naturalisasi pssi shintaeyong sty timnasu19 timnasindonesiau19 timnasday",2022-07-20 16:56:13+00:00,information
1549862975149785089,respon pssi soal proses naturalisasi pemain timnas indonesia yang diminta shin tae-yong belum tuntas,2022-07-20 21:05:02+00:00,information
1543852069509283841,"persatuan sepakbola seluruh indonesia (pssi) memutuskan tetap melanjutkan proses naturalisasi untuk calon pemain timnas indonesia, jordi amat.",2022-07-04 06:59:51+00:00,information
1546373454148304897,"pelatih timnas indonesia, shin tae-yong ingin proses naturalisasi jordi amat tetap dilanjutkan",2022-07-11 05:58:56+00:00,information
1550012705158971392,"kualitas 3 pemain calon naturalisasi timnas u-19 dinilai belum mumpuni, tapi ada yang sudah terima menu latihan dari pssi baca selengkapnya disini! mataindonesia calonpemainnaturalisasi timnasindonesia timnasu19 pssi",2022-07-21 07:00:01+00:00,information
1574406492677029889,"pssi era ibul: - tc timnas ga ada dana, dapat apbn via kemenpora, - ga dapat pemain bagus dari sistem kompetisi, dapat bantuan dpr setujui naturalisasi pemain, - friendly mach timnas di jabar ga ada yang nonton, dapat bantuan pengerahan penonton pns dari pemda bogor.",2022-09-26 14:32:13+00:00,information
1565184432301936640,hari ini jordi amat dan sandy walsh dipanggil oleh komisi x dpr ri. mudah-mudahan dengan hadirnya dua pemain naturalisasi tersebut bisa membawa timnas indonesia juara di piala aff 2022 nanti.,2022-09-01 03:47:03+00:00,information
1565307505882066944,"segera bela timnas indonesia, komisi x dpr ri sudah setujui naturalisasi sandy walsh dan jordi amat",2022-09-01 11:56:06+00:00,information
1574681920478547968,"pelatih timnas indonesia, shin tae-yong telah menyerahkan daftar nama calon pemain naturalisasi kepada ketua umum pssi mochamad iriawan. temposport",2022-09-27 08:46:40+00:00,information
1572223241518981124,"ngurusi balbalan barang sahkan naturalisasi 2 pesepakbola, dpr ingin timnas indonesia makin berprestasi",2022-09-20 13:56:45+00:00,information
1572151102749151234,"dpr setujui proses naturalisasi calon pemain timnas, jordi amat dan sandy walsh",2022-09-20 09:10:06+00:00,information
1565200210103771136,"berarti dia membuka fakta bahwa sty ga butuh pemain hasil kompetisi yang diputar pssi. padahal muara kompetisi dari klub adalah timnas, bukan malah muara pemain naturalisasi itu adalah dari timnas untuk klub. jadi mending bubarkan pssi dan perbanyak naturalisasi.",2022-09-01 04:49:44+00:00,information
1572329369938563076,"pssi memilih jordi dan sandy, yang masing-masing berasal dari spanyol dan belanda, sebagai pemain naturalisasi untuk memperkuat timnas senior.",2022-09-20 20:58:28+00:00,information
1567787084051787777,"shin tae-yong minta 7 pemain naturalisasi untuk timnas indonesia u-20, pssi bilang begini",2022-09-08 08:09:03+00:00,information
1572400806275747840,"kabar baik menghampiri timnas indonesia lantaran proses naturalisasi sandy walsh dan jordi amat disetujui dalam rapat paripurna dpr ke-5 masa persidangan i tahun sidang 2022-2023, selasa (20/9/2022). keduanya berpeluang tampil di piala aff 2022.",2022-09-21 01:42:20+00:00,information
1574244337449586689,shin tae-yong akhirnya resmi mengajukan beberapa nama calon pemain naturalisasi untuk timnas u-20 indonesia. tim pssi siap berangkat ke belanda untuk memproses permintaan pelatih asal korea selatan tersebut. banggasepakbolakita,2022-09-26 03:47:52+00:00,information
1567742587813122048,"ketua umum pssi, mochamad iriawan, mengungkapkan dua dari tujuh calon naturalisasi dari belanda sudah menyatakan kesediaannya membela timnas indonesia. kumparanbola",2022-09-08 05:12:14+00:00,information
1573191297690574849,ketum pssi bahas soal timnas indonesia lawan curacao hingga naturalisasi jordi amat dan sandy walsh,2022-09-23 06:03:28+00:00,information
1569257006333972480,sandy walsh semakin gacor bareng mechelen jelang resmi jadi pemain naturalisasi timnas indonesia,2022-09-12 09:30:00+00:00,information
1575090610192596993,ketua pssi ingin shin tae-yong bawa timnas indonesia juara piala aff 2022 dengan 2 tambahan pemain naturalisasi,2022-09-28 11:50:39+00:00,information
1565215660015497216,"ketua umum pssi, mochamad iriawan, mengungkapkan bahwa shin tae-yong telah mengajukan tujuh nama calon pemain naturalisasi untuk timnas u-20. kumparanbola",2022-09-01 05:51:08+00:00,information
1567772682334400514,ketua pssi lapor naturalisasi 7 pemain timnas u-20 ke jokowi,2022-09-08 07:11:49+00:00,information
1565188289446936577,klik bola gol berita terkini : hari ini jordi amat dan sandy walsh dipanggil oleh komisi x dpr ri. mudah-mudahan dengan hadirnya dua pemain naturalisasi tersebut bisa membawa timnas indonesia juara di piala aff 2022 nanti.,2022-09-01 04:02:22+00:00,information
1568040638880546817,jokowi restui pssi naturalisasi 7 pemain timnas u-20 pilihan shin tae-yong untuk piala dunia u20,2022-09-09 00:56:35+00:00,information
1572961906771775490,"soal proses naturalisasi jordi amat dan sandy walsh untuk timnas indonesia, ini harapan ketum pssi lengkapcepatberitanya bola sepakbola sepakboladunia boladunia .",2022-09-22 14:51:57+00:00,information
1568380349968969729,"5 pemain naturalisasi yang bisa dipanggil timnas indonesia untuk hadapi curacao, nomor 1 bomber mu lengkapcepatberitanya bola sepakbola sepakboladunia boladunia .",2022-09-09 23:26:29+00:00,information
1574048087152029696,pssi: calon pemain naturalisasi timnas u-20 sudah final,2022-09-25 14:48:03+00:00,information
1575634640223641600,"pemain naturalisasi timnas indonesia marques bolden resmi dikontrak klub nba, milwaukee bucks. bucks secara resmi mengumumkan bergabungnya bolden pada senin 26 september 2022.",2022-09-29 23:52:26+00:00,information
1572268217149845505,"sah, dpr menyetujui naturalisasi jordi amat dan sandy walsh",2022-09-20 16:55:28+00:00,information
1568405143078461442,5 pemain naturalisasi ini bisa dipanggil shin tae-yong untuk fifa matchday lawan curacao: termasuk ilija spasojevic.,2022-09-10 01:05:00+00:00,information
1565341673827500032,"gelandang persib bandung, marc klok menyatakan bila sandy walsh dan jordi amat banyak biacara dengannya soal proses naturalisasi yang tak mudah untuk membela timnas indonesia. banggasepakbolakita",2022-09-01 14:11:52+00:00,information
1565724372295471104,"komisi x dpr ri juga menyetujui sandy walsh dan jordi amat untuk dinaturalisasi. tapi, mereka diberi tuntutan tak sekadar bermain di timnas indonesia.",2022-09-02 15:32:34+00:00,information
1572452195840462849,ketua dpr harap naturalisasi jordi amat maas dan sandy henny walsh bawa prestasi timnas,2022-09-21 05:06:32+00:00,information
1565516661389955073,"naturalisasi disetujui, komisi x minta jordi dan sandy angkat prestasi timnas: - ketua komisi x dpr ri, syaiful huda, meminta jordi amat dan sandy walsh mengangkat prestasi timnas indonesia. pada kamis 1 september 2022, komisi...",2022-09-02 01:47:12+00:00,information
1565524172729716737,ketum pssi ungkap shin tae-yong incar 7 nama calon naturalisasi untuk timnas u20,2022-09-02 02:17:03+00:00,information
1565263192049307650,ini dia janji manis jordi amat setelah naturalisasi direstui dpr.,2022-09-01 09:00:00+00:00,information
1572961438255419392,"- soal proses naturalisasi jordi amat dan sandy walsh untuk timnas indonesia, ini harapan ketum pssi: jordi amat dan sandy walsh tak bisa ikut tampil di laga timnas indonesia vs curacao",2022-09-22 14:50:05+00:00,information
1572272611773779975,"sahkan naturalisasi 2 pesepakbola, dpr ingin timnas indonesia makin berprestasi",2022-09-20 17:12:56+00:00,information
1565557981437378561,"dua pemain naturalisasi calon penggawa timnas indonesia, jordi amat dan sandy walsh, selangkah lagi bisa berseragam skuad garuda. setelah sebelumnya komisi iii dpr menyetujui naturalisasi, komisi x dpr juga turut merestuinya.",2022-09-02 04:31:24+00:00,information
1572173724748378112,dpr terima surat jokowi soal naturalisasi shayne pattynama ke timnas indonesia,2022-09-20 10:40:00+00:00,information
1565596094288932864,"naturalisasi disetujui, komisi x minta jordi dan sandy angkat prestasi timnas naturalisasi jordi sandy timnasday",2022-09-02 07:02:50+00:00,information
1565362607061549059,proses naturalisasi dua pemain timnas indonesia jordi amat dan sandy walsh akhirnya disetujui komisi x dpr ri. ketum pssi iwan bule sampaikan terima kasih. timnasindonesia,2022-09-01 15:35:03+00:00,information
1572242309059866624,"naturalisasi sandy walsh disetuji dpr, asnawi mangkualam dapat pesaing baru di timnas indonesia via",2022-09-20 15:12:31+00:00,information
1568819053371994113,timnas indonesia gagal naturalisasi 2 pemain berbakat asal belanda naturalisasi pemainketurunan pssi timnasindonesia,2022-09-11 04:29:44+00:00,information
1572601354933407747,"kabar gembira! jordi amat dan sandy walsh bisa perkuat timnas indonesia, dpr ri sahkan naturalisasi keduanya",2022-09-21 14:59:15+00:00,information
1572402733763657730,"dpr republik indonesia resmi menyetujui permohonan proses naturalisasi calon pemain timnas indonesia, jordi amat dan sandy walsh. bolaskorcom pssi timnasindonesia naturalisasi",2022-09-21 01:50:00+00:00,information
1575335810965991424,"pssi mengutus direktur teknik indra sjafri ke belanda, guna memantau 7 calon pemain keturunan naturalisasi timnas indonesia u-20. bolaskorcom pssi timnasindonesia shintaeyong",2022-09-29 04:05:00+00:00,information
1574217965134053376,"shin tae-yong resmi ajukan nama pemain naturalisasi untuk timnas indonesia u-20, pssi siap terbang ke belanda",2022-09-26 02:03:05+00:00,information
1565302294534561792,"setujui naturalisasi jordi amat dan sandy walsh, komisi x: semoga bisa membawa timnas indonesia berprestasi",2022-09-01 11:35:23+00:00,information
1566399167773085696,"naturalisasi jordi amat dan sandy walsh disetujui dpr, timnas indonesia makin kuat",2022-09-04 12:13:58+00:00,information
1478612532243750912,"hasani abdulgani ditugaskan membantu proses naturalisasi empat pemain yang telah direkomendasikan pelatih timnas indonesia, shin tae-yong. empat nama yang dimaksud yakni jordi amat, sandy walsh, mees hilgers, dan ragnar oratmangoen.",2022-01-05 06:21:13+00:00,information
1481600435492306948,harapan pssi: 4 pemain naturalisasi segera bisa bela timnas indonesia di tahun 2022,2022-01-13 12:14:05+00:00,information
1483337288021344256,anggota komisi eksekutif pssi haruna soemitro mengungkap perdebatan soal naturalisasi empat pemain antara dirinya dengan pelatih timnas indonesia shin tae-yong. tempobola,2022-01-18 07:15:43+00:00,information
1482945292416651266,"soal rencana naturalisasi 4 pemain untuk timnas indonesia, ini penjelasan pssi tempobola",2022-01-17 05:18:04+00:00,information
1482152564426567680,pssi menargetkan 4 pemain naturalisasi yang baru bisa bela timnas indonesia di kualifikasi piala asia 2023. kumparanbola,2022-01-15 00:48:03+00:00,information
1481588102569234432,"pssi berharap 4 pemain naturalisasi, yakni sandy walsh, jordi amat, mees hilgers, dan ragnar oratmangoen, bisa segera membela timnas indonesia.",2022-01-13 11:25:04+00:00,information
1487868939925594112,"usai timnas indonesia menang atas timor leste, shin tae-yong minta pssi gerak cepat naturalisasi pemain keturunan lengkapcepatberitanya bola sepakbola sepakboladunia boladunia .",2022-01-30 19:22:53+00:00,information
1487587133338521600,proses naturalisasi jordi amat dan sandy walsh ke timnas indonesia menunjukkan titik terang.,2022-01-30 00:43:05+00:00,information
1481469156361109504,pssi: 4 calon pemain naturalisasi bersedia bela timnas indonesia,2022-01-13 03:32:25+00:00,information
1479457829761077250,"5 pemain naturalisasi yang gagal total bersama timnas indonesia, nomor 1 sempat tersandung masalah hukum lengkapcepatberitanya bola sepakbola sepakboladunia boladunia .",2022-01-07 14:20:08+00:00,information
1483043926097416195,"haruna soemitro kritik naturalisasi pemain keturunan di eropa untuk timnas indonesia, begini pembelaan sekjen pssi",2022-01-17 11:50:00+00:00,information
1482631567759790081,"mees hilgers, bek muda yang disinyalir sedang dalam proses naturalisasi ke timnas tampil baik sepanjang musim eredivisie. 17 games 1 goal 1 assist 50 passes/90 80% pass acc 2.8 tackles won/90 1 interception/90 2.9 clearances/90 stats via",2022-01-16 08:31:26+00:00,information
1482939121215565826,respons pssi perihal kritik haruna soemitro kepada shin tae-yong dan program naturalisasi timnas indonesia,2022-01-17 04:53:32+00:00,information
1478985091464368129,"proses naturalisasi calon pemain timnas, dua rampung, dua proses",2022-01-06 07:01:38+00:00,information
1485749409594118144,"3 pemain naturalisasi timnas indonesia yang bobol gawang timor leste, nomor 1 bomber rans cilegon fc lengkapcepatberitanya bola sepakbola sepakboladunia boladunia .",2022-01-24 23:00:37+00:00,information
1481776799139131392,"demi hadapi turnamen ini, pssi siapkan 4 pemain naturalisasi untuk bela timnas indonesia",2022-01-13 23:54:53+00:00,information
1481091057945305092,"pssi sedang berupaya menaturalisasi empat pemain keturunan indonesia yang bermain di eropa, salah satunya ragnar oratmangoen. simak profil keempat pemain tersebut dalam infografis berikut: cnnindonesia",2022-01-12 02:30:00+00:00,information
1480435851628711936,"kelar proses naturalisasi siap turun nih hs8 main timnas, yg nonton latihan aja dah rame newnormal minifootball",2022-01-10 07:06:26+00:00,information
1480758385390006275,"berita timnas indonesia: update proses naturalisasi sandy walsh dan jordi amat, dokumen sudah lengkap lewat",2022-01-11 04:28:04+00:00,information
1481588344702517253,pssi harap 4 pemain naturalisasi bisa segera bela timnas indonesia,2022-01-13 11:26:02+00:00,information
1487204349311094784,2 pemain keturunan kabarnya semakin dekat berseragam timnas indonesia setelah proses naturalisasi berjalan lancar. naturalisasi,2022-01-28 23:22:02+00:00,information
1479626409060409344,"penggemar timnas indonesia pernah trauma dengan proyek naturalisasi gagal yang pernah diusung pssi. kali ini federasi kembali menggaungkan proyek serupa, namun tak sama. baca di analisis cnnindonesia.",2022-01-08 01:30:00+00:00,information
1480796691422973952,berita hangat pemain naturalisasi sandy walsh dan jordi amat timnas indonesia,2022-01-11 07:00:17+00:00,information
1486637256043606018,"kian dekat dengan timnas indonesia, dokumen naturalisasi jordi amat dan sandy walsh resmi diajukan kemenpora",2022-01-27 09:48:36+00:00,information
1487540061306429445,exco pssi hasani abdulgani menyampaikan kabar baik soal proses naturalisasi pemain untuk timnas indonesia. timnasindonesia,2022-01-29 21:36:02+00:00,information
1481834718178201606,pssi memberikan angin segar bagi timnas indonesia terkait proses naturalisasi 4 pemain ini. timnasindonesia,2022-01-14 03:45:02+00:00,information
1478623081916616704,"program naturalisasi untuk empat pemain keturunan yang dilakoni pssi kembali mendatangkan kabar positif: mees hilgers dan ragnar oratmangoen, menyatakan siap untuk dipanggil timnas indonesia. baca selengkapnya:",2022-01-05 07:03:08+00:00,information
1478976196373217281,"profil ragnar oratmangoen, bidikan naturalisasi pssi pilihan shin tae yong untuk timnas indonesia pssi shintaeyong",2022-01-06 06:26:17+00:00,information
1478978153951346689,ragnar oratmangoen gelandang klub elit belanda yang siap bela timnas indonesia beritatimnasindonesia hasanabdulgani ligabelanda naturalisasi,2022-01-06 06:34:04+00:00,information
1482711188371042317,"update proses naturalisasi, dua pemain eropa dikabarkan semakin dekat jadi milik timnas indonesia.",2022-01-16 13:47:49+00:00,information
1482719415842275338,"tatap piala asia 2023, pssi siapkan naturalisasi 4 pemain keturunan untuk bela timnas indonesia",2022-01-16 14:20:30+00:00,information
1485924891769864196,"resmi, 2 pemain naturalisasi kelas eropa berhasil, shin tae yong percaya diri timnas indonesia u-23 juara",2022-01-25 10:37:56+00:00,information
1481599476129476608,"masih dalam proses naturalisasi, empat pemain segera perkuat timnas indonesia",2022-01-13 12:10:16+00:00,information
1479111189128888321,tampaknya keberadaan pemain hsl naturalisasi perannya belum begitu menonjol tuk timnas garuda. pssi optimalkan pemain lokal dalam timnas,2022-01-06 15:22:42+00:00,information
1869761670069071968,"1 match 3 gol, tolong pak diproses calon striker naturalisasi timnas keturunan jepang, dari mukanya sih ada aura aura kabut dieng.",2024-12-19 15:08:15+00:00,information
1870489615536386497,"timnasday sepak bola indonesia diskusi mengenai kualitas sepak bola indonesia tanpa pemain naturalisasi merupakan topik yang menarik dan sering kali menjadi perdebatan di kalangan penggemar sepak bola. berdasarkan informasi yang tersedia: beberapa sumber menyatakan bahwa pemain naturalisasi telah memberikan kontribusi signifikan dalam meningkatkan kualitas permainan tim nasional indonesia. misalnya, peningkatan peringkat fifa dari 175 ke 150 dianggap sebagai bukti bahwa naturalisasi membawa dampak positif. pemain naturalisasi, yang sering kali memiliki pengalaman bermain di liga-liga kompetitif di eropa, membawa keterampilan dan strategi yang bisa meningkatkan level permainan timnas. di sisi lain, ada yang berpendapat bahwa naturalisasi bukan solusi jangka panjang untuk sepak bola indonesia. kritik ini mengutarakan bahwa fokus pada naturalisasi dapat menghambat perkembangan pemain lokal dan tidak menyelesaikan masalah pokok seperti infrastruktur yang kurang memadai, pembinaan pemain muda yang tidak optimal, dan kualitas kompetisi domestik yang perlu ditingkatkan. ada kekhawatiran bahwa tanpa pemain naturalisasi, kualitas permainan timnas indonesia akan kembali ke level yang lebih rendah, menunjukkan ketergantungan yang mungkin tidak sehat untuk perkembangan sepak bola nasional. beberapa mengkritik sistem naturalisasi sebagai cara instan yang menutupi kegagalan dalam pembinaan sepak bola domestik, sementara yang lain melihatnya sebagai kebutuhan untuk bersaing di level internasional, terutama dalam jangka pendek. kualitas sepak bola indonesia tanpa pemain naturalisasi mungkin belum seoptimal yang diharapkan, namun ini juga mendorong diskusi lebih lanjut tentang bagaimana memperbaiki sistem pembinaan dan kompetisi lokal agar tim nasional dapat berprestasi tanpa bergantung pada pemain naturalisasi.",2024-12-21 15:20:51+00:00,information
1871698001670103354,"jay idzes. sempat banyak diremehin waktu pssi naturalisasi dia, krn dianggap bukan pemain grade a stok bek timnas udh banyak. tp pada akhirnya dia bs membuktikan kualitasnya di lapangan. skrg main di serie-a jd sosok leader di timnas. our captain, bang jay!!",2024-12-24 23:22:32+00:00,information
1868872279037559072,"emil audero mulyadi, penjaga gawang como 1907 kelahiran indonesia itu kembali menunjukkan ketertarikan untuk membela timnas indonesia. dengan darah indonesia dari sang ayah, proses naturalisasi kiper yang pernah bermain untuk juventus dan inter milan ini diharapkan segera terealisasi. ""kita lihat saja nanti, mudah-mudahan lancar,"" ujar emil saat ditanya soal proses naturalisasi. sinpotv emilaudero timnasindonesia naturalisasi",2024-12-17 04:14:07+00:00,information
1872495233361145857,"sesuai disclaimer, ini cuma ngelist pemain sesuai dgn tahun eligiblenya saja. tidak melihat kemampuan juga kecocokan dgn timnas. mereka yg sudah 5 tahun, tanpa dibantu pssi dan kemenpora sebenernya bisa ngajuin naturalisasi dan tanpa lewat dpr. tp prosesnya sgt lama.",2024-12-27 04:10:27+00:00,information
1873370638171230222,"di balik 'naturalisasi' pemain timnas sepakbola yg kayanya cepet dan lgsg banyak, ada proses besar yg jd tulang punggungnya: tim riset kemenpora yg ngumpulin data dr world bank, rekomen pelatih, smp wom diaspora. hormat ngga bisa turun buat pak hamdan.",2024-12-29 14:09:00+00:00,information
1872168534438183388,catat !! timnas u-20 indonesia gagal ke semifinal piala asia u-20 di china kalah power dgn: uzbekistan iran yaman akibat pelatih anti naturalisasi pro lokal pret pssi erick thohir ratu tisha kitagaruda update score bola timnas indonesia,2024-12-26 06:32:16+00:00,information
1872092463957262593,4 pemain naturalisasi tambahan yang resmi main di laga timnas indonesia vs bahrain di kualifikasi piala dunia 2026,2024-12-26 01:29:59+00:00,information
1869390720974631146,"emil audero beri kode peluang membela timnas indonesia. meski proses naturalisasi belum selesai, emil harap bisa perkuat garuda. idncitizen promedia",2024-12-18 14:34:14+00:00,information
1870986486520422775,"era nurdin itu proyek naturalisasi era pertama di pssi total 12 pemain blm selesai saat lengser. era djohar hanya lanjutkan proses yg sudah berjalan, tidak ada pemain baru. karena sebulan menjabat ketum lgsg berhentikan program naturalisasi lewat surat no. skep/18/jah/viii/2011",2024-12-23 00:15:14+00:00,information
1867461841301254167,wajah asli timnas indonesia. pssi pengen cara instan dengan naturalisasi pemain tanpa memperhatikan pembinaan dan liga lokal. inilah hasilnya.,2024-12-13 06:49:33+00:00,information
1872086446083059913,"iki masalah e duduk di sty ne gak se, federasi ne bos, mambu. kompetisi bobrok, pembinaan usia muda kacaw. kalo ngandelin naturalisasi mah yaudah gausah ada aja pssi, cukup manajemen timnas. kalo sty out sebetulnya buat nyelametin dia aja dr federasi yg mambu",2024-12-26 01:06:05+00:00,information
1871403036247236744,catat !!! timnas indonesia u-20 gagal di pa u-20 2025 akibat 1. terlambat naturalisasi: demyan oosterhuis sem yvel tim geypen dion markx sacha deighton 2. kesombongan pelatih anti naturalisasi pssi erick thohir ratu tisha kitagaruda update score bola,2024-12-24 03:50:27+00:00,information
1870692652758532345,"sudah jalani proses naturalisasi, pemain abroad ini tak pernah dipanggil main di timnas indonesia timnasindonesia naturalisasi sepakbola",2024-12-22 04:47:38+00:00,information
1872317160577765621,"6 pemain naturalisasi tambahan yang resmi main di laga timnas indonesia vs australia di kualifikasi piala dunia 2026, nomor 1 berharga rp151 miliar! lewat",2024-12-26 16:22:51+00:00,information
1869579836861399245,naturalisasi ole romeny masih membutuhkan beberapa dokumen untuk diproses lintas-kementerian hingga dpr. pssi yakin striker fc utrecht itu dapat membela timnas indonesia dengan tepat waktu.,2024-12-19 03:05:42+00:00,information
1800170313508143372,"timnas indonesia kini diisi pemain dari belanda!⁠ ⁠ duta besar belanda, lambert grijns yakin bahwa proyek naturalisasi pssi yang banyak memanggil pemain keturunan indonesia di negaranya dapat memperkuat timnas garuda.⁠ ⁠ saksikan pembahasan lengkap dan eksklusif hanya di ⁠ ⁠ diptalk diptalkdubesbelanda brand igp timnasindonesia belanda pemain kumparan",2024-06-10 14:17:02+00:00,information
1803187348613828821,"sosok penting yang buat thom haye mau dinaturalisasi dan perkuat timnas indonesia, sekali telepon bintang belanda itu langsung bersedia: sosok fardy bachdim jadi salah satu kunci dibalik suksesnya proses naturalisasi thom haye hingga perkuat timnas…",2024-06-18 22:05:40+00:00,information
1805148856801452359,"pssi adalah induk olahraga yang jadi magnet utama. karena itu, tindak-tanduk pssi selalu jadi perhatian. simak whatthefact! sportsbiz “arya sinulingga bicara soal timnas, naturalisasi, hingga bisnis sepak bola” senin (24/6) pukul 19.00 wib cnnindonesia",2024-06-24 08:00:00+00:00,information
1806326835330027942,"pssi kembali merampungkan proses naturalisasi satu pemain keturunan belanda, jens raven. ia diproyeksikan untuk menambah amunisi baru lini serang timnas indonesia. . pemain yang baru berusia 18 tahun itu telah resmi mengucapkan sumpah kewarganegaraan sebagai warga negara indonesia (wni) pada kamis, 27 juni 2024. jens yang saat ini membela fc dordrecht u-21 bakal memperkuat skuad timnas u-19. . ketua umum pssi, erick thohir menyambut positif kedatangan jens raven di timnas indonesia. pemain kelahiran 1 oktober 2005 ini selain memperkuat timnas u-19, juga bisa menjadi pelapis penyerang di tim senior. . yudianto nugraha/prmn . selengkapnya cek link: . jensraven pssi sty pialadunia2026 prmn",2024-06-27 14:00:52+00:00,information
1802516591743291844,baiknya jersey timnas indonesia kandang: merah atau putih tandang: orange skuad timnas belanda euro2024 pun banyak naturalisasi nya timnas pusat timnas cabang timnas indonesia pssi ratu tisha erick thohir timnas u-20 timnas u-17 kitagaruda dpr ri kemenpora netherland,2024-06-17 01:40:19+00:00,information
1803719431811739771,pssi segera mengurus proses naturalisasi dari pemain keturunan yang diproyeksikan membela timnas indonesia u-20 besutan indra sjafri. timnasindonesiau20 timnasindonesia pssi indrasjafri naturalisasi pemainketurunan turunminum informasibolaindonesia mediaturunminum,2024-06-20 09:19:58+00:00,information
1803664576485138905,"pssi tetap berniat meneruskan proses naturalisasi pemain keturunan muda yang baru-baru ini mentas bersama timnas u-20 indonesia. padahal, tim besutan indra sjafri sama sekali tak pernah mencatatkan kemenangan dalam empat laga di toulon cup 2024",2024-06-20 05:42:00+00:00,information
1803080371602645255,pssi jawab rumor soal timnas indonesia mulai naturalisasi kevin diks dan ole romeny,2024-06-18 15:00:34+00:00,information
1806518114081021967,"profil jens raven, pemain naturalisasi timnas u-19 resmi jadi wni",2024-06-28 02:40:56+00:00,information
1803042484467167564,"terkait kabar naturalisasi kevin diks dan ole romeny, begini jawaban pssi.",2024-06-18 12:30:01+00:00,information
1803465273602875888,"menpora ri, dito ariotedjo ditanya mengenai perkembangan rencana naturalisasi kevin diks dan ole romeny. dito menyebut proses naturalisasi itu masih ada di pssi.",2024-06-19 16:30:02+00:00,information
1805858534376227114,pssi komentari biaya mahal sidang maarten paes dan update pemain naturalisasi di timnas indonesia selengkapnya,2024-06-26 07:00:00+00:00,information
1801417633096732680,"pemain timnas senior keturunan yng tidak melalui proses naturalisasi cuma 2 pemain, irfan bachdim dan elkan baggott. konten inews tidak ada yng salah. jadi kesimpulannya lu lawak",2024-06-14 00:53:27+00:00,information
1803509077533925660,"3 pemain naturalisasi yang pindah klub setelah resmi gabung timnas indonesia, nomor 1 tinggalkan liga belanda",2024-06-19 19:24:06+00:00,information
1803702738439790856,"salah, pssi naturalisasi bek timnas belanda virgil van dijk",2024-06-20 08:13:38+00:00,information
1806348530027725035,"resmi! jens raven striker muda naturalisasi baru timnas indonesia dikenalkan pssi, siap bela garuda! lewat",2024-06-27 15:27:04+00:00,information
1801556372439384248,program naturalisasi bukti: pelatih klub liga gak mampu melatih dan menghasilkan pemain lokal level afc utk kepentingan timnas indonesia kitagaruda pssi ratu tisha erick thohir tabloid bola update score bola,2024-06-14 10:04:45+00:00,information
1806633610910597269,bobroknya kualitas: .kompetisi liga sepakbola .pelatih klub liga .aturan kuota 5 dan 8 pemain asing .pengurus pssi bisa dilihat dari komen media chn: kalo gak ada pemain naturalisasi mah gampang ratu tisha erick thohir timnas indonesia kitagaruda,2024-06-28 10:19:53+00:00,information
1806556365210656947,"jens raven resmi berstatus wni, jadi amunisi tambahan lini serang timnas indonesia jensraven naturalisasi wni amunisi lini timnasindonesia beritanasional jumat",2024-06-28 05:12:56+00:00,information
1805567460961403286,[breaking news ] cole palmer memilih untuk bergabung dengan timnas indonesia untuk kualifikasi piala dunia ronde ke-3 nanti dikarenakan tak kunjung dimainkan oleh southgatel pada ajang euro 2024. proses naturalisasi cole palmer akan segera diproses oleh pssi.,2024-06-25 11:43:23+00:00,information
1806542980276519191,jens raven pemain naturalisasi timnas indonesia resmi jadi wni,2024-06-28 04:19:45+00:00,information
1805466145585041890,"ketua umum pssi, erick thohir, menentang keras adanya pemain titipan di timnas indonesia. . . . support by apple88 [gamesl()t autocuan]: apple88 apple88sportsnews pssi maurozijlstra timnasindonesia naturalisasi",2024-06-25 05:00:47+00:00,information
1849300308452929845,"media belanda, voetbal primeur, membeberkan ada dua pemain timnas belanda u-21, ryan flamingo dan million manhoef yang berpotensi dinaturalisasi untuk perkuat timnas indonesia. ryanflamingo millionmanhoef timnasindonesia naturalisasi wni belandau21 infobola beritabola",2024-10-24 04:02:06+00:00,information
1851670933251199198,"pssi beri kabar baik buat timnas indonesia jelang kualifikasi piala dunia 2026, bahrain bisa makin kesal bertemu garuda: anggota komite eksekutif pssi, arya sinulingga sampaikan kabar baik buat timnas indonesia perihal pemain naturalisasi baru jelang…",2024-10-30 17:02:07+00:00,information
1849738104850219149,"kevin diks tak bisa debut november 2024, proses naturalisasi mepet pendaftaran pemain timnas indonesia ke afc : proses naturalisasi kevin diks ternyata terlalu mepet dengan pendaftaran pemain timnas indonesia ke afc.",2024-10-25 09:01:45+00:00,information
1849813974440870389,pssi ungkap proses 3 calon pemain naturalisasi timnas indonesia u-20: kabar terkini mengenai proses tiga calon pemain naturalisasi timnas indonesia u-20.,2024-10-25 14:03:14+00:00,information
1848671700243935465,kevin diks dalam bio instagramnya telah menambahkan timnas indonesia. semoga proses naturalisasi nya cepat lancar agar bisa bermain melawan jepang arab saudi november nanti.,2024-10-22 10:24:14+00:00,information
1848907374553428104,"kiper asing persib pamer ketenaran ke denmark, beri saran pada kevin diks yang segera gabung timnas indonesia: kevin ray mendoza bahkan memberikan saran bagi calon pemain timnas indonesia, kevin diks yang tengah menjalani proses naturalisasi.",2024-10-23 02:00:43+00:00,information
1848274098910330885,"pssi angkat bicara soal kabar proses naturalisasi kevin diks, shin tae-yong dijamin full senyum jelang laga timnas indonesia di kualifikasi piala dunia: sekjen pssi, yunus nusi membagikan informasi terbaru soal proses naturalisasi kevin diks jelang…",2024-10-21 08:04:19+00:00,information
1848092480270700752,"prabowo-gibran resmi dilantik, 3 pemain keturunan ini bakal dinaturalisasi untuk gabung timnas indonesia, mereka adalah...: di awal masa pemerintahan prabowo dan gibran, mereka akan dihadapkan dengan proses naturalisasi tiga pemain keturunan ini, agar…",2024-10-20 20:02:37+00:00,information
1847079358902710278,"5 tanda kevin diks segera jalani proses naturalisasi untuk perkuat timnas indonesia, nomor 1 bikin heboh! a thread",2024-10-18 00:56:50+00:00,information
1851258974173372755,"ketum pssi, erick thohir mengatakan saat ini sudah mulai banyak pemain keturunan yang tertarik untuk membela timnas indonesia. erick berharap komisi x dpr ri dapat memberikan dukungan untuk memperlancar proses naturalisasi. erickthohir pssi timnasindonesia naturalisasi dpr",2024-10-29 13:45:08+00:00,information
1847639508499697835,"dapat suntikan tenaga baru, dua pemain asal belanda berdarah indonesia ini siap jalani proses naturalisasi, ketua umum pssi perkenalkan...: setelah kevin diks dikabarkan segera menjalani proses naturalisasi, kali ini ketua umum pssi, erick thohir kembali…",2024-10-19 14:02:40+00:00,information
1851187219739857230,"demi percepat naturalisasi pemain timnas indonesia, erick thohir minta dukungan komisi x dpr",2024-10-29 09:00:01+00:00,information
1848604119201947965,"menpora dito ariotedjo bergerak cepat dalam mengurus berkas naturalisasi kevin diks, calon pemain naturalisasi untuk timnas indonesia yang diusulkan oleh pssi.",2024-10-22 05:55:42+00:00,information
1846887167081304364,"pelatih timnas indonesia, shin tae-yong, berharap proses naturalisasi kevin diks dapat segera diselesaikan agar pemain keturunan tersebut bisa memperk...",2024-10-17 12:13:08+00:00,information
1847835706305237308,"pemain keturunan indonesia, pascal struijk beri kode dirinya siap memperkuat timnas indonesia. pascalstruijk timnasindonesia naturalisasi wni leedsunited infobola beritabola bolaindonesia turunminum",2024-10-20 03:02:18+00:00,information
1851168971795677202,"jakarta, 29 oktober 2024 – ketua umum pssi, erick thohir, mengabarkan bahwa minat para pemain keturunan untuk bergabung dengan timnas indonesia semakin meningkat. erick menyatakan bahwa dukungan komisi x dpr ri sangat diperlukan agar proses naturalisasi pemain dapat berjalan lancar, sehingga pemain diaspora bisa memperkuat timnas di berbagai kategori. ""saya minta dukungan dari komisi x. banyak diaspora kita ingin bergabung,"" kata erick saat ditemui di jakarta. ia menambahkan, beberapa pemain seperti bintang tim nasional wanita dan kevin diks sudah mengajukan surat permohonan untuk menjadi warga negara indonesia (wni). surat tersebut juga telah diteruskan oleh menteri pemuda dan olahraga kepada kemenkumham. erick berharap proses naturalisasi bisa berjalan sesuai target, terutama untuk menambah kekuatan timnas u-20, tim wanita, dan senior. hal ini penting mengingat persiapan tim untuk berbagai turnamen yang berlangsung pada februari dan maret tahun depan. editor : trio kurniadi sumber : gsio",2024-10-29 07:47:30+00:00,information
1850738172109697509,"pssi tengah mempercepat proses naturalisasi dion markx dan tim geypens agar bisa memperkuat timnas indonesia u-20 di piala asia u-20 2025. sekjen pssi, yunus nusi, menyampaikan bahwa keduanya diproyeksikan siap bergabung sebelum turnamen dimulai, dengan target memperkuat sektor penting dalam tim. meski begitu, pengumuman resmi akan menunggu kesepakatan final dengan ketua umum pssi, erick thohir. seperti pola sebelumnya, naturalisasi pemain akan disahkan setelah kedua pemain secara simbolis berjabat tangan dengan erick thohir, memastikan komitmen dan kesiapan mereka bermain untuk indonesia. “kami pastikan setelah pertemuan dengan ketua umum, semua akan diumumkan resmi,” kata yunus. kehadiran kedua pemain ini diharapkan bisa meningkatkan performa tim muda indonesia dalam bersaing di pentas asia. editor : cinndy sumber : kumparan",2024-10-28 03:15:39+00:00,information
1850859993933009030,"sekjend pssi, yunus nusi mengungkapkan perkembangan proses naturalisasi dion markx dan tim geypens untuk membela timnas indonesia u-20. timgeypens dionmarkx yunusnusi timnasindonesia timnasu20 naturalisasi wni pialaasiau202025 infobola beritabola bolaindonesia",2024-10-28 11:19:44+00:00,information
1850439029474631785,"pemain keturunan indonesia, pascal struijk menegaskan dirinya mempertimbangkan untuk membela timnas indonesia. namun ia lebih memperioritaskan tawaran ke timnas belanda. pascalstruijk naturalisasi wni timnasindonesia belanda belgia leedsunited infobola beritabola",2024-10-27 07:26:58+00:00,information
1846416576469520411,"gelandang klub liga primeira porto siap di naturalisasi untuk bela timnas indonesia? ternyata ivan jaime justru menyatakan kalau...: gelandang klub liga liga primeira porto di akan dinaturalisasi untuk bela timnas indonesia? ivan jaime, pemain sepak bola…",2024-10-16 05:03:11+00:00,information
1848771734851535267,pemerintah bersama pssi kejar naturalisasi amunisi baru timnas indonesia jelang lawan jepang,2024-10-22 17:01:44+00:00,information
1846661531960070438,"timnas indonesia kalah 1-2 dari china, pengamat sepakbola minta pssi kebut proses naturalisasi kevin diks",2024-10-16 21:16:33+00:00,information
1847895531244122306,"waketum pssi, ratu tisha menyatakan bahwa program naturalisasi yang dicanangkan untuk timnas indonesia tidak menjadi beban namun malah mendorong sepak bola semakin maju dan berkembang. selengkapnya",2024-10-20 07:00:01+00:00,information
1847519318990606808,hore! naturalisasi kevin diks untuk timnas indonesia sedang diproses,2024-10-19 06:05:05+00:00,information
1850011861556789570,"proses naturalisasi dion markx dan tim geypens, pssi: ditargetkan bela timnas indonesia di piala asia u-20 2025!",2024-10-26 03:09:34+00:00,information
1847907543894679827,"pemain abroad timnas indonesia, mees hilgers dan kevin diks (sedang proses naturalisasi) berburu kemenangan di kompetisi eropa. selengkapnya di youtube golazo boys fctwente fckøbenhavn suwonfc timnasindonesia pssi kitagaruda golazoboys",2024-10-20 07:47:45+00:00,information
1847722462013993466,berita bola singa horor! naturalisasi kevin diks untuk timnas indonesia sedang diproses whatsapp : +62 831-0184-9549 official bola singa,2024-10-19 19:32:18+00:00,information
1849004161746305471,"kevin diksi belum cukup, pssi kebut proses naturalisasi 2 pemain untuk perkuat timnas indonesia lewat timnasindonesia worldcup indonesia",2024-10-23 08:25:19+00:00,information
1850856978941427726,"""timnas indonesia sebenarnya cuma tim lemah tanpa 13 pemain naturalisasi seperti beberapa pertandingan terakhir yang sudah pernah dilaluinya,"" ""itulah yang menyebabkan pssi berhati-hati dalam menyebut target timnas indonesia di turnamen piala aff,"" soha. vn",2024-10-28 11:07:45+00:00,information
1848889789808095432,proses naturalisasi kevin diks tambah kekuatan timnas indonesia di kualifikasi piala dunia 2026 -,2024-10-23 00:50:51+00:00,information
1811365517518840307,resmi: 3 pemain keturunan yang akan jalani proses naturalisasi oleh pssi usai trial dengan timnas indonesia u-20 mereka adalah: - tim geypens (19/fc emmen) - dion markx (19nec nijmegen) - mauresmo hinoke (19/fcdordrecht),2024-07-11 11:42:47+00:00,information
1808770081910108484,ketua umum pssi erick thohir menganggap tidak ada perbedaan antara pemain timnas indonesia lokal dengan naturalisasi. erickthohir naturalisasi diaspora pssi timnasindonesia pemainnaturalisasi,2024-07-04 07:49:27+00:00,information
1811958728201261181,"ketum pssi erick thohir, menyebut saat ini federasi masih membutuhkan 150 pemain untuk memperkuat timnas indonesia. pssi pun membuka kesempatan bagi siapapun pemain yang ingin membela timnas indonesia erickthohir pssi timnasindonesia naturalisasi abroad diaspora infobola",2024-07-13 03:00:00+00:00,information
1813863298187792406,"shin tae-yong full senyum, semua striker eropa milik timnas indonesia resmi pecah telur di skuad garuda: pelatih shin tae-yong bisa tersenyum lebar lantaran para striker naturalisasi dari kompetisi eropa milik skuad garuda sudah catatkan gol buat timnas…",2024-07-18 09:08:04+00:00,information
1811673161077076224,"striker naturalisasi timnas indonesia bikin pengumuman penting jelang dimulainya liga 1 2024/2025: striker veteran ilija spasojevic resmi meninggalkan bali united menjelang dimulainya liga 1 2024/2025, mengakhiri pengabdian setelah enam setengah tahun.",2024-07-12 08:05:15+00:00,information
1816670684904620288,"como 1907 gaet pemain keturunan indonesia, diresmikan hari ini: bukan pemain naturalisasi maupun timnas indonesia, como 1907 memilih untuk membawa mantan kiper inter milan, emil audero.",2024-07-26 03:03:38+00:00,information
1813159708381032538,"madura united resmi mengkontrak pemain asing yang memiliki keturunan indonesia, jordy wehrmann. jordy pernah masuk dalam list incaran sty untuk di naturalisasi, namun belum kesampaian. jordy pernah bermain bersama feyenoord. mantan kapten timnas belanda u-17 itu telah promosi",2024-07-16 10:32:16+00:00,information
1812021281396785288,pssi target naturalisasi estella loupatty dan noa leatomu untuk timnas putri indonesia selesai november 2024 tempobola,2024-07-13 07:08:33+00:00,information
1811052540899049883,"breaking news: mauresmo hinoke, tim geypens dan dion markx segera diproses naturalisasi untuk perkuat timnas indonesia u-19!",2024-07-10 14:59:08+00:00,information
1808770084133089694,lebih lanjut erick menyatakan bahwa yang penting dari pemain timnas adalah merah putihnya. erickthohir naturalisasi diaspora pssi timnasindonesia pemainnaturalisasi,2024-07-04 07:49:28+00:00,information
1812042813179121903,"tak hanya timnas putra, pssi juga menyebut naturalisasi dua pemain keturunan untuk timnas putri, estella loupatty dan noa leatomu.",2024-07-13 08:34:07+00:00,information
1810949587474972692,nama daan rots masuk radar naturalisasi pssi untuk isi posisi striker timnas indonesia. berikut profil si pemain gacor rekan mees hilgers.,2024-07-10 08:10:02+00:00,information
1812759108497338843,federasi sepak bola indonesia atau pssi menargetkan dua calon penggawa timnas putri indonesia estella loupatty dan noa leatomu link daftar ada di bio : .id aso99 aso99sports aso99memesport pssi timnasputri timnasindonesia naturalisasi,2024-07-15 08:00:25+00:00,information
1809508579772363013,sebelum tc di luar negeri timnas u-16 butuh 6 pemain naturalisasi dgn kriteria tb ≥ 185 cm utk mampu bersaing di afc u-17 utk posisi: 2 def 3 midf 1 striker fokus: body building sprint ≥ 33 km/jam pssi ratu tisha erick thohir timnas indonesia,2024-07-06 08:43:59+00:00,information
1814880743690059952,"jens raven tak sumbang gol saat timnas indonesia u-19 mengalahkan kamboja di piala aff, sabtu. ini komentar sang pemain naturalisasi. beritaviral madiun jawapos",2024-07-21 04:31:02+00:00,information
1808765470407028937,nova ngiler cuma 3% pemain timnas u-16 asuhannya yg punya potensi sampai ke timnas indonesia senior: rendy r raihan a mathew b lucas r utk afc u-17 timnas u-16 butuh 6 naturalisasi dgn tb ≥ 185 cm: striker 1 def 2 mid 3 ratu tisha erick thohir pssi,2024-07-04 07:31:08+00:00,information
1814483419688251611,masih juga pbalatak sudah dibilang tidak ada lagi sebutan pemain naturalisasi setelah resmi ktp indonesia pssi ratu tisha erick thohir timnas indonesia kitagaruda tabloid bola update score bola bola cnn indonesia detiksport,2024-07-20 02:12:13+00:00,information
1808856174609248374,masih ada waktu 4 bln utk qualifikasi pa u-17 2025 timnas u-16 butuh 6 naturalisasi dgn tb minimal 185 cm: def 2 mid 3 fwd 1 fokus: sprint ≥ 35 km/jam body building teamwork skill kitagaruda ratu tisha erick thohir nova arianto pssi timnas indonesia,2024-07-04 13:31:33+00:00,information
1811606892008857657,naturalisasi untuk timnas u-20 qualifikasi pa u-20 dan pd u-20: jens raven sacha deighton tim henri victor geypen sem peter yvel dion wilhelmus eddy markx hinoke mauresmo johannes pssi ratu tisha erick thohir timnas indonesia kitagaruda tabloid bola,2024-07-12 03:41:55+00:00,information
1813044900549820773,"pernah tolak naturalisasi timnas indonesia, pemain belanda ini resmi gabung madura united",2024-07-16 02:56:03+00:00,information
1811790765057802718,"ungkapan jens raven setelah menjadi wni, ingin bermain totalitas di timnas. surabaya ( – jens raven, pemain naturalisasi timnas indonesia u19 ini menceritakan kabar bahagianya… video naturalisasi timnas via",2024-07-12 15:52:34+00:00,information
1813105039038120354,"menjelang laga piala aff u-19 2024, pemain naturalisasi timnas indonesia u-19, jens raven, menjadi sorotan. baca selengkapnya di: pialaaff timnasindonesia timnasu19 jensraven pemainsepakbola sepakbolaindonesia pssi oktana",2024-07-16 06:55:01+00:00,information
1773471555122794817,"pemain naturalisasi asal belanda di timnas indonesia semakin banyak, knvb pernah bilang kalau itu...: federasi sepak bola belanda (knvb) pernah meminta kepada pssi agar tidak terlalu banyak menaturalisasi pemain keturunan belanda-indonesia untuk…",2024-03-28 22:05:42+00:00,information
1774014594899755197,"pemain bola naturalisasi bisa tingkatkan prestasi timnas pssi, tapi politisi naturalisasi malah bikin kacau negara",2024-03-30 10:03:33+00:00,information
1770247676699062335,"salah satu pr para pemain keturunan adalah soal bahasa. saat ini sudah ada kurang lebih 12 pemain keturunan naturalisasi di skuad timnas indonesia. oleh karena itu, diakui rekannya, sandy walsh yang resmi jadi wni sejak 2022 sudah sering menggunakan bahasa. sebuah utas~",2024-03-20 00:35:10+00:00,information
1773627730178785756,"proses naturalisasi maarten paes sebenarnya diurus bersamaan dengan thom haye dan ragnar oratmangoen. namun, dua nama terakhir sudah mencatatkan debut manis bersama timnas indonesia, adapun maarten paes secepatnya!",2024-03-29 08:26:17+00:00,information
1773728696819655138,"pssi update naturalisasi maarten paes untuk timnas indonesia, dibawa ke pengadilan arbitrasi olahraga",2024-03-29 15:07:30+00:00,information
1773256379354022335,"menyala nihhh, pantesan bek naturalisasi jay idzes salah satu pemain timnas indonesia kagum dengan ernando... terimkasih pak ketum pssi erick thohir garudamendunia bang jay towel sananta bakso hokben",2024-03-28 07:50:41+00:00,information
1772504068147269904,"profil nathan tjoe-a-on, pemain naturalisasi timnas dengan segudang bakat beritasatu news berita",2024-03-26 06:01:16+00:00,information
1773588909206675878,"tak hanya maarten paes, ada lima pemain grade aaa di eropa yang juga masuk radar naturalisasi pssi. timnas dijamin gacor.",2024-03-29 05:52:02+00:00,information
1773293211575824787,"maarten paes, calon kiper timnas indonesia, pernah membuat lionel messi gagal cetak gol. proses naturalisasi kiper muda itu belum selesai.",2024-03-28 10:17:02+00:00,information
1774029476617433398,"mungkin bepe tidak mengikuti detail proses elkan baggott, yg kasusnya serupa irfan bachdim. di artikel hanya sebut gonzales tanpa irfan, pdhl keduanya debut di timnas berbarengan. lalu arnold van der vin sendiri baru resmi wni lewat naturalisasi tahun 1988.",2024-03-30 11:02:41+00:00,information
1773576491143475627,"pssi tambah pemain naturalisasi buat timnas indonesia,ada 3 nama mencuat,1 sudah resmi wni",2024-03-29 05:02:41+00:00,information
1773068106732306604,"sejauh ini, tercatat ada delapan pemain naturalisasi dalam 1 tahun kepemimpinan erick thohir di pssi. kedelapannya pun dinilai punya talenta mumpuni yang bisa mendongkrak kualitas timnas indonesia",2024-03-27 19:22:33+00:00,information
1772896393369370868,"skrg tiap prtandingan pemain indonesia tuh smakin lbih baik ya, ini jga pasti ada pengaruhnya dri ketua pssi yg skrg pak beliau bsa mmbawa era perubahan buat sepak bola indonesia skrg naturalisasikuncikemenangan transformasi timnas indonesia",2024-03-27 08:00:13+00:00,information
1774002235837677673,hoax: berita ronald koeman soroti pemain naturalisasi timnas indonesia dari belanda,2024-03-30 09:14:27+00:00,information
1772975422847791359,legenda sepak bola indonesia puji pssi untuk program naturalisasi pemain,2024-03-27 13:14:15+00:00,information
1860913811018109083,"ketum pssi, erick thohir, angkat bicara soal rencana naturalisasi pemain keturunan lain untuk timnas indonesia. dia menyatakan bahwa fokusnya kini menyelesaikan naturalisasi ole romeny dulu. setelah itu, dia baru memikirkan pemain-pemain tambahan untuk timnas indonesia. sebelumnya, ole romeny sudah datang ke indonesia dan menyempatkan menonton laga timnas indonesia melawan jepang di sugbk. kehadiran pemain itu ke indonesia untuk menjalani tes kesehatan sebagai tahapan sebelum proses naturalisasi. ""sementara kami fokus ke ole lebih dahulu karena kami butuh penyerang. mudah-mudahan proses ole selesai maret,"" kata erick thohir. okezonecom erickthohir oleromeny",2024-11-25 05:10:01+00:00,information
1859525279368216616,"pssi incar naturalisasi bek fc emmen tim geypens untuk perkuat timnas, ini profilnya",2024-11-21 09:12:29+00:00,information
1862410857235587302,shin tae-yong bisa dorong pssi untuk naturalisasi adrian wibowo menjadi wni,2024-11-29 08:18:44+00:00,information
1861237195996299728,"ole romeny telah menyatakan komitmennya untuk memperkuat timnas indonesia usai bertemu erick thohir. namun, berkas naturalisasi calon striker timnas indonesia tersebut ternyata belum sampai di kemenpora.",2024-11-26 02:35:02+00:00,information
1859366367545397362,"menpora dito ariotedjo memberi informasi terbaru mengenai proses naturalisasi calon pemain timnas indonesia, yakni ole romeny. oleromeny timnasindonesia erickthohir",2024-11-20 22:41:02+00:00,information
1860357682756223015,"pssi tunda proses naturalisasi mauro zijlstra, yussa nugraha ungkap penyebabnya",2024-11-23 16:20:10+00:00,information
1862024877802471891,"sindiran media belanda soal naturalisasi timnas indonesia: pemain resmi yang sudah gabung, ikutan bujuk calon nama lainnya",2024-11-28 06:45:00+00:00,information
1857873624268681399,resmi : ole romeny (24/st) dikonfirmasi akan menjalani proses naturalisasi. jika proses naturalisasi berjalan mulus maka mang ole akan berkesempatan tampil di sisa 4 laga timnas indonesia dalam kualifikasi piala dunia 2026 - round 3,2024-11-16 19:49:24+00:00,information
1858110151183757620,ole romeny debut bareng bocil.. - naturalisasi striker oleromeny pssi timnas garuda erickthohir,2024-11-17 11:29:16+00:00,information
1859507037123510487,"seperti diketahui, pssi memang gencar menjalankan program naturalisasi untuk timnas indonesia. namun, sektor depan terutama striker masih menjadi masalah skuad garuda. selengkapnya",2024-11-21 08:00:00+00:00,information
1859192355120881694,"menpora dito update proses naturalisasi ole romeny, ungkap target bela timnas indonesia",2024-11-20 11:09:34+00:00,information
1860278946211987892,dunia sepak bola indonesia sedang memperdebatkan proses naturalisasi ole romeny yang sedang berlangsung.,2024-11-23 11:07:17+00:00,information
1860757367220232361,"pssi fokus selesaikan naturalisasi ole romeny, setelah itu baru cari gelandang baru untuk timnas indonesia baca selengkapnya : lagu303 judibola judionline sbobet oleromeny",2024-11-24 18:48:22+00:00,information
1858342935387132185,ketua umum pssi erick thohir memberikan isyarat segera memproses naturalisasi pemain fc utrecht ole romeny untuk membela timnas indonesia.,2024-11-18 02:54:16+00:00,information
1859317654525272535,"menpora dito i update /i proses naturalisasi ole romeny, ungkap target bela timnas indonesia via",2024-11-20 19:27:27+00:00,information
1782743124969955493,"van beukering proses naturalisasi 10 okt 2010 (27 thn, riedl) sumpah wni 11 okt 2011 (28 thn, wim) debut timnas indonesia vs 14 nov 2012 (29 thn, nil) ada jarak masing2 1 thn, ada ganti pelatih timnas dri proses sd debut. fisik proses vs fisik debut",2024-04-23 12:07:37+00:00,information
1783154069156364612,"knvb semakin panik, lama-lama bibit unggul pemainnya banyak dinaturalisasi timnas indonesia, sekjen knvb, gijs de jong sampai...: kekuatan timnas indonesia kian sempurna seiring dengan program naturalisasi pssi. pasalnya berbagai prestasi terus diukir…",2024-04-24 15:20:34+00:00,information
1783160994409349158,profil dan biodata fardy bachdim yang jadi sosok penting proses naturalisasi timnas indonesia,2024-04-24 15:48:05+00:00,information
1782693240002707525,"program naturalisasi ini di akhir era ketum nh. ketum baru pssi terpilih dah, sebulan jabat langsung cabut program naturalisasi lewat surat keputusan no. skepi/18/jah/viii/2011. alasannya yang baru ingin membentuk timnas yang lebih andal berbasis kompetisi. (cont)",2024-04-23 08:49:23+00:00,information
1783374336981959006,"masuknya timnas indonesia ke 8 besar disebut oleh tomy welly ada peran dari semunya, trmasuk dari pssi, pelatih hingga pemain naturalisasi sepakbolaindonesia syifa coach justin towel ka'bah koci",2024-04-25 05:55:50+00:00,information
1784899319730229592,pssi dan calon pemain naturalisasi timnas indonesia calvin verdonk sama-sama kasih kode,2024-04-29 10:55:34+00:00,information
1783782675708625053,"akhir2 ini mencoba gak peduli sama sepak bola indonesia, baik itu liga atau timnas. karena ngeliat perkembangan yg gak ada progres, ribut soal jersey, liga yg gak jelas lebih fokus ke naturalisasi dibanding proses jangka panjang.",2024-04-26 08:58:25+00:00,information
1839250559951581608,"buat buzzer² pks simak ini yuk biar segaran dikit itu pikiran, jangan hoax aja yg di banyakin rapat soal kebijakan naturalisasi komisi x dpr ri itu sudah di bahas, program naturalisasi ""pun"" cuma jangka pendek dilakukan selama timnas indonesia menjalani kompetisi di kualifikasi piala dunia 2026. fitnah itu kejam kawan, apalagi membenturkan rano karno dengan opini sesat terhadap pecinta sepak bola tanah air. jakartamenyala prakaruntukjakarta ----- baunya komeng pajak putra mulyono",2024-09-26 10:27:59+00:00,information
1839970416909222234,begini komentar komandan korea bambang pacul terhadap program naturalisasi pemain timnas indonesia oleh pssi.,2024-09-28 10:08:27+00:00,information
1840382972626866216,"""tolong jangan salah sangka"" shin tae-yong dan budi sudarsono angkat bicara soal munculnya kritik terhadap pemain naturalisasi di timnas indonesia. timnasindonesia pssi liga1",2024-09-29 13:27:47+00:00,information
1839149635241390568,"berita tentang rano karno menolak naturalisasi pemain timnas adalah hoax ya gaes. selengkapnya di video ini, rano mewakili pdip sangat senang dengan adanya pemain naturalisasi. pemain dari negara yg kompetisinya ketat mau jadi wni itu syukur sekal, ungkapnya. jakartamenyala",2024-09-26 03:46:57+00:00,information
1839093588795470134,kelakuan buzzer pks!!!!narasinya koq seperti menyudutkan bang doel konteknya kan pssi sedang rapat dengan komisi x dpr ri membahas sepak bola indonesia. komisi x mempertanyakan program naturalisasi yang dilakukan pssi. komisi x yang menanyakan bukan secara pribadi ya,2024-09-26 00:04:14+00:00,information
1840170351793451039,"pemain naturalisasi timnas indonesia, ragnar oratmangoen mendapat julukan ""wak haji"" dari fans sepak bola tanah air. ragnar oratmangoen telah menunjukkan kualitasnya sebagai pemain naturalisasi timnas indonesia paling subur. hal ini mengingatkan ragnar oratmangoen berhasil membawa timnas indonesia meraih satu poin saat bertandang ke arab saudi. simak berita selengkapnya hanya di softnews_olahraga newsone cariberitaditvone ragnaroratmangoen timnasgaruda indonesia naturalisasi shintaeyong sty no03",2024-09-28 23:22:55+00:00,information
1839274826307101093,"mees hilgers tokcer lawan manchester united, langsung banjir pujian setelah sukses 'kantongi' striker anyar red devils: bek fc twente yang tengah dalam proses naturalisasi menjadi wni agar bisa membela timnas indonesia, mees hilgers tampil apik saat…",2024-09-26 12:04:25+00:00,information
1839439961596276958,"kejutan! pssi bocorkan petunjuk pemain naturalisasi baru untuk timnas indonesia setelah mees hilgers dan eliano reijnders: anggota exco pssi, arya sinulingga, memberikan petunjuk soal pemain naturalisasi baru untuk timnas indonesia.",2024-09-26 23:00:36+00:00,information
1839096844527485415,"heran aku tu ama buzzer pks, mereka tu bodo atau males baca ya ? baca judul langsung sebar fitnah pada bang rano karno. diskusi bagus soal naturalisasi yang dibahas bersama komisi x dpr-ri eh diplintir, kalian tu keterlaluan.",2024-09-26 00:17:11+00:00,information
1838867708634599492,"ramai polemik naturalisasi, pssi akhirnya bongkar hubungan pemain timnas indonesia lokal dengan diaspora, mereka itu...: pssi akhirnya berani bongkar hubungan sebenarnya antara para pemain timnas indonesia di tengah polemik naturalisasi.",2024-09-25 09:06:40+00:00,information
1837375149760548957,"ketua umum pssi, erick thohir, memberikan penjelasan mengenai program naturalisasi pemain untuk timnas indonesia dalam konferensi pers di direktorat jenderal imigrasi kemenkumham.",2024-09-21 06:15:47+00:00,information
1840295540166406209,"kiper como fc, emil audero mulyad disebut-sebut bersedia membela timnas indonesia. hal itu disampaikan mamat alkatiri dalam podcast sport77 official yang menghadirkan bintang tamu anggota exco pssi, arya sinulingga. emilaudero timnasindonesia naturalisasi comofc",2024-09-29 07:40:22+00:00,information
1839501422574137581,"pelatih timnas indonesia, shin tae-yong meminta untuk stop meributkan soal program naturalisasi yang dijalankan pssi saat ini. shintateyong naturalisasi timnasindonesia timnasday erickthohir pssi pialadunia2026 infobola",2024-09-27 03:04:50+00:00,information
1838746040088039566,"ada nama besar, tangan kanan erick thohir beri bocoran soal calon pemain naturalisasi timnas indonesia setelah mees hilgers dan eliano reijnders: anggota exco pssi, arya sinulingga memberi bocoran soal calon pemain naturalisasi timnas indonesia setelah…",2024-09-25 01:03:12+00:00,information
1839087033543020775,buzzer pks sebar hoax diskusi bagus soal naturalisasi yang dibahas bersama komisi x dpr-ri untuk kemajuan masa depan sepak bola nasional dipelintir jadi fitnah buat rano karno. siapa pun ga akan rido ! tuhan tidak suka ! camkan itu !,2024-09-25 23:38:12+00:00,information
1836661545977168293,pssi umumkan proses naturalisasi mees dan eliano lancar. keduanya siap memperkuat timnas indonesia.,2024-09-19 07:00:10+00:00,information
1836735572653863030,"dpr kritik naturalisasi timnas, menpora: ini jangka pendek untuk naikkan peringkat fifa",2024-09-19 11:54:20+00:00,information
1838350774398779491,"kabarkan sedang proses naturalisasi, calon pemain timnas indonesia u-20 asyik temui wni di pasar malam belanda",2024-09-23 22:52:34+00:00,information
1837448571857392061,"tambah kekuatan timnas indonesia putri, pssi berencana naturalisasi nikita tromp",2024-09-21 11:07:32+00:00,information
1839870563881496961,kalo mau tambahan untuk kiper timnas indonesia baiknya: cyrus ashkon margono jangan naturalisasi pemain yg pernah menolak bela merah putih spt emil audero pssi ratu tisha erick thohir dpr ri timnas indonesia kitagaruda update score bola kemenkumham,2024-09-28 03:31:40+00:00,information
1839082220591657212,mauro zijlstra menunggu kabar baik dari pssi terkait naturalisasi untuk timnas indonesia,2024-09-25 23:19:04+00:00,information
1838890575740948886,"pede proses naturalisasi segera berjalan, mauro zijlstra ngebet berseragam timnas indonesia",2024-09-25 10:37:32+00:00,information
1840367924860911931,sepak bola indonesia rupanya sedang dipandang dengan sorotan positif di belahan dunia eropa sana. eberhasilan program naturalisasi pemain eropa oleh pssi di timnas indonesia menarik perhatian media asing,2024-09-29 12:28:00+00:00,information
1756119769559007724,jalan maarten paes untuk membela timnas indonesia menemui kendala aturan fifa. peraturan yg mjd kendala dlm proses naturalisasi ini soal batas usia utk membela timnas lainnya. tepatnya statuta fifa 2022 artikel 9 ayat 2 poin b (iii) tentang perpindahan asosiasi. sebuah utas.,2024-02-10 00:55:54+00:00,information
1755964777682338156,"proses naturalisasi maarten paes alami kendala dan terancam batal memperkuat timnas indonesia. anggota exco pssi, arya sinulingga buka suara terkait proses naturalisasi maarten paes yang terkendala aturan fifa. pssi menegaskan tetap akan melanjutkan proses naturalisasi paes hingga menjadi wni. proses naturalisasi maarten paes terganjal aturan fifa soal player eligibilty yang menyebutkan jika seorang pemain masih bisa membela timnas negara baru asalkan tidak memainkan pertandingan level apapun bersama negaranya yang sekarang sebelum usia 21 tahun. menurut arya, pssi akan melakukan langkah yang terbaik demi proses paes menjadi wni. ""langkah-langkah berikutnya bisa dilakukan. jadi tahapan tahapan apakah kita berunding atau apa namanya atau melakukan proses-proses yang memang sudah sesuai dengan ketentuan fifa akan kita lakukan tapi dengan syarat paes harus tetap diproses sampai wni,"" paes juga tercatat pernah memperkuat timnas belanda di hampir semua kelompok usia mulai dari u-19, u-20 dan u-21. bagaimana tanggapanmu? : cnn indonesia",2024-02-09 14:40:01+00:00,information
1761989329675821124,"gelandang crystal palace, jairo riedewald tengah menjadi sorotan yang masuk dalam radar naturalisasi untuk timnas indonesia. ada tiga alasan kuat mengapa dirinya layak membela skuad garuda. bolaskorcom jairoriedewald pssi timnasindonesia naturalisasi crystalpalace",2024-02-26 05:39:27+00:00,information
1758779167997595865,edy rahmayadi protes indonesia terlalu banyak naturalisasi erickthohir edyrahmayadi timnas indonesia pssi shintaeyong,2024-02-17 09:03:24+00:00,information
1754883927381279213,"dua pemain keturunan, thom haye dan ragnar oratmangoen terancam batal melakoni laga debutnya bersama timnas indonesia usai proses naturalisasinya tert...",2024-02-06 15:05:07+00:00,information
1757992270933156046,"edy rahmayadi minta pssi evaluasi program naturalisasi untuk timnas indonesia, singgung jumlah penduduk hingga ratu tisha",2024-02-15 04:56:33+00:00,information
1757560545962799615,proses naturalisasi ragnar dan tom haye masih terkendala tomhaye ragnar timnas indonesia erickthohir,2024-02-14 00:21:02+00:00,information
1756691081960591523,"pelatih berdarah jerman-jepang ini singgung pemain naturalisasi timnas indonesia, dia beri saran untuk pssi agar …",2024-02-11 14:46:06+00:00,information
1757002174440042654,"hasani abdulgani menyatakan bahwa proses naturalisasi maarten paes memang benar berbenturan dengan aturan fifa. namun, mantan kiper timnas belanda tesebut masih bisa membela timnas indonesia jika pssi jeli melihat celah.",2024-02-12 11:22:16+00:00,information
1755095338464260246,"proses naturalisasi ragnar oratmangoen dan thom haye tertunda, kendala ada di dpr",2024-02-07 05:05:11+00:00,information
1758030381356351698,pssi kini masih berupaya untuk menaturalisasi beberapa pemain lain untuk timnas indonesia. program ini lalu mendapatkan kritikan dari edy rahmayadi,2024-02-15 07:28:00+00:00,information
1753178137515659355,"update liga italia, calon pemain naturalisasi timnas indonesia masuk radar ac milan ligaitalia beritaterkini beritaterbaru acmilan timnasindonesia timnasday",2024-02-01 22:06:55+00:00,information
1758709275663401251,"pemain crystal palace bersedia bela timnas indonesia, pssi buka suara naturalisasi jairo riedewald lewat",2024-02-17 04:25:41+00:00,information
1759397684035932551,"proses naturalisasi naik level, ini 5 bintang potensial untuk timnas indonesia",2024-02-19 02:01:10+00:00,information
1755919277075616248,"gawat! proses naturalisasi maarten paes terancam batal, kiper mls bisa batal bela timnas indonesia lewat",2024-02-09 11:39:13+00:00,information
1755953484388561341,proses naturalisasi marteen paes ke timnas indonesia terhambat,2024-02-09 13:55:09+00:00,information
1758018063700812278,"edy rahmayadi minta pssi evaluasi program naturalisasi untuk timnas indonesia, singgung jumlah penduduk hingga ratu tisha mantan ketua umum pssi, edy rahmayadi meminta program naturalisasi pssi timnas tvonenews selengkapnya;",2024-02-15 06:39:03+00:00,information
1756717128043175976,"pelatih berdarah jerman-jepang ini singgung pemain naturalisasi timnas indonesia, dia beri saran untuk pssi agar yuki richard stalph pelatih berdarah jerman-jepang bicara soal pemain naturalisasi timnas tvonenews selengkapnya:",2024-02-11 16:29:36+00:00,information
1755882180117671961,"maarten paes terancam gagal bela timnas indonesia, proses naturalisasi terkendala aturan fifa",2024-02-09 09:11:49+00:00,information
1751826250820440310,legenda sepak bola nasional peri sandria meminta pssi sangat selektif menaturalisasi pemain agar meningkatkan kualitas timnas indonesia.,2024-01-29 04:35:00+00:00,information
1751839386663264744,"singgung naturalisasi timnas indonesia, peri sandria minta pssi beri jam terbang untuk pemain di liga 1",2024-01-29 05:27:12+00:00,information
1750683478201631083,"calon pemain naturalisasi, nathan tjoe-a-on resmi bergabung dengan sc heerenveen. nathan tjoe-a-on dipinjamkan hingga akhir musim 2023/2024",2024-01-26 00:54:01+00:00,information
1752383676707635346,"proses naturalisasi thom haye cs tuntas, para pemain ini terancam tersingkir dari timnas indonesia!",2024-01-30 17:30:00+00:00,information
1751897893492158809,"pssi ingin naturalisasi oratmangoen, tjoe-a-on, haye, dan paes cepat selesai demi perkuat timnas indonesia, idzes bisa gabung",2024-01-29 09:19:41+00:00,information
1749783951089209728,"piala asia 2023: ini timnas dengan pemain naturalisasi terbanyak, indonesia nomor 4 beritasatu news berita",2024-01-23 13:19:38+00:00,information
1751474683965575439,"ironi liga indonesia saat pemain tak dibayar walau proyek naturalisasi tetap jalan, pssi diingatkan fokus benahi kompetisi",2024-01-28 05:18:00+00:00,information
1752016088685257211,"legenda sepak bola nasional kritik habis-habisan pemain naturalisasi timnas indonesia di piala asia 2023 legenda sepak bola nasional, peri sandria meminta pssi agar tidak asal-asalan timnas tvonenews naturalisasi selengkapnya;",2024-01-29 17:09:21+00:00,information
1752379216690327916,"proses naturalisasi thom haye cs tuntas, pemain-pemain ini terancam tersingkir dari timnas indonesia",2024-01-30 17:12:17+00:00,information
1795815904825250247,"𝐃𝐈𝐓𝐎 𝐌𝐄𝐍𝐆𝐔𝐏𝐀𝐘𝐀𝐊𝐀𝐍 𝐕𝐄𝐑𝐃𝐎𝐍𝐊 𝐁𝐈𝐒𝐀 𝐌𝐄𝐑𝐔𝐌𝐏𝐔𝐓 𝐋𝐀𝐖𝐀𝐍 𝐈𝐑𝐀𝐊 𝐃𝐀𝐍 𝐅𝐈𝐋𝐈𝐏𝐈𝐍𝐀 . menpora dito ariotedjo menyebut komisi iii dan komisi x dpr ri akan membahas proses naturalisasi calon pemain timnas indonesia calvin verdonk dan jens raven dalam rapat pada senin (3/6) mendatang. ""alhamdulilah kerja cepat dari dpr, hari senin langsung rapat roadshow komisi iii dan komisi x untuk rapat penetapan [naturalisasi calvin verdonk dan jens raven],"" kata dito di jakarta, rabu (29/5). dengan kelanjutan proses naturalisasi dua pemain tersebut, diharapkan calvin verdonk dan jens raven bisa membela timnas indonesia secepatnya. dito mengupayakan verdonk dan raven bisa merumput lawan irak dan filipina. sumber: (cnn indonesia)",2024-05-29 13:54:11+00:00,information
1791696037100577221,pssi bisa kejar 3 bintang grade a eropa ini buat timnas indonesia usai gagal dipanggil belanda di euro 2024: timnas indonesia bisa dapatkan amunisi berharga jika pssi gerak cepat naturalisasi 3 bintang keturunan grade a eropa yang gagal dipanggil belanda…,2024-05-18 05:03:18+00:00,information
1795667255336026243,"prediksi legenda timnas belanda soal program naturalisasi timnas indonesia, van bronckhorst: sepuluh hingga dua puluh tahun ke depan…: legenda timnas belanda giovanni van bronckhorst berbicara soal program naturalisasi yang ditempuh pssi untuk menaikkan…",2024-05-29 04:03:30+00:00,information
1790683841855979591,"tambah calvin verdonk, shin tae-yong bisa turunkan starting eleven timnas indonesia full naturalisasi belanda: dengan proses naturalisasi yang dijalani calvin verdonk dan jens ravens, ternyata pelatih timnas indonesia shin tae-yong bisa menurunkan 11…",2024-05-15 10:01:11+00:00,information
1789201228804874449,penggawa timnas u23 indonesia ungkap proses adaptasi dengan pemain naturalisasi: sudah saling tahu,2024-05-11 07:49:49+00:00,information
1790838369049825356,timnas u-20 tambah 7 pemain naturalisasi untuk perkuat turnamen toulon 2024 perancis beritajogja jogja jogjaistimewa,2024-05-15 20:15:14+00:00,information
1794405576807739587,"kiper naturalisasi maarten paes dikabarkan terbentur statuta fifa untuk bisa membela timnas indonesia. untuk mencari solusi, pssi mengonfirmasi telah membawa masalah ini ke pengadilan arbitrase olahraga (cas).",2024-05-25 16:30:02+00:00,information
1792763135272882199,"proses naturalisasi calvin verdonk dan jens raven sudah masuk dpr, menpora dito ariotedjo: semoga cepat bela timnas indonesia",2024-05-21 03:43:34+00:00,information
1788835341190979861,"pssi bawa kabar maarten paes selangkah lagi bela timnas indonesia, calvin verdonk dan jens raven dikebut proses naturalisasi",2024-05-10 07:35:54+00:00,information
1794342903818473804,pssi mengonfirmasi proses naturalisasi maarten paes yang belum juga rampung mendekati pertandingan timnas indonesia di kualifikasi piala dunia 2026. paes belum bisa membela timnas indonesia karena terganjal proses perpindahan federasi,2024-05-25 12:21:00+00:00,information
1793529072343241107,nama ciro alves dan david da silva belakangan didukung untuk menjalani proses naturalisasi menjadi wni. apakah keduanya masuk kriteria shin tae-yong untuk memperkuat timnas indonesia? kitagaruda,2024-05-23 06:27:07+00:00,information
1795762558777151989,"dpr ri akan menggelar rapat kerja (raker) terkait naturalisasi pesepak bola timnas indonesia, calvin verdonk dan jens raven, pada senin (3/6). kumparanbola bola text happening",2024-05-29 10:22:12+00:00,information
1796031615770022075,kabar terbaru naturalisasi calvin verdonk dan jens raven untuk timnas indonesia yang macet di meja dpr,2024-05-30 04:11:20+00:00,information
1789945254554075395,"pssi kebut proses naturalisasi verdonk dan jens raven, timnas indonesia makin kuat lawan irak lewat",2024-05-13 09:06:18+00:00,information
1790515500495298745,berita terbaru timnas maarten paes dan 2 pemain naturalisasi perkuat timnas indonesia juni 2024 via,2024-05-14 22:52:16+00:00,information
1792827905871139130,erick thohir ( ) klarifikasi hoaks pssi butuh 150 pemain naturalisasi timnas indonesia link:,2024-05-21 08:00:56+00:00,information
1794535758411550784,"kiper naturalisasi maarten paes dikabarkan masih terbentur statuta fifa untuk membela timnas indonesia. karena itulah, pssi pun membawa masalah itu ke pengadilan arbitrase olahraga (cas).",2024-05-26 01:07:20+00:00,information
1790951335829131591,"perwakilan grup djarum di como 1907, mirwan suwarso, menyatakan pihaknya belum membutuhkan dan menjadikan pemain timnas indonesia dan naturalisasi sebagai opsi klubnya.",2024-05-16 03:44:07+00:00,information
1789868597180776917,pssi berharap 3 pemain naturalisasi terbaru timnas indonesia bisa main di kualifikasi piala dunia 2026,2024-05-13 04:01:42+00:00,information
1792787874208776612,"proses naturalisasi calvin verdon dan jens raven sudah masuk dpr, menpora dito ariotedjo: semoga cepat bela timnas indonesia newsrctiplus",2024-05-21 05:21:52+00:00,information
1795361557813117354,"kabar baik untuk pecinta timnas indonesia, dpr terima surpres naturalisasi verdonk dan raven",2024-05-28 07:48:46+00:00,information
1790405026168582641,keputusan mengejutkan gila ketum pssi jelang timnas indonesia vs irak sty geber 14 naturalisasi,2024-05-14 15:33:17+00:00,information
1790531176811376711,berita terbaru timnas maarten paes dan 2 pemain naturalisasi perkuat timnas indonesia juni 2024,2024-05-14 23:54:33+00:00,information
1825171631570117073,"respons netizen asia tenggara usai maarten paes resmi bisa bela timnas indonesia, sindir soal naturalisasi hingga disebut pemain antah berantah: netizen di asia tenggara ikut heboh usai maarten paes resmi bisa berseragam timnas indonesia di putaran…",2024-08-18 14:03:21+00:00,information
1825790954433032210,"bintang grade a eropa ini sempat colek maarten paes sebelum resmi perkuat timnas indonesia, kode siap naturalisasi dan gabung skuad garuda?: bintang kasta teratas liga eropa, kevin diks mendadak jadi sorotan setelah sang pemain kedapatan memberi respons…",2024-08-20 07:04:19+00:00,information
1826439720278393131,bursa transfer: kejutan! ac milan selangkah lagi resmikan wonderkid belanda tandem calon naturalisasi timnas indonesia: klub liga italia ac milan membuat kejutan di bursa transfer musim panas 24/25 dengan datangkan salah satu pemain eks tandem calon…,2024-08-22 02:02:17+00:00,information
1829338797575922125,"resmi ketambahan 1 naturalisasi baru, ini formasi ideal timnas indonesia di kualifikasi piala dunia 2026: duet striker eropa jadi andalan: melihat formasi ideal yang bisa dipakai timnas indonesia untuk kualifikasi piala dunia 2026 setelah pelatih shin…",2024-08-30 02:02:11+00:00,information
1828583569951990120,"kabar baik! 5 calon pemain naturalisasi timnas indonesia terpantau saling follow dengan erick thohir, ada bomber gacor hingga saingan pratama arhan: ada 5 calon pemain naturalisasi timnas indonesia yang terpantau saling follow dengan ketua umum pssi,…",2024-08-28 00:01:11+00:00,information
1829520092704735694,"shin tae-yong resmi mencoret 2 pemain naturalisasi jelang laga timnas indonesia lawan arab saudi di kualifikasi piala dunia, siapa saja?: shin tae-yong resmi mencoret dua pemain naturalisasi untuk pertandingan timnas indonesia melawan arab saudi di…",2024-08-30 14:02:35+00:00,information
1824387787350761868,"shin tae-yong bicara jujur soal proses naturalisasi ole romeny, ternyata begini situasi calon striker timnas indonesia: pelatih timnas indonesia, shin tae-yong, berbicara jujur soal proses naturalisasi ole romeny yang digembar-gemborkan sebagai pemain…",2024-08-16 10:08:38+00:00,information
1821370262455242939,alasan indra sjafri tak rekomendasikan sacha deighton untuk dinaturalisasi perkuat timnas indonesia u-20: pelatih indra sjafri tidak bisa memberikan rekomendasi kepada sacha deighton untuk diproses pssi melalui jalur naturalisasi demi perkuat timnas…,2024-08-08 02:18:04+00:00,information
1828722323840778304,kumaha pssi ! ikut turnamen di korsel tp bukan skuad timnas indonesia u-19 toulon jangan anggap enteng qualifikasi pa u-20 segera naturalisasi: dion markx tim geypen sacha deighton demyan oosterhuis hinoke sem yvel timnasday ratu tisha erick thohir tabloid bola kitagaruda,2024-08-28 09:12:32+00:00,information
1824043940649259295,"proses naturalisasi mesin gol timnas indonesia tinggal menunggu waktu, shin tae-yong semringah sambut ole romeny -",2024-08-15 11:22:19+00:00,information
1825362632075104637,pengamat epak bola nasional akmal marhali mengapresiasi kerja pssi dalam proses naturalisasi maarten paes. penjaga gawang fc dallas itu dipastikan bisa memperkuat timnas indonesia.,2024-08-19 02:42:19+00:00,information
1825741732375351708,"kiper naturalisasi asal belanda, maarten paes, resmi bergabung dengan timnas indonesia. kehadiran paes dipastikan akan memberikan suntikan kekuatan baru bagi lini pertahanan timnas. selengkapnya: bank perbankan livin timnas sepakbola maartenpaes",2024-08-20 03:48:44+00:00,information
1820341610498113845,"terkait proses naturalisasi dion markx dan tim geypens, indra sjafri beri kabar baik untuk fans timnas indonesia u-19",2024-08-05 06:10:34+00:00,information
1819085737092153607,"pssi tengah proses naturalisasi pemain keturunan untuk timnas indonesia, di luar nama yang pernah disebut!",2024-08-01 19:00:11+00:00,information
1819585262978322726,"lempar kode, mauresmo hinoke berharap segera jalani proses naturalisasi untuk timnas indonesia",2024-08-03 04:05:07+00:00,information
1822585601755156497,resmi tambah 7 pemain! inilah daftar pemain naturalisasi timnas indonesia di kualifikasi piala dunia 2026 bnetwork,2024-08-11 10:47:24+00:00,information
1819289543222444209,"pssi proses naturalisasi 2 pemain keturunan untuk timnas indonesia, posisinya bek dan gelandang: namanya di luar yang beredar",2024-08-02 08:30:02+00:00,information
1828795397084676518,proses naturalisasi pemain keturunan untuk timnas indonesia kembali menjadi topik hangat di kalangan pecinta sepak bola tanah air.,2024-08-28 14:02:54+00:00,information
1826171745440772403,"bocoran pssi datangkan calon pemain naturalisasi baru timnas indonesia, dokumen sudah siap via",2024-08-21 08:17:27+00:00,information
1825112942251237666,"rekam jejak maarten paes, kiper naturalisasi sah bela timnas indonesia di kualifikasi piala dunia lewat maartenpaes kiper belanda timnasindonesia erickthohir pssi kualifikasi pialadunia naturalisasi",2024-08-18 10:10:09+00:00,information
1825378632493412543,kabar gembira datang untuk dunia sepak bola indonesia. pemain naturalisasi maarten paes akhirnya resmi dapat memperkuat tim nasional indonesia setelah berhasil didaftarkan ke fifa.,2024-08-19 03:45:54+00:00,information
1825378752781766850,"kabar terbaru yang mengguncang dunia sepak bola indonesia: maarten paes, kiper naturalisasi asal belanda, akhirnya resmi bergabung dengan tim nasional indonesia.",2024-08-19 03:46:23+00:00,information
1825462245763203445,kiper maarten paes resmi bergabung dengan timnas indonesia. kehadirannya bisa membuat skuat garuda akan dipenuhi wajah-wajah pemain naturalisasi. timnasindonesia maartenpaes,2024-08-19 09:18:09+00:00,information
1825134317322031516,proses naturalisasi berhasil! maarten paes siap debut bersama timnas indonesia -,2024-08-18 11:35:05+00:00,information
1824085698653434244,"proses naturalisasi mesin gol timnas indonesia tinggal menunggu waktu, shin tae-yong semringah sambut ole romeny",2024-08-15 14:08:15+00:00,information
1738045236616777949,"timnas indonesia dibanjiri pemain naturalisasi, exco pssi: kehendak pelatih",2023-12-22 03:54:10+00:00,information
1740542907290103973,"gelandang sc heerenveen, thom haye tiba di jakarta, kamis petang wib. pemain keturunan belanda itu akan menjalani proses naturalisasi menjadi warga negara indonesia (wni). ""senang akhirnya bisa tiba di indonesia. ya, memperkuat timnas indonesia akan menyenangkan,dan itu akan terjadi,"" katanya. thom haye akan disibukkan dengan berbagai agenda selama berada di indonesia. pertama ia harus menjalani wawancara di badan intelejen negara (bin). kemudian menjalani tes kesehatan atau medical check up di rumah sakit mitra keluarga cibubur, jawa barat. salah satu agenda yang tak kalah penting adalah kunjungan ke perwakilan kedutaan besar negara asalnya yakni belanda. setelah tiga proses di atas selesai, thom haye harus kembali ke indonesia pada waktu yang sudah dijadwalkan. ia bisa melakukan sumpah janji setia menjadi wni ketika semuanya lancar.",2023-12-29 01:19:01+00:00,information
1740328453143241059,maarten paes! penjaga gawang naturalisasi timnas indonesia | fc 24 indonesia career mode maarten paes jalani debutnya untuk indonesia setelah merampungkan proses naturalisasi. kiper berusia 25 tahun tersebut saat ini bermain di mls bersama fc dallas. dua pertandingan uji coba timnas indonesia menghadapi northern ireland dan united arab emirates. fc24 | easportsfc | careermode,2023-12-28 11:06:51+00:00,information
1740641605634367547,jay idzes mengungkapkan rasa bahagianya usai menjadi wni dan sudah tidak sabar untuk bisa memperkuat timnas indonesia. bolaskorcom jayidzes naturalisasi timnasindonesia pialaasia pialaasia2023 shintaeyong skuadgaruda pssi kitagaruda beritabola,2023-12-29 07:51:12+00:00,information
1740236854010777781,jay noah idzes sudah resmi menjadi warga negara indonesia (wni) sob ! kini pemain naturalisasi tersebut sudah siap membela timnas indonesia di berbagai laga kedepannya sob ! apa harapan kamu dengan bergabung nya jay idzes dengan timnas indonesia sob ?,2023-12-28 05:02:52+00:00,information
1740991229918171206,"pemain naturalisasi, jay idzes, mengaku siap bersaing untuk mendapatkan tempat utama di lini pertahanan timnas indonesia. dengan resminya jay idzes menjadi wni, lini belakang timnas indonesia pun akan bertambah padat, terutama di posisi bek tengah. breakingskor",2023-12-30 07:00:29+00:00,information
1740318877849125056,"jay idzes resmi menjadi warga negara indonesia (wni), usai mengambil sumpah di kanwil kemenkumham dki jakarta, kamis (28/12) pagi wib. siap debut di timnas indonesia nih bolaskorcom jayidzes timnasindonesia naturalisasi pssi shintaeyong pialaasia",2023-12-28 10:28:48+00:00,information
1737314147082338515,pelatih timnas indonesia shin tae-yong menanggapi rencana pssi menaturalisasi dua pemain keturunan yakni thom haye dan marteen paes.,2023-12-20 03:29:05+00:00,information
1737852207087894942,"pssi menegaskan bahwa pemain naturalisasi dan lokal di timnas indonesia memiliki hak dan tanggung jawab yang sama, menyerukan agar dikotomi antara ked...",2023-12-21 15:07:08+00:00,information
1740259380581593358,proses naturalisasi idzes pun rampung. sang pemain tak sabar ingin bisa berseragam timnas indonesia. sumber:,2023-12-28 06:32:23+00:00,information
1740216542372196670,"profil jay idzes, pemain naturalisasi teranyar timnas indonesia yang sudah resmi jadi wni",2023-12-28 03:42:10+00:00,information
1740304728582754723,"bukan elkan baggott, pemain naturalisasi ini justru terancam di timnas indonesia seusai jay idzes resmi jadi wni",2023-12-28 09:32:35+00:00,information
1740402719473766659,pssi berharap proses naturalisasi thom haye lancar agar timnas indonesia makin kuat,2023-12-28 16:01:58+00:00,information
1732353523902459930,justin hubner wni naturalisasi ketua umum pssi kanwil kemenkumham jakarta timnas indonesia erick thohir rudolf hubner,2023-12-06 10:57:20+00:00,information
1740615415695548529,"jalani proses naturalisasi, thom haye tak sabar main dengan timnas indonesia bola",2023-12-29 06:07:08+00:00,information
1734824039221522876,buat yang belum tahu kapan program naturalisasi pemain timnas indonesia oleh pssi dimulai. ternyata program naturalisasi pemain timnas indonesia dimulai sejak tahun 2006 dan baru terealisasi 4 tahun kemudian di menjelang aff cup 2010 . timnas,2023-12-13 06:34:17+00:00,information
1738806999297761671,"terungkap sosok dibalik tren naturalisasi pemain timnas indonesia, diminta ketum pssi bikin database waktu liburan di bali",2023-12-24 06:21:08+00:00,information
1740398990301221206,"mantap! thom haye mendarat di jakarta, langsung urus proses naturalisasi, ngebet bela timnas indonesia",2023-12-28 15:47:08+00:00,information
1740726864165904867,di mata mursyid effendi langkah naturalisasi pssi dinilai wajar di tengah kesulitan timnas garuda bersaing di level regional asia tenggara bahkan asia.,2023-12-29 13:30:00+00:00,information
1738695983113109507,pssi memberikan kabar baik mengenai naturalisasi jay idzes dan nathan tjoe-a-on. otw berseragam timnas indonesia nih! selengkapnya,2023-12-23 23:00:00+00:00,information
1740730134142071082,"timnas senior indonesia: usai jay idzes, kini thom haye jalani proses naturalisasi",2023-12-29 13:42:59+00:00,information
1737877243450536361,"did you know jordi amat satu-satunya pemain timnas indonesia yang pernah membela 3 timnas sepanjang karir sepakbola nya (spanyol, catalunya dan indonesia). timnasindonesia naturalisasi pssi",2023-12-21 16:46:37+00:00,information
1738409993588854829,"ada banyak pemain keturunan belanda yang bela timnas indonesia, knvb komentari program naturalisasi pssi",2023-12-23 04:03:35+00:00,information
1741228807561031789,proses naturalisasi thom haye segera di rampungkan agar dapat membela timnas indonesia di kualifikasi piala dunia 2026 thomhaye timnasday timnasindonesia jamliga,2023-12-30 22:44:32+00:00,information
1740566771395076598,setidaknya ada 7 pemain keturunan yang sudah resmi menjadi wni melalui proses naturalisasi pada era shin tae-yong. ternyata masih ada 4 pemain keturunan lagi yang segera mengambil sumpah wni yang akan membuat timnas indonesia semakin kuat.,2023-12-29 02:53:51+00:00,information
1739143274663968973,"ada pihak-pihak yang menilai bahwa pemain yang menjalani naturalisasi menjadi wni merupakan pemain yang diabaikan di negaranya. oleh karena itu, sandy walsh dan kawan-kawan memilih membela timnas indonesia. mendengar hal itu, hamdan hamedan kesal!",2023-12-25 04:37:23+00:00,information
1736018338541691090,erick thohir pamerkan berita berencana naturalisasi thom haye dan maarten paes untuk timnas indonesia!,2023-12-16 13:40:00+00:00,information
1740273880239910915,"simak profil jay idzes, pemain naturalisasi yang resmi jadi timnas indonesia",2023-12-28 07:30:00+00:00,information
1732293679057150426,"timnas indonesia memiliki pemain naturalisasi baru yakni, bek kelahiran belanda yang saat ini membelas wolves u21, justin hubner. justin hubner resmi disumpah sebagai wni di kantor kemenkumham jakarta pusat, tepat pada hari ini, kamis (6/12/2023).",2023-12-06 06:59:32+00:00,information
1740251772541870441,"bek venezia resmi wni dan siap perkuat timnas indonesia. bek venezia serie b liga italia, jay idzes resmi menjadi wni setelah mengambil sumpah di kanwil kemenkumham dki jakarta, kamis… olahraga jayidzes naturalisasi timnas wni via",2023-12-28 06:02:09+00:00,information
1734049863141310910,ragnar oratmangoen beber proses naturalisasi bela timnas indonesia,2023-12-11 03:17:59+00:00,information
1739895737289499081,"luar biasa! akun resmi liga belanda eredivisie, pamer statistik mentereng calon pemain naturalisasi timnas indonesia, thom haye",2023-12-27 06:27:24+00:00,information
1740885912437792982,"resmi wni, jay idzes tak sabar debut bersama timnas indonesia. bolaskorcom timnasindonesia jayidzes naturalisasi",2023-12-30 00:02:00+00:00,information
1740562002819662057,"jalani proses naturalisasi, thom haye segera perkuat timnas indonesia",2023-12-29 02:34:54+00:00,information
1647973662858043392,"resmi, lewat anggota exconya, arya sinulingga mengkonfirmasi pembatalan proses naturalisasi justin hubner karena alasan permintaan yang tidak bisa disanggupi otoritas tertinggi sepak bola indonesia tersebut dari sang pemain. __________ indonesia justinhubner pssi",2023-04-17 14:41:53+00:00,information
1647981010418819072,berita timnas indonesia: pssi hentikan proses naturalisasi justin hubner tempobola,2023-04-17 15:11:05+00:00,information
1645407531479740416,"bek yang kini berkarier di kasta tertinggi liga belanda bersama go ahead eagles, jay idzes, telah menyatakan ketertarikannya untuk bermain bersama timnas indonesia. bolatimes naturalisasi infobolaindonesia bolaindo jayidzes",2023-04-10 12:45:00+00:00,information
1648054279473889280,pssi batalkan proses naturalisasi justin hubner. namun pssi tetap melanjutkan proses naturalisasi ivan janner dan rafael struick. galerisepakbola beritabola beritabolaindonesia pssi timnas timnasday,2023-04-17 20:02:14+00:00,information
1648157874651271171,"bikin geram !! resmi batal pemain naturalisasi keturunan belanda, begini kronologi gak masuk akal berita timnas hari ini, kabar berita timnas indonesia terbaru timnas garuda ofc subcribe like komen kitagaruda timnasday garudanusantara",2023-04-18 02:53:53+00:00,information
1648275313158397952,"pssi membatalkan naturalisasi pemain belanda u-20 justin hubner karena dinilai tidak konsisten. saat hubner dipanggil untuk pemusatan latihan (tc) timnas u-20, ia juga bersedia untuk memperkuat tim belanda u-20. pssi belanda justinhubner timnasu20 aryasinulingga turunminum",2023-04-18 10:40:32+00:00,information
1647110011804594176,respons erick thohir soal rumor justin hubner minta uang miliaran untuk dinaturalisasi. . lengkapcepatberitanya bola sepakbola sepakboladunia boladunia .,2023-04-15 05:30:03+00:00,information
1642174082769883141,"shin tae-yong mengaku belum tahu pasti terkait nasib naturalisasi justin hubner, ivar jenner, rafael struick usai piala dunia u-20 2023 batal digelar di indonesia. meski begitu, ia berharap ketiganya tetap setia untuk menjadi wni.",2023-04-01 14:36:26+00:00,information
1647495451514662912,"proses naturalisasi rampung, shayne pattynama bisa perkuat timnas indonesia",2023-04-16 07:01:39+00:00,information
1647111951779262465,"proyek naturalisasi tiga pemain keturunan indonesia kini menjadi benang kusut. ketua umum pssi, erick thohir, buka suara menanggapi kabar justin hubner yang meminta mahar agar tetap membela timnas indonesia",2023-04-15 05:37:45+00:00,information
1644517020413870081,"kisah pemain naturalisasi timnas indonesia sandy walsh ikut berpuasa ramadhan, jadi tantangan hingga dapat banyak pelajaran lengkapcepatberitanya bola sepakbola sepakboladunia boladunia .",2023-04-08 01:46:25+00:00,information
1642181525637857280,shin tae-yong buka suara soal proses naturalisasi 3 calon pemain timnas indonesia u-20 usai batal main di piala dunia u-20 2023 lengkapcepatberitanya bola sepakbola sepakboladunia boladunia .,2023-04-01 15:06:00+00:00,information
1645898265215512576,pssi negosiasi ulang 3 calon pemain naturalisasi usai timnas indonesia u-20 batal tampil di piala dunia u-20 2023,2023-04-11 21:15:00+00:00,information
1650132563758055426,berikut 5 pemain naturalisasi yang bersinar di timnas indonesia. . lengkapcepatberitanya bola sepakbola sepakboladunia boladunia .,2023-04-23 13:40:35+00:00,information
1648350287927848960,bikin kejut pssi batal jadi naturalisasi timnas timnasday beritabola beritatimnas timnasindonesia justinhubner pssi,2023-04-18 15:38:28+00:00,information
1643978228988776451,"sebaga netizen, hanya bisa menantikan proses naturalisasi mereka bertiga sebagai pemain keturunan indonesia agar bisa segera selesai. yang paling penting kemudian, jangan terlalu cepat bermain di liga dagelan indonesia + pelatih timnas bukanlah pelatih yang kolot dan rasis.",2023-04-06 14:05:28+00:00,information
1646792837575626757,"ketiganya masuk dalam agenda naturalisasi untuk menambah kekuatan timnas indonesia u-20. kini, setelah agenda piala dunia u-20 batal digelar, erick thohir selalu ketum pssi membeberkan kondisi terkini proses naturalisasi ketiganya.",2023-04-14 08:29:43+00:00,information
1646520767314808832,"exco pssi, eko tetap jalankan dan pantau naturalisasi untuk pemain keturunan utk timnas indonesia ditambah dengan perbaikan kualitas liga via",2023-04-13 14:28:36+00:00,information
1648339445803008001,"batal dinaturalisasi timnas indonesia, begini respons justin hubber naturalisasi pssi timnasindonesia",2023-04-18 14:55:23+00:00,information
1642180721535008771,shin tae-yong buka suara soal proses naturalisasi 3 calon pemain timnas indonesia u-20 usai batal main di piala dunia u-20 2023,2023-04-01 15:02:48+00:00,information
1646067992009256960,exco pssi update proses naturalisasi 3 pemain keturunan: justin hubner masih alot,2023-04-12 08:29:26+00:00,information
1646834480416522240,"anggota komite eksekutif (exco) pssi, arya sinulingga mengungkapkan shayne pattynama sudah bisa memperkuat timnas indonesia. proses naturalisasi shayne pattynama sudah rampung. breakingskor",2023-04-14 11:15:11+00:00,information
1648007540897349633,pssi batalkan proses naturalisasi justin hubner untuk pemain timnas u-20 timnasindonesia indonesiau20 naturalisasi justinhubner pemaintimnas,2023-04-17 16:56:30+00:00,information
1728380883567333727,terus memperkuat pondasi barisan serta membentuk tim yang solid yakin timnas indonesia maju garudamendunia erickthohir ketumpssi pssi satset sepakbolaindonesia timnas timnasindonesia naturalisasi pemainnaturalisasi naturalisasitimnas justinhubner timnasu23,2023-11-25 11:51:29+00:00,information
1725519777916227716,pemain naturalisasi ragnar oratmangoen siap perkuat formasi timnas indonesia! sepakbola sepakbolaindonesia timnas erickthohir ketumpssi pssi timnasindonesia naturalisasi naturalisasitimnas kitagaruda bersamagaruda garudamendunia,2023-11-17 14:22:28+00:00,information
1725414528438157766,erick thohir terus memantau proses naturalisasi pemain timnas indonesia karena kebutuhan shin tae-yong. selengkapnya,2023-11-17 07:24:14+00:00,information
1725532997989114267,erick thohir beri indikasi proses naturalisasi 4 calon pemain timnas indonesia bisa rampung sebelum piala asia 2023,2023-11-17 15:15:00+00:00,information
1726482775556149434,pemain naturalisasi asal belanda ini dilaporkan sudah bisa memperkuat timnas indonesia pekan depan,2023-11-20 06:09:04+00:00,information
1725288428584186027,erick thohir bawa kabar gembira untuk shin tae-yong terkait proses naturalisasi ragnar oratmangoen,2023-11-16 23:03:10+00:00,information
1724762924470653405,ragnar oratmangoen resmi jadi pemain naturalisasi timnas indonesia selanjutnya?,2023-11-15 12:15:00+00:00,information
1725117961550332234,ketua umum pssi erick thohir mengkonfirmasi calon pemain naturalisasi timnas indonesia ragnar oratmangoen.,2023-11-16 11:45:47+00:00,information
1725368523378274634,"ketua umum pssi, erick thohir, bicara tentang proses naturalisasi calon pemain timnas indonesia. justin hubner, jay idzes, nathan tjoe-a-on, dan ragnar oratmangoen, siap-siap bergabung dengan pasukan shin tae-yong ya!",2023-11-17 04:21:26+00:00,information
1727320709704438001,"shin tae-yong memiliki cukup waktu untuk mempersiapkan timnas indonesia agar tampil lebih baik di piala asia 2023. proses naturalisasi justin hubner, jay idzes, nathan tjoe, dan ragnar oratmangoen, pun dikebut. sty yakin skuad garuda lebih kuat!",2023-11-22 13:38:43+00:00,information
1725096714988835248,erick thohir resmi memperkenalkan pemain naturalisasi terbaru timnas indonesia,2023-11-16 10:21:22+00:00,information
1725076570761732236,ketua umum pssi erick thohir sambut kedatangan calon pemain naturalisasi timnas indonesia,2023-11-16 09:01:19+00:00,information
1724744058747109594,pandangan fakhri husaini terkait penyebab pssi gencar naturalisasi di timnas indonesia selengkapnya,2023-11-15 11:00:02+00:00,information
1722434638516453586,"tak hanya naturalisasi lini pertahanan, pssi beri isyarat tambah kekuatan dengan 3 pemain keturunan ini ..",2023-11-09 02:03:13+00:00,information
1729330569115570618,"catat kondisi dan prestasi timnas indonesia msh membutuhkan program naturalisasi selama 200 thn, jk ingin bersaing di level afc/pd kalo ada yg menyangkal artinya tdk ingin melihat timnas sedikit mampu bersaing di level afc pssi erick thohir indra sjafri",2023-11-28 02:45:11+00:00,information
1721521644391309322,pssi sebut ciri-ciri 2 calon pemain naturalisasi baru timnas indonesia,2023-11-06 13:35:19+00:00,information
1726566452285874368,hoaks! pssi sebut timnas indonesia butuh 150 pemain naturalisasi,2023-11-20 11:41:34+00:00,information
1725114440096620986,"profil ragnar oratmangoen, calon pemain naturalisasi timnas indonesia, sudah sejak lama diincar pssi. tribunkaltim ragnaroratmangoen pssi timnasindonesia timnasday lewat",2023-11-16 11:31:48+00:00,information
1727149576334021034,rilis hoaks tgl 22 november 2023 1. [hoaks] pssi butuh 150 pemain naturalisasi utk timnas indonesia 2. [hoaks] sembilan hakim mk jadi tersangka pelanggaran pidana dirjen aptika kemkominfo ri,2023-11-22 02:18:42+00:00,information
1725108803409248313,"semakin banyak pemain naturalisasi untuk tim nasional. terbaru, ragnar oratmangoen menyatakan kesiapannya membela timnas indonesia.",2023-11-16 11:09:24+00:00,information
1725785604456325563,"ketua pssi erick thohir tetap memperjuangkan empat calon pemain naturalisasi untuk memperkuat timnas indonesia di piala asia 2023 pada 12 januari-10 februari 2024 di qatar. - demi piala asia, pssi percepat naturalisasi",2023-11-18 07:58:46+00:00,information
1725071368667152419,breaking news: erick thohir sebut ragnar oratmangoen jadi calon pemain naturalisasi timnas indonesia berikutnya! timnasday,2023-11-16 08:40:39+00:00,information
1721927009339883894,"calon pemain naturalisasi terbaru di lini serang hanya untuk timnas indonesia senior, tidak terlalu muda dan shin tae-yong cocok download aplikasi untuk akses berita lebih mudah dan cepat: android:",2023-11-07 16:26:05+00:00,information
1725852213929824339,"fitnah yang tidak masuk akal, pssi diisukan naturalisasi 150 pemain untuk timnas indonesia",2023-11-18 12:23:27+00:00,information
1725067494891872575,"breaking news: dikonfirmasi erick thohir, ragnar oratmangoen jadi calon pemain naturalisasi timnas indonesia berikutnya!",2023-11-16 08:25:15+00:00,information
1725022937911271562,"ragnar oratmangoen dikabarkan sudah tiba di jakarta, resmi jadi pemain naturalisasi timnas indonesia selanjutnya?",2023-11-16 05:28:12+00:00,information
1720424171090727394,"hore! erick thohir pastikan proses naturalisasi justin hubner berjalan, selangkah lagi gabung timnas indonesia",2023-11-03 12:54:20+00:00,information
1725098913160732892,"empat nama naturalisasi sedang diproses, timnas indonesia punya opsi striker baru",2023-11-16 10:30:06+00:00,information
1726843659738644973,mantan exco pssi jawab pertanyaan soal pemakaian pemain naturalisasi di timnas indonesia mau sampai kapan. hasani abdulgani beri penjelasannya.,2023-11-21 06:03:06+00:00,information
1725499031705797071,ketua umum persatuan sepak bola seluruh indonesia (pssi) erick thohir mengkonfirmasi calon pemain naturalisasi timnas indonesia ragnar oratmangoen.,2023-11-17 13:00:02+00:00,information
1720594979511550168,justin hubner segera menjadi wni dan bela timnas. pssi dipastikan melanjutkan proses naturalisasi justin hubner. status penggawa tim wolverhampton wanderes tinggal menunggu keputusan . -- ikuti… olahraga erickthohir pssi timnas via,2023-11-04 00:13:04+00:00,information
1661989633327255552,"ketua umum pssi, erick thohir didampingi waketum pssi, zainudin amali dan 2 pemain naturalisasi rafael struick dan ivar jenner saat pengumuman resmi fifa matchday antara timnas indonesia melawan argentina di ruang media stadion utama gelora bung karno. timnasdapatemas",2023-05-26 06:56:21+00:00,information
1661562668396978176,langkah besar erick thohir untuk memajukan sepakbola indonesia. ketum pssi memperkenalkan dua pemain naturalisasi untuk skuad timnas indonesia. mereka adalah ivar jenner dan rafael struick. semoga ke depan sepakbola indonesia makin jaya jaya jaya! timnasdapatemas,2023-05-25 02:39:45+00:00,information
1661558491046371329,sah rafael william struick dan ivar jenner resmi menjadi warga negara indonesia setelah proses naturalisasi. kekuatan timnas garuda mulai di isi skuat terbaik. ketum pssi tahu aja keinginan masyarakat bola. timnasdapatemas,2023-05-25 02:23:09+00:00,information
1661704046795952129,"dua pemain yang baru saja merampungkan proses naturalisasi, ivar jenner dan rafael struick diperkenalkan oleh ketua umum pssi, dlm acara konferensi pers pengumuman resmi fifa matchday antara timnas indonesia melawan argentina di ruang media sugbk. timnasdapatemas",2023-05-25 12:01:32+00:00,information
1663445900843438081,jawaban pssi soal 8 pemain naturalisasi di timnas indonesia untuk laga lawan argentina tempobola,2023-05-30 07:23:02+00:00,information
1662627572885356544,timnas indonesia panggil 26 pemain untuk lawan argentina di fifa matchday: ada 8 orang naturalisasi,2023-05-28 01:11:18+00:00,information
1660617020256419840,ketua umum persatuan sepakbola seluruh indonesia (pssi) erick thohir (etho) berharap duo naturalisasi ivar jenner dan rafael struick mampu bersinar bersama timnas indonesia selepas mengantongi paspor merah putih pada senin (22/5/2023). keduanya secara…,2023-05-22 12:02:05+00:00,information
1660632917922705410,duo pemain naturalisasi ivar jenner dan rafael struick mengaku sudah tak sabar mengenakan seragam timnas indonesia usai resmi mengantongi status warga negara indonesia (wni) per hari ini senin (22/5/2023). keduanya secara sah mengantongi paspor indonesia…,2023-05-22 13:05:15+00:00,information
1662048951649042434,timnas indonesia berpeluang besar mendapatkan tambahan tenaga dari para pemain naturalisasi saat berjumpa timnas argentina pada ajang fifa matchday pada juni mendatang.,2023-05-26 10:52:04+00:00,information
1654762472325386240,gercep banget emang pak erick thohir. udah atur strategi untuk sepak bola indonesia. sesuai komitmen erick thohir proses naturalisasi pemain timnas indonesia. etmenterisolutif,2023-05-06 08:18:12+00:00,information
1662428957462106113,"untuk menghadapi dua laga fifa matchday di bulan juni, shin tae-yong tak tanggung-tanggung dalam memanggil pemain terbaik. sebanyak tujuh pemain naturalisasi dipanggil pelatih asal korea selatan tersebut untuk menambah kekuatan timnas indonesia",2023-05-27 12:02:04+00:00,information
1654733758871003137,ketua umum pssi erick thohir segera proses naturalisasi pemain untuk timnas indonesia dalam bentuk gerak cepat. etmenterisolutif,2023-05-06 06:24:06+00:00,information
1661561925854187521,timnas sepakbola indonesia kembali diperkuat dua pemain naturalisasi. dua pemain ini resmi diperkenalkan oleh ketua pssi kehadiran dua naturalisasi ini diharapkan akan mampu memperkuat timnas indonesia di masa yang akan datang. timnasdapatemas,2023-05-25 02:36:48+00:00,information
1661192086031581184,pssi bidik piala dunia 10 pemain grade a layak naturalisasi timnas indonesia lewat,2023-05-24 02:07:11+00:00,information
1663110933206687745,"timnas indonesia diperkuat 4 pemain naturalisasi dalam hadapi palestina dan argentina. ini komentar ketua umum pssi, erick thohir.",2023-05-29 09:12:00+00:00,information
1657251387166851072,"timnas indonesia punya tim kuat untuk mentas di piala asia 2023. setidaknya ada 4 pemain naturalisasi yang mungkin bisa menambah referensi shin tae-yong dalam pemanggilan pemain. selain itu, masih ada sosok kiper panathinaikos yang otw menjadi wni.",2023-05-13 05:08:15+00:00,information
1661378523573960705,ketua umum pssi erick thohir memperkenalkan dua pemain naturalisasi untuk skuad timnas indonesia. mereka adalah ivar jenner dan rafael struijk.,2023-05-24 14:28:01+00:00,information
1662405835535036416,shin tae-yong memanggil 26 pemain untuk fifa matchday. empat di antaranya adalah empat pemain naturalisasi baru.,2023-05-27 10:30:11+00:00,information
1662408514784903168,pelatih timnas indonesia shin tae-yong memanggil 26 pemain untuk fifa matchday bulan juni. empat di antaranya adalah empat pemain naturalisasi baru.,2023-05-27 10:40:50+00:00,information
1654758064774590465,alhamdulillah. terima kasih pak erick thohir atas terlaksananya proses naturalisasi pemain timnas indonesia. etmenterisolutif,2023-05-06 08:00:41+00:00,information
1654749607187054592,mantapp!! erick thohir komitmen tuntaskan proses naturalisasi pemain timnas indonesia etmenterisolutif,2023-05-06 07:27:04+00:00,information
1654757067067129856,terima kasih pak erick thohir atas dituntaskan nya proses naturalisasi pemain timnas indonesia. etmenterisolutif,2023-05-06 07:56:43+00:00,information
1654733695876747264,"sesuai dengan komitmennya, ketua umum pssi erick thohir pastikan naturalisasi pemain timnas indonesia. etmenterisolutif",2023-05-06 06:23:51+00:00,information
1654757350899867651,sesuai komitmen erick thohir tuntaskan proses naturalisasi pemain sepak bola indonesia. etmenterisolutif,2023-05-06 07:57:51+00:00,information
1654688998705737737,proses naturalisasi ivar jenner dan rafael struick untuk segera membela timnas indonesia terus berlanjut . lengkapcepatberitanya bola sepakbola sepakboladunia boladunia .,2023-05-06 03:26:14+00:00,information
1660138364065161217,"demi perkuat timnas indonesia, pssi boyong ivar jenner dan rafael struick ke jakarta untuk tuntaskan naturalisasi",2023-05-21 04:20:04+00:00,information
1662413472012050432,skuad timnas indonesia di fifa matchday juni: ada 4 pemain naturalisasi baru,2023-05-27 11:00:32+00:00,information
1661372623354318849,ketum pssi kenalkan 2 pemain naturalisasi untuk skuad timnas indonesia,2023-05-24 14:04:34+00:00,information
1660830973339242497,"rafael struick dan ivar jenner resmi menjadi wni, erick thohir: semoga bisa berikan yang terbaik untuk timnas indonesia erickthohir ivarjenner naturalisasi pssi",2023-05-23 02:12:15+00:00,information
1660548549468123141,"kuartet baru pemain naturalisasi timnas indonesia mendapat pengalaman unik di fifa matchday kali ini. pasalnya mereka berpeluang untuk langsung debut melawan timnas argentina. mereka adalah sandy walsh, shayne pattynama, ivar jenner dan rafael struick.",2023-05-22 07:30:00+00:00,information
1660661799170068481,"pemain naturalisasi ivar jenner menyatakan sudah tidak sabar untuk membela timnas indonesia. ""saya berjanji akan memberikan segalanya untuk negara ini, untuk negara kita,"" ucap ivar jenner. timnasindonesia pssi",2023-05-22 15:00:01+00:00,information
1661223436402954241,kempat pemain naturalisasi berpotensi debut bersama timnas indonesia di fifa matchday juni. agenda tersebut menjadi kesempatan mereka untuk membuktikan kualitasnya di atas lapangan. fifamatchday timnasindonesia,2023-05-24 04:11:45+00:00,information
1660959869141413888,wiljan pluim buka suara alasan tidak ingin jadi pemain naturalisasi timnas indonesia download aplikasi untuk akses berita lebih mudah dan cepat: android:,2023-05-23 10:44:26+00:00,information
1660646966840238081,"siap bela timnas indonesia, ivar jenner dan rafael struick akhirnya resmi jadi wni: ivar jenner dan rafael struick akhirnya resmi menjadi warga negara indonesia (wni). keduanya telah siap… news timnasindonesia erickthohir naturalisasi ivarjenner",2023-05-22 14:01:04+00:00,information
1662826519641694213,"dua pemain naturalisasi timnas indonesia tidak sabar jajal kekuatan argentina jakarta, - dua pemain timnas indonesia yang baru saja merampungkan proses naturalisasi, ivar jenner dan rafael struick",2023-05-28 14:21:50+00:00,information
1662767495584026624,biodata 7 pemain naturalisasi timnas indonesia untuk lawan argentina dan palestina di fifa matchday juni 2023,2023-05-28 10:27:18+00:00,information
1655373426691825665,profil 3 pemain naturalisasi yang resmi jadi skuad timnas indonesia,2023-05-08 00:45:54+00:00,information
1661705940222234624,"timnas sepakbola indonesia kembali diperkuat dua pemain naturalisasi. dua pemain ini resmi diperkenalkan oleh ketua pssi, erick thohir, kehadiran dua naturalisasi ini diharapkan akan mampu memperkuat timnas indonesia di masa yang akan datang timnasdapatemas sikaat squad",2023-05-25 12:09:03+00:00,information
1661707052673286146,"congratt .. rafael dan ivar asal negara belanda resmi menjadi wni dengan proses naturalisasi, dan bergabung di timnas indonesia. timnasdapatemas",2023-05-25 12:13:29+00:00,information
1637756131107045376,"komisi x dpr ri telah menyetujui rekomendasi tiga pemain naturalisasi timnas indonesia u-20 di antaranya justin hubner, ivan jenner, dan rafael struick. rekomendasi ini dilakukan menjelang piala dunia u-20 2023 yang digelar di indonesia mulai 20 mei…",2023-03-20 10:01:04+00:00,information
1637056391243530240,pssi kebut proses naturalisasi 3 pemain timnas u20 indonesia,2023-03-18 11:40:33+00:00,information
1634546333616066561,"""diharapkan proses naturalisasi struick, jenner, dan hubner bisa berjalan cepat. mengingat tenaga ketiga pemain tersebut dibutuhkan untuk perkuat timnas indonesia u-20 di piala dunia u-20 2023"" kata ketum pssi sip....",2023-03-11 13:26:28+00:00,information
1638005048176431105,"menko pmk muhadjir effendy turut menyoroti soal naturalisasi pemain utk timnas,mnrt'y hal tsb dilakukan sbg jalan trakhir bukan prioritas ""komisi x sdh sampaikan naturalisasi adlh keputusan paling ujung dlm membangun olahraga nasional"" guebarengerickthohir",2023-03-21 02:30:10+00:00,information
1638847987156938752,"justin hubner pilih belanda ?! proses naturalisasi indonesia mandek kini gabung tc belanda tadi sore burundi fifa matchday timnas garuda ofc berita timnas hari ini, kabar timnas hari ini, berita timnas indonesia terbaru timnasday garudakita",2023-03-23 10:19:43+00:00,information
1636947302538694660,"update proses naturalisasi ivar jenner, justin hubner, dan rafael struick untuk timnas indonesia u-20",2023-03-18 04:27:04+00:00,information
1637923486818775040,shin tae-yong pastikan pemain naturalisasi timnas indonesia u-20 justin hubner masih berniat untuk menjadi wni,2023-03-20 21:06:05+00:00,information
1637974807735140356,"pelatih timnas indonesia u-20, shin tae-yong, memastikan justin hubner masih berkomitmen untuk menyelesaikan proses naturalisasi demi menjadi warga negara indonesia.",2023-03-21 00:30:00+00:00,information
1638133363138793476,rapat paripurna dewan perwakilan rakyat (dpr) ri menyetujui naturalisasi tiga pemain keturunan asal belanda untuk timnas indonesia u-20 di piala dunia u-20 2023.,2023-03-21 11:00:03+00:00,information
1637770968964685824,"meski ada sengketa antara timnas indonesia dengan timnas belanda, pssi memastikan bahwa naturalisasi justin hubner tetap jalan terus.",2023-03-20 11:00:01+00:00,information
1635778612094963714,"pssi panggil 28 pemain timnas, shin tae-yong gabungkan pemain naturalisasi, timnas u-20 dan wajah lama timnas",2023-03-14 23:03:07+00:00,information
1634214674953814016,pssi pastikan proses naturalisasi pemain timnas u-20 terus berjalan,2023-03-10 15:28:35+00:00,information
1637787823452598273,"rampung tepat waktu, 3 pemain naturalisasi ini dijamin perkuat timnas indonesia u-20 lengkapcepatberitanya bola sepakbola sepakboladunia boladunia .",2023-03-20 12:07:00+00:00,information
1638454788978524160,"begini kata wakil ketua umum pssi terkait kabar proses naturalisasi 3 pemain timnas indonesia yakni justin hubner, ivar jenner, dan rafael struick. selengkapnya",2023-03-22 08:17:17+00:00,information
1637831371992227841,3 pemain naturalisasi absen saat latihan pertama timnas indonesia jelang fifa matchday.,2023-03-20 15:00:03+00:00,information
1639727639077486592,"shin tae-yong sebut pemain naturalisasi berperan besar di timnas indonesia, harap jadi motivasi kemajuan sepakbola tanah air lengkapcepatberitanya bola sepakbola sepakboladunia boladunia .",2023-03-25 20:35:08+00:00,information
1636335214812340225,"naturalisasi u-20 dipercepat, 21 maret mendatang akan ada agenda rapat bersama komisi iii, komisi x dpr dan kemenpora.",2023-03-16 11:54:51+00:00,information
1635817446534938625,"4 pemain jebolan piala aff 2022 yang tak dipanggil shin tae-yong untuk laga timnas indonesia vs burundi, nomor 1 pemain naturalisasi! lengkapcepatberitanya bola sepakbola sepakboladunia boladunia .",2023-03-15 01:37:25+00:00,information
1637953001557200897,"3 pemain naturalisasi yang belum gabung tc timnas indonesia jelang lawan burundi, nomor 1 bek kukuh skuad garuda! lengkapcepatberitanya bola sepakbola sepakboladunia boladunia .",2023-03-20 23:03:21+00:00,information
1640447830694445056,"5 pemain timnas indonesia yang siap menggila di pertemuan kedua kontra burundi, nomor 1 bek naturalisasi! lengkapcepatberitanya bola sepakbola sepakboladunia boladunia .",2023-03-27 20:16:55+00:00,information
1638193096109494272,3 tahapan proses naturalisasi hingga justin hubner dkk bisa bela timnas indonesia u-20 di piala dunia u-20 2023 lengkapcepatberitanya bola sepakbola sepakboladunia boladunia .,2023-03-21 14:57:24+00:00,information
1637406273741418497,"besok dpr ri disebut gelar 2 rapat sekaligus, upaya kebut proses naturalisasi 3 pemain untuk timnas indonesia u-20 lengkapcepatberitanya bola sepakbola sepakboladunia boladunia .",2023-03-19 10:50:51+00:00,information
1638485824840044544,hubner turut dipanggil oleh timnas belanda u-20 timnasindonesia pssi naturalisasi,2023-03-22 10:20:36+00:00,information
1638121254036312071,komisi x dpr ri setujui naturalisasi 3 calon pemain timnas u-20 indonesia. menko bidang pembangunan manusia kebudayaan indonesia muhadjir effendy ingatkan naturalisasi upaya terakhir pengembangan olahraga tanah air. guebarengerickthohir,2023-03-21 10:11:56+00:00,information
1638462890096345088,"pemain naturalisasi, shayne pattynama dipastikan batal debut dan gabung timnas indonesia lawan burundi dalam laga fifa matchday periode maret 2023. timnasindonesia indonesia",2023-03-22 08:49:28+00:00,information
1638244320862957588,super189 - 3 tahapan proses naturalisasi hingga justin hubner dkk bisa bela timnas indonesia u-20 di piala dunia u-20 2023 : okezone bola infoslotgacor slotgacor slotindonesia gameslotgacor,2023-03-21 18:20:57+00:00,information
1636984803953111042,islot77 - proses naturalisasi calon pemain timnas indonesia u-20 dilanjutkan pekan depan infoslotgacor slotgacor slotindonesia gameslotgacor,2023-03-18 06:56:05+00:00,information
1638024899762720768,komisi x dpr ri menyetujui naturalisasi ketiga pemain yang disiapkan membela timnas indonesia u20 di ajang piala dunia u20 2023. indihometv homeofpremiumsports useesports indonesia sepakbola sepakbolaindonesia pssi gbk,2023-03-21 03:49:03+00:00,information
1634328306479923200,pssi pastikan naturalisasi pemain timnas u-20 terus berjalan beritajogja jogja jogjaistimewa,2023-03-10 23:00:07+00:00,information
1638821282656686081,"justin hubner tengah bergabung dengan timnas u20 belanda. di saat yang bersamaan, pssi sedang bernegosiasi agar naturalisasi tetap berlanjut.",2023-03-23 08:33:36+00:00,information
1639688984526987264,"5 pemain timnas indonesia yang menggila saat kalahkan burundi, nomor 1 penyerang naturalisasi! lengkapcepatberitanya bola sepakbola sepakboladunia boladunia .",2023-03-25 18:01:32+00:00,information
1633030248722989057,ketua umum pssi mengusulkan pemain naturalisasi di setiap klub sepak bola indonesia maksimal satu orang. appi menyebut ini melanggar ham. simak video berikut. happening update bolasports newsflash,2023-03-07 09:02:06+00:00,information
1639240691812532227,"5 pesepakbola mualaf yang ternyata eks pemain timnas indonesia, nomor 1 bomber naturalisasi lengkapcepatberitanya bola sepakbola sepakboladunia boladunia .",2023-03-24 12:20:11+00:00,information
1634187646368116737,erick thohir pastikan proses naturalisasi 3 calon pemain timnas indonesia u-20 tetap berjalan lengkapcepatberitanya bola sepakbola sepakboladunia boladunia .,2023-03-10 13:41:11+00:00,information
1635782869149945857,"5 pemain debutan timnas indonesia di laga kontra burundi, nomor 1 pemain naturalisasi! lengkapcepatberitanya bola sepakbola sepakboladunia boladunia .",2023-03-14 23:20:02+00:00,information
1635197019248799744,"timnas indonesia bertemu burundi di fifa matchday, dua pemain naturalisasi mulai debutnya",2023-03-13 08:32:04+00:00,information
1637788577688875011,"komisis iii dpr ri telah berikan lampu hijau untuk naturalisasi justin hubner, rafael struick, dan ivar jenner. bisa perkuat timnas indonesia u-20 nih. u20worldcupemtek u20worldcupkly u20worldcupbolacom",2023-03-20 12:10:00+00:00,information
1637764556507475968,dpr ri kabulkan permohonan naturalisasi 3 pemain timnas indonesia u-20,2023-03-20 10:34:33+00:00,information
1634399681336999937,proses naturalisasi tiga calon pemain timnas indonesia u-20 tunggu masa reses dpr ri,2023-03-11 03:43:44+00:00,information
1637730789050949632,sah! komisi x dpr setujui proses naturalisasi tiga calon pemain timnas indonesia u-20,2023-03-20 08:20:22+00:00,information
1634375398724194305,erick thohir kejar dpr tuntaskan proses naturalisasi tiga pemain asing timnas indonesia u20,2023-03-11 02:07:14+00:00,information
1638080753060683778,komisi x dpr-ri menyetujui permohonan naturalisasi terhadap tiga pemain keturunan untuk timnas indonesia u-20. bolaskorcom timnasindonesia naturalisasi dprri,2023-03-21 07:31:00+00:00,information
1640244761952141313,"calon pemain naturalisasi timnas indonesia u-20, justin hubner, turun membela timnas belanda u-20. bolaskorcom justinhubner timnasindonesia pssi",2023-03-27 06:50:00+00:00,information
1639278541169729536,"jelang fifa matchday, marc klok: timnas burundi badannya besar-besar: pemain naturalisasi yang juga pemain timnas indonesia marc klok menyebut bila pemain timnas burundi memiliki postur tubuh yang besar. bola marcklok fifamatchday timnasburundi",2023-03-24 14:50:35+00:00,information
1635934978323148800,"berita bola terkini nova88 indonesia klik : skuad timnas indonesia vs burundi: 3 pemain naturalisasi, sindiran lilipaly",2023-03-15 09:24:27+00:00,information
1641423213409484801,proses calon pemain naturalisasi timnas indonesia u-20 tetap berjalan,2023-03-30 12:52:44+00:00,information
1634206946315075590,"dpr masih reses, erick thohir dorong proses naturalisasi 3 pemain keturunan untuk timnas indonesia u-20 pada 13 maret 2023 - via . . . m88mansion m88mansionindo m88indo m88laliga",2023-03-10 14:57:52+00:00,information
1700512352016507225,"demi mewujudkan timnas garuda mendunia, ketum pssi menambah pemain naturalisasi dari italy. tak tanggung² … yang didatangkan adalah pemain papan atas. etbikinpssimendunia",2023-09-09 14:11:53+00:00,information
1701836118541681050,ketum pssi memberi kejutan mendatangkan pemain naturalisasi jay idzes untuk memperkuat timnas indonesia. etbawapssimendunia,2023-09-13 05:52:03+00:00,information
1702151562154639396,"ketum pssi erick thohir menjawab pertanyaan mengenai pemain naturalisasi. terbukti ketum erick thohir menepati janjinya untuk mendatangkan pemain naturalisasi papan atas, optimistis komposisi pemain timnas makin kuat dan bawa garuda mendunia. et_cawapresunggulan",2023-09-14 02:45:31+00:00,information
1700365542413209772,timnasday ketua umum pssi erick thohir membuktikan komitmennya untuk memperkuat timnas indonesia dengan proses naturalisasi pemain berkualitas. mendatangkan pemain liga italia jay idzes dari klub venezia untuk memperkuat timnas. timnasindonesia etbikinpssimendunia,2023-09-09 04:28:31+00:00,information
1701912292236075348,surprise! ketum pssi erick thohir datangkan pemain naturalisasi dari italia yaitu jay idzes untuk memperkuat timnas indonesia. etbikinpssimendunia,2023-09-13 10:54:45+00:00,information
1700675823337169332,"ketua umum pssi erick thohir, mendatangkan pemain naturalisasi baru untuk memperkuat timnas indonesia yang bernama jay idzes pemain club liga italia. etbikinpssimendunia",2023-09-10 01:01:27+00:00,information
1701928241999860080,"untuk memajukan sepakbola indonesia dan memperkuat timnas indonesia, ketua umum pssi kembali mendatangkan pemain naturalisasi etbikinpssimendunia",2023-09-13 11:58:07+00:00,information
1700418764355879132,sudah terbukti kan ketum pssi erick thohir selalu menepati janjinya untuk mendatangkan pemain naturalisasi grade a yuk optimis yuk!!! komposisi pemain timnas makin kuat dan mendunia etbikinpssimendunia,2023-09-09 08:00:00+00:00,information
1700441114942325024,"mengenai tambahan pemain naturalisasi, ketua umum pssi bisa mendatangkan pemain liga italia jay idzez dari klub venezia, diharapkan bisa memperkuat timnas garuda muda agar bisa terbang mendunia. etbikinpssimendunia",2023-09-09 09:28:49+00:00,information
1699396665445326979,"timnas indonesia di kabarkan dapat pemain naturalisasi tambahan, keputusan ada di tangan shin tae yong timnasindonesia timnasday luluk beritabola kabarbola rabu sepakbolaindonesia informasisepakbola bola",2023-09-06 12:18:32+00:00,information
1700072314006859955,erick thohir jelaskan alasan pssi naturalisasi jay idzes,2023-09-08 09:03:20+00:00,information
1700797326837874729,bek timnas indonesia u-23 tanggapi santai rencana pssi naturalisasi jay idzes,2023-09-10 09:04:16+00:00,information
1699000468813594755,"banjir pengalaman di eredivisie, pemain liga inggris ini bikin shin tae-yong singgung rencana naturalisasi pssi",2023-09-05 10:04:12+00:00,information
1703298237325791453,kini muncul sorotan kepada pssi yang gencar menaturalisasi pemain. tak sedikit pencinta sepak bola indonesia yang menyayangkan hal ini karena merasa indonesia dinilai memiliki banyak potensi pemain berbakat,2023-09-17 06:42:00+00:00,information
1700099157988610384,"ketua pssi, erick thohir, mengungkap alasannya menaturalisasi jay idzes untuk timnas indonesia. begini komentar lengkapnya.",2023-09-08 10:50:00+00:00,information
1699468388001800233,sektor pertahanan timnas banjir naturalisasi! inilah calon pemain naturalisasi anyar timnas garuda pssi timnasindonesia,2023-09-06 17:03:32+00:00,information
1700060038935757180,penjelasan pssi soal pemain naturalisasi timnas indonesia dominan bek,2023-09-08 08:14:33+00:00,information
1702193753963032585,"hamdan hamedan yang saat itu bertugas sebagai utusan bidang naturalisasi menjelaskan bahwa pada tahun 2022 rafael struick mulai mendapatkan perhatian dari pssi. saat itu, struick sudah memiliki kontrak profesional dengan ado",2023-09-14 05:33:10+00:00,information
1707242476967436465,"seperti halnya kabar soal jay idzes yang tiba-tiba diumumkan untuk dinaturalisasi, pssi melanjutkan mode senyap perburuan pemain naturalisasi untuk timnas indonesia. di media sudah ada 2 pemain keturunan yang dikabarkan bersedia membela timnas indonesia",2023-09-28 03:55:00+00:00,information
1699449879624335397,pssi naturalisasi bek tangguh jay idzes untuk timnas indonesia,2023-09-06 15:50:00+00:00,information
1700086575898702251,"ketua pssi buka-bukaan alasan naturalisasi jay idzes untuk timnas indonesia, sanjung setinggi langit!",2023-09-08 10:00:00+00:00,information
1701873090270269446,"jangan sirik mbah.. yang penting itu hasil, bukan proses.. anak-anak indonesia bisa main di tarkam aja, karena jatah timnas untuk pemain naturalisasi",2023-09-13 08:18:58+00:00,information
1699388983732776998,"ketum pssi, erick thohir lewat instagram pribadinya pada rabu 6 september 2023, memperkenalkan jay idzes. suaramerdeka suaramerdekacom pssi erickthohir naturalisasi jayidzes timnasindonesia",2023-09-06 11:48:01+00:00,information
1700339012911980814,erick thohir ungkap alasan pssi naturalisasi jay idzes untuk timnas indonesia,2023-09-09 02:43:06+00:00,information
1703200187773321447,erick thohir bicara soal polemik local pride vs naturalisasi di timnas indonesia lanjut bang klik untuk baca: kompascom+ baca berita tanpa iklan: download aplikasi:,2023-09-17 00:12:23+00:00,information
1699590620455829585,"pssi memproyeksikan bek klub liga italia serie b venezia, jay idzes untuk memperkuat timnas indonesia di piala asia 2023 qatar. - diproyeksikan piala asia, pssi kejar naturalisasi bek venezia",2023-09-07 01:09:15+00:00,information
1699408647737258238,"bukan jordi amat, pssi naturalisasi jay idzes jadi pelapis marc klok di timnas indonesia",2023-09-06 13:06:09+00:00,information
1705900176131707038,"pemain keturunan indonesia-belanda, kevin diks, menjadi salah satu nama yang paling layak untuk segera dinaturalisasi pssi agar bisa menjadi amunisi baru timnas indonesia.",2023-09-24 11:01:10+00:00,information
1699570384864161992,pssi kebut proses naturalisasi jay idzes ke timnas indonesia: bidik piala asia 2023,2023-09-06 23:48:50+00:00,information
1617872080254685185,resmi jadi wni! timnas indonesia dapat satu pemain naturalisasi lagi bernama shayne pattynama,2023-01-24 13:08:57+00:00,information
1617875193028046849,resmi di naturalisasi shayne pattynama siap gabung timnas indonesia,2023-01-24 13:21:19+00:00,information
1615255826327031808,"mochamad iriawan dipastikan tidak maju dalam persaingan ketua umum pssi periode 2023-2027. perihal naturalisasi pemain timnas u-20 indonesia, mochamad iriawan mengisyaratkan tetap berjalan karena program itu sudah ada yang menangani sendiri.",2023-01-17 07:52:53+00:00,information
1618118684341592064,"ketua umum pssi, mochamad iriawan, mengungkapkan bahwa naturalisasi pemain timnas u-20 indonesia ditargetkan rampung paling cepat pada februari 2023. sejauh ini sudah ada 3 nama pemain keturunan yang sedang diurus proses naturalisasinya.",2023-01-25 05:28:52+00:00,information
1618184009649127425,"proses naturalisasi shayne pattynama akhirnya rampung. pada, selasa (24/1/2023) shayne telah diambil sumpahnya untuk menjadi warga negara indonesia (wni) di jakarta dengan ditemani oleh ketua umum pssi, mochamad iriawan alias iwan bule.",2023-01-25 09:48:26+00:00,information
1618179368764809216,proses pengambilan sumpah ini merupakan tahap terakhir dalam proses naturalisasi shayne untuk menjadi wni dan bermain untuk timnas indonesia. selengkapnya,2023-01-25 09:30:00+00:00,information
1615901957629284353,"sebanyak empat pemain keturunan saat ini tengah menjalani proses naturalisasi untuk bisa memperkuat timnas indonesia. sebelumnya, jordi amat dan sandy walsh merupakan dua pemain keturunan terakhir yang telah resmi menjadi warga negara indonesia (wni)",2023-01-19 02:40:23+00:00,information
1614575748836364288,"thank you pak iwan bule atas dedikasinya. dibalik banyaknya sisi negatif pssi, beliau masih punya sisi positif terhadap perkembangan timnas indonesia, mendatangkan pelatih kelas dunia, pemain terpacu untuk abroad, naturalisasi tidak asal asalan.",2023-01-15 10:50:30+00:00,information
1613317521272377346,5 pemain andalan timnas indonesia yang jadi korban kehadiran 5 pemain naturalisasi tambahan di piala asia 2023 lengkapcepatberitanya bola sepakbola sepakboladunia boladunia .,2023-01-11 23:30:45+00:00,information
1618815628252712962,"utusan induk sepak bola indonesia, pssi, dalam hal menaturalisasi pemain keturunan, yakni hamdan hamedan, memberikan kode terkait sosok calon pemain naturalisasi berikutnya.",2023-01-27 03:38:16+00:00,information
1615724454608531461,kisah cinta menyedihkan ilija spasojevic pemain naturalisasi timnas indonesia yang ditinggal wafat sang istri lengkapcepatberitanya bola sepakbola sepakboladunia boladunia .,2023-01-18 14:55:03+00:00,information
1616065440211521537,simon mcmenemy miliki peran dalam proses naturalisasi sandy walsh.,2023-01-19 13:30:00+00:00,information
1615132233798668288,"5 pesepakbola naturalisasi tambahan yang siap perkuat timnas indonesia di piala asia 2023, nomor 1 rafael struick! lengkapcepatberitanya bola sepakbola sepakboladunia boladunia .",2023-01-16 23:41:46+00:00,information
1618157893068656641,"proses naturalisasi shayne pattynama akhirnya rampung setelah pemain keturunan belanda itu diambil sumpah menjadi wni pada selasa (24/1/2023). dengan demikian, shayne kini bisa memperkuat timnas indonesia di ajang internasional.",2023-01-25 08:04:40+00:00,information
1616713891593228296,ada andil besar mantan pelatih timnas indonesia simon mcmenemy dalam proses naturalisasi sandy walsh lengkapcepatberitanya bola sepakbola sepakboladunia boladunia .,2023-01-21 08:26:43+00:00,information
1615518715285770240,"5 pemain naturalisasi yang gagal perkuat timnas indonesia, nomor 1 eks kapten persija jakarta lengkapcepatberitanya bola sepakbola ligaindonesia sepakbolanasional .",2023-01-18 01:17:31+00:00,information
1615739038266425345,"4 pemain naturalisasi yang diandalkan shin tae-yong di timnas indonesia, nomor 1 paling beken! lengkapcepatberitanya bola sepakbola sepakboladunia boladunia .",2023-01-18 15:53:00+00:00,information
1619728009736634369,"caketum pssi, la nyalla terbuka terhadap naturalisasi apabila ada pemain merasa dirinya sebagai warga indonesia, mau membela indonesia, ada keturunannya, la nyalla siap bantu prosesnya.",2023-01-29 16:03:45+00:00,information
1612459768274366464,"bubarkan pssi, naturalisasi semua pemain timnas!!!!",2023-01-09 14:42:21+00:00,information
1618481221516005382,"setelah merampungkan proses naturalisasi shayne pattynama, pssi tengah berusaha mempercepat proses perubahan kewarganegaraan tiga calon pemain timnas indonesia u-20, justin hubner, ivar jenner, dan rafael struick. pssi pialaduniau20 justinhubner",2023-01-26 05:29:27+00:00,information
1618260613133750276,"demi piala dunia u-20, proses naturalisasi 3 pemain timnas u-20 indonesia ini ditarget segera tuntas",2023-01-25 14:52:50+00:00,information
1613819177382600709,"info bola : sandy walsh resmi menjadi pemain timnas indonesia keinginan publik sepak bola indonesia untuk melihat sandy walsh, salah satu pemain naturalisasi yang bermain untuk beritaolahraga pialadunia sportalavista infobola worldcup agenbola",2023-01-13 08:44:09+00:00,information
1618791293030924288,pemain feyenoord dirumorkan jadi naturalisasi timnas indonesia u-20 selanjutnya usai utusan pssi lempar kode,2023-01-27 02:01:34+00:00,information
1617877492081242114,resmi di naturalisasi shayne pattynama pasang target bersama timnas indonesia,2023-01-24 13:30:27+00:00,information
1618182682999132163,"naturalisasi tidak serta merta menempatkan indonesia di peringkat atas, bahkan hanya untuk tataran asia tenggara. naturalisasi hanya jalan pintas yang tidak membuat pembinaan/kompetisi menjadi lebih baik. shaynepattynama pssi timnas timnasindonesia",2023-01-25 09:43:10+00:00,information
1671878960408567809,"pemain muda wolves, justin hubner seolah melempar kode ingin melanjutkan proses naturalisasi usai mengunggah insta story setelah laga timnas indonesia vs argentina. argentina timnasindonesia pssi naturalisasi fifamatchday justinhubner beritabola livescore",2023-06-22 13:53:00+00:00,information
1673876369309069312,"usai fifa matchday juni 2023, pemain argentina ini tak melihat perbedaan kualitas dari pemain naturalisasi dan pemain lokal timnas indonesia",2023-06-28 02:10:00+00:00,information
1670054428756578304,"shayne pattynama tak sabar jalani debut bersama indonesia pemain naturalisasi timnas indonesia, shayne pattynama, sudah tak sabar menghadapi timnas argentina dengan atmosfer stadion utama gelora bung karno. . infotimnas timnassenior timnas pssi timnasday shaynepattynama",2023-06-17 13:02:58+00:00,information
1664989390991663104,"shin tae-yong panggil 8 pemain naturalisasi untuk fifa matchday juni 2023, legenda timnas indonesia ungkap harapannya. . okezone bola sepakbola sepakboladunia boladunia .",2023-06-03 13:36:19+00:00,information
1664558253320310784,ekspektasi besar menanti pemain naturalisasi yang debut bersama timnas indonesia di fifa matchday,2023-06-02 09:03:08+00:00,information
1668451049697579008,pemain naturalisasi pun diprediksi dapat mendongkrak kualitas timnas indonesia saat menghadapi palestina di fifa matchday juni 2023. kickoff timnasindonesia,2023-06-13 02:51:43+00:00,information
1668536244282769408,pemain naturalisasi sandy walsh dipastikan absen membela timnas indonesia melawan palestina karena dalam proses pemulihan akibat dibekap cidera betis. videoberita adadikompas,2023-06-13 08:30:15+00:00,information
1672865961467150338,rapor 3 pemain naturalisasi yang debut untuk timnas indonesia di fifa matchday!,2023-06-25 07:15:00+00:00,information
1671087996316311553,rapor 3 pemain naturalisasi yang debut untuk timnas indonesia di fifa matchday: rafael struick bersinar!,2023-06-20 09:30:00+00:00,information
1673517903327674368,direktur teknik pssi sekaligus pelatih timnas indonesia u-23 indra sjafri buka suara ketika disinggung mengenai pemain naturalisasi yang kerap dikritik.,2023-06-27 02:25:35+00:00,information
1667429735889268736,"pemain naturalisasi timnas indonesia, rafael struick, coba melawan cuaca panas di surabaya, jawa timur, demi ambisinya menjalankan debut bersama tim garuda di fifa matchday, juni 2023. khofifah",2023-06-10 07:13:23+00:00,information
1664824725703475202,"hamdan hamedan kembali buka suara mengenai kiper panathinaikos b, cyrus margono yang sedang memproses jadi wni. proses ini berbeda dengan proses naturalisasi yang dijalani seperti jordi amat dkk",2023-06-03 02:42:00+00:00,information
1665949246808535040,"proyek naturalisasi pemain keturunan indonesia masih berjalan, dan jay idzes jadi nama terbaru. timnas pssi",2023-06-06 05:10:26+00:00,information
1664615688055705601,naturalisasi timnas indonesia tertunda kai boham resmi digaet tim belanda lewat,2023-06-02 12:51:21+00:00,information
1666665515711090689,"laga timnas indonesia senior versus palestina yang digelar di stadion gbt surabaya pada 14 juni, disambut antusias pemain naturalisasi asal belanda, ivar jenner. publisherstory beritaanaksurabaya",2023-06-08 04:36:38+00:00,information
1668807738309382147,timnas indonesia kehilangan 2 pemain naturalisasi di fifa matchday kontra palestina,2023-06-14 02:29:04+00:00,information
1673852376187392001,"slotbet88 - usai fifa matchday juni 2023, pemain argentina ini tak melihat perbedaan kualitas dari pemain naturalisasi dan pemain lokal timnas indonesia : okezone bola infoslotgacor slotgacor slotindonesia gameslotgacor",2023-06-28 00:34:39+00:00,information
1664060063051292674,slotbet88 - exco pssi pastikan belum ada rencana pemain naturalisasi tambahan untuk timnas indonesia : okezone bola infoslotgacor slotgacor slotindonesia gameslotgacor,2023-06-01 00:03:30+00:00,information
1667747123725729792,"salam dh.... profil dan biodata ezra walian, pemain naturalisasi timnas indonesia siap main di kualifikasi piala asia 2023 - berita sleman merdeka...!!!",2023-06-11 04:14:34+00:00,information
1668059688041349120,"10/ padahal seperti yang sudah dibahas, naturalisasi tidak sebatas urusan timnas indonesia. ada yang pindah kewarganegaraan karena urusan administrasi misalnya perkawinan. apakah dzumafo menjadi wni karena mau masuk timnas indonesia? jawabannya tidak.",2023-06-12 00:56:35+00:00,information
1666363786754920448,komentar shin tae-yong soal pemain naturalisasi timnas indonesia jelang fifa matchday,2023-06-07 08:37:40+00:00,information
1666802901862481923,"2 pemain naturalisasi timnas indonesia terancam absen di fifa matchday juni 2023, ini penyebabnya via tribunjateng",2023-06-08 13:42:34+00:00,information
1628367769887707136,"ada tiga pemain asing yang menjalani proses naturalisasi untuk bergabung dalam timnas indonesia u-20, yakni ivar jenner, justin hubner dan rafael struick.",2023-02-22 12:15:04+00:00,information
1626793100999012352,penyebab shin tae-yong minta presiden jokowi percepat naturalisasi 3 pemain keturunan timnas indonesia u-20 lengkapcepatberitanya bola sepakbola sepakboladunia boladunia .,2023-02-18 03:57:54+00:00,information
1624227973598523393,"proses naturalisasi terus berjalan, sampai di sini tahapnya sekarang",2023-02-11 02:05:00+00:00,information
1624254791189925889,update proses naturalisasi justin hubner cs untuk timnas indonesia u-20,2023-02-11 03:51:34+00:00,information
1622820956782886912,"zainudin amali mengabarkan proses naturalisasi ivar jenner, justin hubner, dan rafael struick, yang diproyeksikan memperkuat timnas u-20 indonesia di piala dunia u-20 2023 sudah masuk ke kemenkumham.",2023-02-07 04:54:01+00:00,information
1628091114740940800,menpora: tahap naturalisasi 3 pemain timnas u-20 tunggu restu dpr,2023-02-21 17:55:44+00:00,information
1624223116473012225,pssi berikan update terbaru tentang naturalisasi 3 pemain keturunan untuk timnas indonesia u-20 di piala dunia u-20 2023.,2023-02-11 01:45:42+00:00,information
1628342398337052678,menpora zainudin amali memberikan kabar terkait proses naturalisasi untuk timnas indonesia u-20 yang sebelumnya dinilai pelatih shin tae-yong terhambat.,2023-02-22 10:34:15+00:00,information
1624333271130865664,"update proses naturalisasi 3 pemain keturunan timnas u-20 indonesia, berkas sudah di kemensetneg",2023-02-11 09:03:25+00:00,information
1624306764555644928,proses naturalisasi 3 pemain timnas u-20 masuk kemensetneg,2023-02-11 07:18:05+00:00,information
1628418187632209921,menpora beri update naturalisasi 3 pemain untuk timnas indonesia u-20: menunggu sidang dpr.,2023-02-22 15:35:25+00:00,information
1628318690780278786,menpora update naturalisasi 3 pemain untuk timnas indonesia u-20: menunggu sidang dpr,2023-02-22 09:00:03+00:00,information
1626909391843692544,shin tae-yong minta tolong jokowi agar proses naturalisasi 3 pemain timnas indonesia u-20 dipercepat.,2023-02-18 11:40:00+00:00,information
1624864750848049152,"7 pemain naturalisasi timnas italia pada era 2000-an, nomor 1 bawa gli azzurri juara piala dunia 2006 lengkapcepatberitanya bola sepakbola sepakboladunia boladunia .",2023-02-12 20:15:19+00:00,information
1624138634705399808,pssi berikan update terbaru tentang naturalisasi 3 pemain keturunan untuk timnas indonesia u-20 di piala dunia u-20 2023,2023-02-10 20:10:00+00:00,information
1624901325359308800,"6 pemain naturalisasi yang pernah dan masih diandalkan shin tae-yong di timnas indonesia, nomor 1 juru gedor bali united! lengkapcepatberitanya bola sepakbola sepakboladunia boladunia .",2023-02-12 22:40:39+00:00,information
1623472212727726081,"5 pemain naturalisasi yang bersinar di timnas indonesia, nomor 1 bek tangguh skuad garuda! lengkapcepatberitanya bola sepakbola sepakboladunia boladunia .",2023-02-09 00:01:52+00:00,information
1624377713589903360,proses naturalisasi tiga pemain keturunan untuk membela timnas indonesia u-20 di piala dunia u-20 2023 masih terus berjalan. u20worldcupemtek u20worldcupkly u20worldcupbolacom,2023-02-11 12:00:01+00:00,information
1624404134660296704,pssi terus mengebut naturalisasi tiga pemain keturunan untuk timnas indonesia u-20. u20worldcupemtek u20worldcupkly u20worldcupbolacom,2023-02-11 13:45:00+00:00,information
1627016375201071105,"pelatih timnas indonesia u-20, shin tae-yong, berharap proses naturalisasi tiga pemain yang saat ini sedang berjalan bisa cepat diselesai...",2023-02-18 18:45:07+00:00,information
1624330435131236355,piala dunia u20: proses naturalisai 3 pemain timnas u20 masuk setneg kitagaruda pssi timnasday u20wc naturalisasi,2023-02-11 08:52:08+00:00,information
1624356083748982787,proses naturalisasi 3 pemain keturunan timnas u-20 sedikit lagi kelar,2023-02-11 10:34:04+00:00,information
1627206834359775233,"membahas proses naturalisasi 3 pemain timnas indonesia u-20, shin tae-yong bawa-bawa nama jokowi",2023-02-19 07:21:56+00:00,information
1624027951800131585,"babak baru proses 3 calon pemain naturalisasi timnas indonesia u-20, sudah sampai setneg",2023-02-10 12:50:11+00:00,information
1620734223543070720,kata-kata eks bek naturalisasi timnas indonesia usai resmi gabung madura united,2023-02-01 10:42:05+00:00,information
1628232154500177921,"proses 3 pemain naturalisasi timnas u-20 mandek, ini kata menpora",2023-02-22 03:16:11+00:00,information
1626796542576439296,"proses naturalisasi 3 pemain timnas indonesia u-20 lambat, shin tae-yong minta tolong jokowi",2023-02-18 04:11:34+00:00,information
1626808388066893824,sty minta proses naturalisasi 3 pemain timnas u-20 indonesia ini dipercepat timnasindonesia timnasu20 lewat .com,2023-02-18 04:58:39+00:00,information
1628287102415949824,menpora update naturalisasi 3 pemain untuk timnas indonesia u-20: menunggu sidang dpr - via . . . m88mansion m88mansionindo m88laliga,2023-02-22 06:54:31+00:00,information
1675162851630256131,"bentangkan bendera merah putih usai membawa timnya almere city promosi ke liga belanda musim depan, pemain keturunan indonesia, ilias alhaft menyatakan bersedia jika mendapat tawaran naturalisasi dari pssi. dirinya mengaku 100 persen ingin membela timnas indonesia",2023-07-01 15:22:01+00:00,information
1680884313477509120,zenit resmi merekrut mario fernandes! bek naturalisasi timnas rusia tersebut dikontrak selama setahun dengan opsi perpanjangan kontrak. selengkapnya:,2023-07-17 10:17:04+00:00,information
1679776358849998848,"selain itu, skuad timnas makin dihiasi oleh banyak talenta muda yang menjanjikan, ditambah dengan rekrutan lewat jalur naturalisasi yang semakin baik di bawah duet erick thohir dan shin tae young. bahkan disebut-sebut, strategi naturalisasi pssi kali ini jauh lebih baik...",2023-07-14 08:54:27+00:00,information
1676119806700052481,ac milan dilaporkan telah membuka pembicaraan resmi dengan az alkmaar untuk menemukan kesepakatan soal harga tijjani reijnders. i rossoneri menawar mantan calon pemain naturalisasi timnas indonesia tersebut sebesar rp 311 miliar.,2023-07-04 06:44:37+00:00,information
1677178352812310529,"bang, maap ini mah. 1 orang naturalisasi itu masuk ke salah satu komponen 100 m. artinya 100 m itu totalan dari hotel timnas, akomodasi dan tiket naturalisasi. kalo di beritanya pun komponennya lebih banyak dari itu. maap banget ini mah dibaca dulu :(",2023-07-07 04:50:54+00:00,information
1681707971104104448,"iya mas, ibunya keturunan orang maluku, bapaknya orang holland asli kemaren sempet ada berita doi mau di naturalisasi, tp tampaknya yg bersangkutan lebih milih timnas oranje, walaupun belum bikin debut",2023-07-19 16:49:59+00:00,information
1676449739443933185,timnas indonesia: 3 pemain profesional siap dinaturalisasi iliasalhaft jayidzes jordywehrmann naturalisasi pssi,2023-07-05 04:35:39+00:00,information
1678693505877803008,"timnas indonesia u-17 panggil 34 pemain, ada 6 pemain naturalisasi bimasakti pialaduniau17 pssi timnasindonesia",2023-07-11 09:11:35+00:00,information
1675403354422517760,naturalisasi progam jangka pendek. pembangunan sepak bola indonesia baru dimulai pssi bersama pak et... kita tunggu saja hasilnya.,2023-07-02 07:17:41+00:00,information
1678576351790661633,"breaking news: pemain keturunan tijjani reijnders sepakat gabung ac milan, naturalisasi grade a nih lagi trend mandalika pandawara no makeup brin tidur",2023-07-11 01:26:03+00:00,information
1690266376907489281,"wakil ketua umum pssi bicara proyek jangka panjang timnas indonesia, singgung naturalisasi pemain tempobola",2023-08-12 07:38:02+00:00,information
1689972301088129024,"indonesia sudah lebih dari siap. sudah waktunya kita unjuk kelebihan. indonesia bisa, garudamendunia timnas u17 pialaduniau17 pssi naturalisasi indonesia stadion",2023-08-11 12:09:29+00:00,information
1686360084203601921,"timnas indonesia kedatangan pemain naturalisasi lagi, pssi: lagi diproses",2023-08-01 12:55:49+00:00,information
1688777148902092800,pssi bicara soal peluang naturalisasi lagi pemain keturunan untuk timnas indonesia download aplikasi untuk akses berita lebih mudah dan cepat: android:,2023-08-08 05:00:22+00:00,information
1689959418878943232,"pemain naturalisasi, pemain keturunan, pemain lokal, yang penting hatinya buat merah putih timnas garudamendunia u17 pialaduniau17 pssi naturalisasi indonesia",2023-08-11 11:18:18+00:00,information
1688823750215835648,"soal rencana naturalisasi pemain untuk timnas indonesia, pssi: semua tergantung pelatih",2023-08-08 08:05:33+00:00,information
1687074585886236672,"gelandang tottenham hotspur batal bela timnas indonesia u-17, pssi: naturalisasi bisa diurus, jika...",2023-08-03 12:15:00+00:00,information
1689932814987505665,emil audero gabung inter milan beri kode ingin gabung timnas indonesia timnasindonesia pssi intermilan indonesia viral abroad naturalisasi kitagaruda timnasday,2023-08-11 09:32:35+00:00,information
1688950700531912704,"soal rencana naturalisasi untuk timnas indonesia, pssi: semua tergantung pelatih!",2023-08-08 16:30:00+00:00,information
1689074989507710978,winger naturalisasi timnas indonesia ingin melatih timnas junior ! slotgacor jpgacor jackpot maxwin simasbola bocoranslot bocoranadmin bocoranbandar pragmatic pgsoft zeus antirungkat cheatslot parlay mixparlay slotonline viral berita,2023-08-09 00:43:53+00:00,information
1687294197295149056,"bahkan ia pun bersedia membantu segala proses naturalisasi untuk pemain muda yang kini bermain di tottenham hotspur u-18, gabriel han willhoft-king, yang diproyeksikan membela timnas indonesia di ajang piala dunia u-17 nanti.",2023-08-04 02:47:39+00:00,information
1686612849366278144,"berita timnas indonesia: tambah lagi pemain naturalisasi yang baru, pssi lagi proses: tunggu saja lewat",2023-08-02 05:40:13+00:00,information
1686193474947960832,sambil nunggu naturalisasi gada salahnya dia juga udah bilang pssi. dia aktif di timnas junior belanda dia mau diproses wni dengan begitu ribetnya proses aja jangan diragukan png jadi wni. sekarangpun masih ngikuti perkembangan timnas dia,2023-08-01 01:53:47+00:00,information
1688833620319125504,"gelangganginfo ""naturalisasi tergantung pelatih!"" sepakbola pssi",2023-08-08 08:44:46+00:00,information
1696826652867924314,fifa matchday vs turkmenistan: shin tae-yong panggil 5 pemain naturalisasi dan tiga pemain baru lokal via infosumbar timnas sepakbola,2023-08-30 10:06:14+00:00,information
1712330817677254833,"bek naturalisasi, jordi amat optimis mampu membawa timnas indonesia menembus ranking 100 besar fifa. percaya proses bolaskorcom jordiamat timnasindonesia skuadgaruda pssi fifa bolaindonesia infobola kabarbola beritabola beritaolahraga seputarbola reels",2023-10-12 04:54:15+00:00,information
1717427840927318265,"jay idzes ditargetkan bisa memperkuat timnas indonesia pada piala asia 2023 yang berlangsung pada 12 januari hingga 10 februari 2024. namun, ia dilaporkan mengidap trombosis vena dengan mikro emboli paru. proses naturalisasinya tetap lanjut?",2023-10-26 06:28:00+00:00,information
1711750934303555792,"biodata dan agama shayne pattynama, pemain timnas indonesia yang sempat gagal naturalisasi gegara proses pindah federasi",2023-10-10 14:30:00+00:00,information
1712050358225433064,timnas kamboja resmi naturalisasi winger bali united asal kamerun!,2023-10-11 10:19:48+00:00,information
1715217302231405034,"bung towel kritik pssi soal naturalisasi nathan tjoe-a-on, singgung kualitas bek timnas indonesia",2023-10-20 04:04:06+00:00,information
1714213908779839493,kevin diks disebut-sebut netizen sebagai calon pemain naturalisasi selanjutnya yang diincar pssi untuk timnas indonesia. kevin diks tertangkap kamera menyukai postingan instagram erick thohir saat menyambut nathan tjoe-a-on,2023-10-17 09:36:59+00:00,information
1717793248545046599,"jelang melawan timnas indonesia, irak mengebut proses naturalisasi wonderkid asal swedia",2023-10-27 06:40:00+00:00,information
1713453150668308982,"nama privat mbarga belakangan menjadi perbincangan setelah resmi menjadi pemain naturalisasi kedua kamboja. namun, pemain bali united itu harus menunda debutnya di timnas kamboja setelah proses naturalisasinya belum disetujui fifa",2023-10-15 07:14:00+00:00,information
1708718859845570664,"update progres naturalisasi jay idzes untuk timnas indonesia: sudah masuk kemenkumham. pssi terus mendorong proses naturalisasi pemain kelahiran belanda, jay idzes. bek venezia di serie b liga italia itu diproyeksikan untuk membela timnas indonesia.",2023-10-02 05:41:37+00:00,information
1711909480232034606,"shin tae-yong menanggapi rumor pratama arhan yang dilaporkan bakal merapat ke klub k-league 1. pelatih timnas indonesia tersebut juga membicarakan tentang naturalisasi bek klub liga inggris, swansea city. begini katanya! selengkapnya",2023-10-11 01:00:00+00:00,information
1716771187018379579,kabar calon pemain naturalisasi timnas indonesia: nathan tjoe-a-on masih nunggu debut di ajang resmi bersama swansea city,2023-10-24 10:58:41+00:00,information
1708792692120129894,pssi bocorkan rencana pemain naturalisasi baru di timnas indonesia dan proses jay idzes selengkapnya,2023-10-02 10:35:00+00:00,information
1717609549002416384,erick thohir update proses naturalisasi jay idzes dan nathan a-tjoen ke timnas indonesia,2023-10-26 18:30:02+00:00,information
1715247748356948235,"masuk rumah sakit kabar tak sedap menimpa bek venezia fc, jay idzes. calon pemain naturalisasi timnas indonesia itu dilaporkan mengalami sakit paru-paru. bolanusantara galerisepakbola sepakbolaindonesia timnas timnasday timnasgaruda timnasindonesia",2023-10-20 06:05:05+00:00,information
1718998693913796847,"naturalisasi dua pemain keturunan di eropa, jay idzes dan nathan tjoe-a-on untuk timnas indonesia disebut sedang diproses oleh dewan perwakilan rakyat (dpr) ri.",2023-10-30 14:30:00+00:00,information
1718910611294183490,kabar baik nih! naturalisasi 2 pemain eropa untuk timnas indonesia disebut sedang diproses dpr,2023-10-30 08:40:00+00:00,information
1708840999320158295,"soal naturalisasi cyrus margono, pssi tegaskan timnas indonesia punya stok kiper melimpah lewat",2023-10-02 13:46:57+00:00,information
1708676360166842479,"update pemain naturalisasi timnas indonesia, jay idzes sedang proses, cyrus margono segera jadi wni lewat",2023-10-02 02:52:44+00:00,information
1714956454376132783,"kabar tak sedap menimpa bek venezia fc, jay idzes. calon pemain naturalisasi timnas indonesia itu dilaporkan mengalami sakit paru-paru. kumparanbola bola text happening",2023-10-19 10:47:35+00:00,information
1717943213946970398,respons kevin diks usai ramai proses naturalisasi timnas indonesia lewat,2023-10-27 16:35:54+00:00,information
1715342143928045645,"calon pemain naturalisasi timnas indonesia, jay idzes dikabarkan oleh klubnya, venezia fc, mengalami masalah paru-paru. baca beritanya di sini breakingskor",2023-10-20 12:20:11+00:00,information
1713407188943953989,pssi sedang mempertimbangkan naturalisasi dua pemain keturunan indonesia tingkat a untuk memperkuat timnas indonesia. cek selengkapnya di: timnas indonesia diks emilaudero,2023-10-15 04:11:22+00:00,information
1447342716430393349,"7 juni 2013 pemain indonesia, maitimo, juga pernah bertemu dengan timnas negara kelahirannya dan kalah juga. sedangkan bio paulin tidak debut vs negara kelahirannya di 25 mar 2015 karena proses naturalisasi baru selesai satu hari setelahnya. melewatkan momen langka.",2021-10-10 23:26:08+00:00,information
1453555553377009665,"congrats matty!!! resmi sudah proses naturalisasi matty cash menjadi warga negara polandia. dengan ini, cash bisa langsung dipanggil untuk membela timnas poland",2021-10-28 02:53:44+00:00,information
1451523303575670784,yg mempersulit yah orng2 pssinya sendiri wkwk ..ada orng dalem pssi yg terang2an anti naturalisasi yah tentu saja selagi msh ada sosok dia yah susah buat pmain2 yg mau di naturalisasi ini bela timnas,2021-10-22 12:18:18+00:00,information
1453699536740765697,"...skill mereka gak terlalu berkembang dan imbasnya adalah ke timnas yang jadi memiliki keterbatasan di posisi striker. karena kekurangan di posisi striker, akhirnya pssi naturalisasi striker asing yang hasilnya juga gak terlalu signifikan karena indonesia...",2021-10-28 12:25:52+00:00,information
1446691520405405699,"ayo pak irawan panggil naturalisasi sperti jack brow. elkan, sandy dll mereka juga anak bangsa lihat mereka bnggga dgn indonesia bukan dgn negraa lain no gensi majukan sepak bola indonesia jadi pengurus pssi jgan karena tpi dari to to to raih",2021-10-09 04:18:31+00:00,information
1454299332706848777,kriteria pemain naturalisasi timnas indonesia: main di kasta tertinggi liga eropa sindonews bukanberitabiasa .,2021-10-30 04:09:15+00:00,information
1392362029386661888,"dulu bilang mereka benar tidak bisa naturalisasi kevin karena kevin udah lebih dari 3 kali bela belanda junior. ini pasti spanyol nyogok nih, pssi bilang ga bisa. laporte udah 51x bela timnas perancis junior.",2021-05-12 06:12:31+00:00,information
1392371870339530758,"elkan baggott sih aman. belum pernah bela timnas inggris, dari lahir udah pegang paspor indonesia. beto, otavio dll juga pas tua baru di naturalisasi, itupun klub yang proses",2021-05-12 06:51:37+00:00,information
1396374689123950595,"selain elkan baggott sebenarnya masih banyak pemain keturunan layak masuk timnas senior. tapi pssi ogah kerja ngurus proses naturalisasi pemain2 keturunan, minta bantuan menpora-pun gak mau",2021-05-23 07:57:23+00:00,information
1389607250541498369,"sebenarnya nggak ada naturalisasi yang gagal, kembali lagi ke awal menjadi wni adalah hak seseorang asalkan memenuhi kriteria dan sesuai hukum negara. agar tak di cap “naturalisasi gagal” kasus joni bisa jadi pelajaran. saat ia membela timnas pada waktu yang tak “ideal”",2021-05-04 15:46:00+00:00,information
1435907039088152581,"2019 sandy walsh datang ke kantor pssi diskusi dengan sekjen dan pelatih timnas saja hasilnya zonk, apalagi cuma komunikasi dengan dirtek mending bayar agen lokal buat ngurusin semua proses naturalisasi daripada nunggu pssi",2021-09-09 10:04:50+00:00,information
1434009717433520128,pemain naturalisasi timnas resmi berlaga di klub tersukses meksiko,2021-09-04 04:25:33+00:00,information
1436602352614576131,"lee yoo joon dinaturalisasi bukan utk main di timnas, tp klub liga indonesia dan spy bs tinggal di indonesia krn isterinya asal indonesia. jadi isterinya gak hrs pergi utk tinggal di korea. pssi kemenpora vivabola kejaksaan bhayangkara solo fc persib",2021-09-11 08:07:46+00:00,information
1442305103801643009,penyebab di balik cepat lambatnya proses naturalisasi pemain timnas indonesia seperti marc klok dan sandy walsh sindonews bukanberitabiasa .,2021-09-27 01:48:28+00:00,information
1440004637432578048,naturalisasi pesepak bola eropa untuk timnas indonesia sindonews bukanberitabiasa .,2021-09-20 17:27:14+00:00,information
1365170411684589577,"proses naturalisasi hampir selesai, satu pemain korea selatan bisa segera perkuat timnas indonesia",2021-02-26 05:22:44+00:00,information
1360200956139372548,"tak ada pemain naturalisasi di tc timnas indonesia, pssi angkat bicara",2021-02-12 12:15:53+00:00,information
1354655401640251394,coach tolong bantu proses naturalisasi bro dia sangat layak bela timnas indonesia,2021-01-28 04:59:50+00:00,information
1348121484720365569,"sebut shin tae-yong unik, park hang-seo komentari konflik pemain naturalisasi di timnas indonesia download aplikasi untuk akses berita lebih mudah dan cepat: android:",2021-01-10 04:16:23+00:00,information
1373424323654914048,musuh timnas indonesia panggil 29 pemain termasuk 3 pilar naturalisasi jelang kualifikasi piala dunia download aplikasi untuk akses berita lebih mudah dan cepat: android:,2021-03-21 00:00:50+00:00,information
1371295467389083652,yang ingin timnas lawan tim2 kuat sty apa pssi timbang dibantai kanan kiri mending dananya buat ngurus naturalisasi pemain keturunan,2021-03-15 03:01:31+00:00,information
1410583250779533320,pssi masih membuka pintu naturalisasi pemain untuk timnas indonesia. temposport,2021-07-01 12:57:09+00:00,information
1417046706605096964,"sebenernya cukup lama juga untuk proses hingga dame dan serigne sampai di naturalisasi. tp prosesnya sudah cukup benar, yaitu dengan scouting serta tes di pertandingan ibl bersama indonesia patriots. sehingga diharapkan memang benar dibutuhkan oleh timnas.",2021-07-19 09:00:36+00:00,information
1412012021298520064,"tolong jangan goblok , kenapa syarat bisa naturalisasi harus main di liga indonesia? ini pemain berdarah indo berkualitas dan sudah menyatakan siap bela timnas... tolong sekali lagi jangan goblok",2021-07-05 11:34:34+00:00,information
1415244631629963264,"menpora ama sekjen pssi ini ngerti bola atau ga ngerti bola dah. ini sandy yg masih muda , main di eropa, pengen main di timnas tp gak di naturalisasi” dgn banyak alesan busettt",2021-07-14 09:39:48+00:00,information
1417304688899231747,perbasi resmi naturalisasi 3 pemain untuk timnas indonesia,2021-07-20 02:05:44+00:00,information
1410632161632284676,pssi nurut 'kok' sama shin tae-yong soal pemain naturalisasi gabung timnas indonesia lengkapcepatberitanya bola sepakbola sepakboladunia boladunia .,2021-07-01 16:11:30+00:00,information
1412232658172604426,"naturalisasi itu bukan biang kerok bobroknya prestasi sepakbola nasional, kita punya ratusan juta jiwa nyetak 11 pemain aja ga mampu, biang keroknya tu ya pssi sendiri, ga punya konsep buat kemajuan sepakbola nasional, bisanya cuma ganti pelatih timnas lalu berharap pd keajaiban.",2021-07-06 02:11:18+00:00,information
1412965922252328968,pp perbasi kebut proses naturalisasi pemain untuk kebutuhan timnas indonesia,2021-07-08 02:45:02+00:00,information
1416114182043312130,"salam... profil dan biodata ezra walian, pemain naturalisasi timnas indonesia siap main di kualifikasi piala asia 2023 - berita sleman - pikiran rakyat",2021-07-16 19:15:05+00:00,information
1460493905921671169,"setiap wni baik berstatus pribumi, keturunan maupun naturalisasi berhak membela timnas indonesia, asalkan prosesnya sesuai undang-undang dasar ingat, aturan naturalisasi di uud ini juga dah sesuai dengan regulasi fifa tentang pemain naturalisasi. jika ga sesuai nanti kayak klok",2021-11-16 06:24:16+00:00,information
1461836068789968898,"demi timnas indonesia, pssi proses naturalisasi 4 pemain keturunan",2021-11-19 23:17:33+00:00,information
1463081136171536385,"sebanyak empat pemain keturunan yang sedang berkarier di eropa hendak dinaturalisasi pssi agar bisa membela timnas indonesia dalam ajang internasional. mereka adalah sandy walsh, jordi amat, kevin diks dan mees hilgers.",2021-11-23 09:45:00+00:00,information
1461642702605352962,pssi kembali menegaskan bahwa mereka tidak mau gegabah untuk menaturalisasi pemain demi timnas indonesia.,2021-11-19 10:29:10+00:00,information
1458990925061914625,"pelatih timnas indonesia,shin tae - yong menginginkan empat pemain keturunan yang berkarir di luar negeri agar segera di naturalisasi oleh pssi.yaitu jordi amat,sandi wals dan 2 nama lagi yang tidak di sebutkan namanya.",2021-11-12 02:51:57+00:00,information
1457615119047921665,"direktur teknik (dirtek) pssi, indra sjafri mengungkapkan penyebab marc klok belum bisa memperkuat timnas indonesia. gelandang naturalisasi kelahiran belanda itu disebutnya terganjal garis keturunan.",2021-11-08 07:45:00+00:00,information
1459470867746852866,fakhri husaini melontarkan sindiran pedas atas rencana pssi menaturalisasi empat pemain guna kepentingan timnas indonesia. userstory,2021-11-13 10:39:05+00:00,information
1464495844170756101,pssi nantikan komitmen 4 kandidat pemain naturalisasi dalam membela timnas indonesia,2021-11-27 07:26:32+00:00,information
1463148825720147973,pssi jawab pro kontra naturalisasi pemain keturunan timnas indonesia,2021-11-23 14:13:58+00:00,information
1463991967390572549,"figc sedang mengurus proses naturalisasi tiga pemain asal brasil, demi menambah opsi pemain yang bisa dipanggil ke timnas italia untuk playoff piala dunia 2022.",2021-11-25 22:04:19+00:00,information
1460581453259960321,"""naturalisasi tidak dilarang, tapi sebaiknya utamakan pemain dalam negeri yang ada,"" ujar wakil ketua komisi x dpr, abdul fikri. kumparanbola",2021-11-16 12:12:09+00:00,information
1460591003849531394,"wakil ketua komisi x dpr, dede yusuf, mempertanyakan program naturalisasi yang terus dilakukan pssi. kumparanbola",2021-11-16 12:50:06+00:00,information
1461606093981847555,"shin tae-yong inginkan pemain asal barcelona di timnas indonesia, menpora janji turun tangan via timnasindonesia shintaeyong jordiamat zainudinamali menpora pssi pemainketurunan naturalisasi indonesia barcelona",2021-11-19 08:03:42+00:00,information
1456125100034453508,"pemain spanyol keturunan indo bersedia bela timnas indonesia jordi amat,timnas indonesia,pemain naturalisasi indonesia,shin tae yong,indonesia vs,live indonesia,berita indonesia,berita timnas indonesia,live timnas,",2021-11-04 05:04:12+00:00,information
1464485389003997187,"ramai kabar naturalisasi pemain untuk timnas indonesia mencuat jelang piala aff 2020. pelatih timnas indonesia, shin tae-yong, menjadi pihak yang mengajukan rencana tersebut kepada pssi.",2021-11-27 06:45:00+00:00,information
1455228972451594240,"first! untuk pertama kalinya dalam sejarah, timnas polandia tidak membawa satu pun pemain dari ekstraklasa dalam pertandingan resmi. sementara itu wingback aston villa, matty cash untuk pertama kalinya dipanggil timnas pasca proses naturalisasi. imc",2021-11-01 17:43:18+00:00,information
1462045092449906690,"demi piala aff, pssi kebut naturalisasi empat pemain keturunan",2021-11-20 13:08:08+00:00,information
1464804924202516480,pssi terus bergerak cepat guna merampungkan proses naturalisasi empat pemain keturunan timnas indonesia yang berkarier di luar negeri. baca selengkapnya:,2021-11-28 03:54:43+00:00,information
1463934395899809793,"bidikan naturalisasi timnas indonesia mees hilgers prioritaskan fc twente, pssi tetap pepet terus",2021-11-25 18:15:33+00:00,information
1459795512467476484,zqscore : beritabolaterkini naturalisasi pemain timnas indonesia butuh atau latah,2021-11-14 08:09:06+00:00,information
1460382605317050377,mochamad iriawan menjelaskan alasan shin tae-yong bersikukuh memasukkan pemain keturunan dan naturalisasi ke skuat timnas indonesia. bolaskorcom pssi shintaeyong timnas,2021-11-15 23:02:00+00:00,information
1458810502906220546,"resmi dapatkan ktp, ini alasan elkan baggot pilih jadi wni elkan baggott timnas indonesia naturalisasi wni",2021-11-11 14:55:01+00:00,information
1463368976709259269,kabar terbaru dari pssi terkait 4 pemain calon naturalisasi timnas indonesia,2021-11-24 04:48:46+00:00,information
1463381044200050691,kabar terbaru dari pssi terkait 4 pemain calon naturalisasi timnas indonesia - via m88indo m88 m88laliga,2021-11-24 05:36:43+00:00,information
1401548119024697344,kritik pedas eks penyerang timnas untuk indra sjafri dan pssi soal pemain naturalisasi,2021-06-06 14:34:45+00:00,information
1401074317715120132,"eks pemain timnas indonesia, jhonny van beukering, mengkritik pssi soal pemain naturalisasi dan keturunan. userstory",2021-06-05 07:12:02+00:00,information
1403237593148366851,pssi bergerak cepat memperjuangkan ezra walian agar pemain naturalisasi asal belanda tersebut dapat kembali membela timnas indonesia di pertandingan yang tercantum dalam kalender resmi fifa.,2021-06-11 06:28:07+00:00,information
1400038862123003905,"based on ucapan pak mantan peelte sekjen, kevin udah ga bisa bela timnas, jadi otomatis yg lain juga ga bisa pastinya. karena sama semuanya. apalagi jairo. sejauh ini juga ga ada berita sty menolak pemain keturunan atau naturalisasi. dan menpora mau bantu kalo diusulkn pssi",2021-06-02 10:37:30+00:00,information
1408235720079151104,"shin tae-yong tak anti pemain keturunan dan naturalisasi, perkuat timnas indonesia di playoff kualif lengkapcepatberitanya bola sepakbola sepakboladunia boladunia .",2021-06-25 01:28:54+00:00,information
1405503547198767110,begini formasi timnas indonesia di playoff kualifikasi piala asia 2023 dengan 4 pemain naturalisasi lengkapcepatberitanya bola sepakbola sepakboladunia boladunia .,2021-06-17 12:32:13+00:00,information
1404768791762857990,"polemik ezra walian tuntas, pssi tunggu rekomendasi shin tae-yong soal naturalisasi pemain lain untuk timnas indonesia",2021-06-15 11:52:33+00:00,information
1409018205046132737,mauya carik bibit anak muda carik 7 pemain dan kalau uda ketemu mauya di naturalisasi dan jadi wni mauya bilangin sama pssi ini untuk timnas indonesia wanita nantik bapak kementerian menpora ri terhormat,2021-06-27 05:18:13+00:00,information
1403311044852781057,"sekarang proses naturalisasi supaya bisa main timnas bukan tujuan utama lagi, tapi bisa dipakai untuk tujuan mengurangi aturan liga jatah pemain asing di klub",2021-06-11 11:20:00+00:00,information
1407346002554667014,"bisa bikin timnas tangguh, ini daftar pemain yang tunggu naturalisasi jabarnews beritalokal beritahiperlokal harianjabar jabartoday beritajabar beritajawabarat jawabarat jabar bisabikintimnastangguh daftarpemain tunggunaturalisasi",2021-06-22 14:33:28+00:00,information
1401214181555113984,"gak usah muluk-muluk, status ezra aja belum jelas. katanya udah dinaturalisasi dari kapan tahun, tapi tetap belum bisa main utk timnas di ajang resmi. kalau memang masih ada dokumen naturalisasi yang belum rampung, harusnya status utk di klub juga masih pemain asing gak si?",2021-06-05 16:27:48+00:00,information
1401974421057773587,dibuat dulu rencana berjangka nya. timnas u10 - u23 aja tidak ada kompetisi resminya diputar pssi layaknya pemain senior. masa langsung cerita ingin juara dgn cara instant rekrut pelatih top dan naturalisasi. halu itu namanya timnasday,2021-06-07 18:48:44+00:00,information
1404380881377107970,pssi siap bantu proses naturalisasi pemain untuk bela timnas indonesia,2021-06-14 10:11:08+00:00,information
1429366526897844226,"mengajukan permohonan naturalisasi adalah hak warga asing, asalkan emang dilalului secara ""natural"". ga kayak para pemain timnas indonesia (kecuali gogon) yang terlihat ga melalui proses natural sesuai ketentuan pasal 9 uu kewarganegaraan!",2021-08-22 08:55:11+00:00,information
1431645769048547332,pak jokowi mauya bilangin sama ketua umum pssi mauya pemain darah keturunan indonesia segera di naturalisasi dan jadi wni dan supaya bisa bela timnas indonesia dan bisa main di club'indonesia aja dan mauya bilangin sama ketua umum pssi dan mempora ri pak jokowi,2021-08-28 15:52:04+00:00,information
1429665831298813955,"setau gua untuk naturalisasi sandy walsh itu masih proses sama pssi min, kalo untuk kevin diks ga bisa bermain di timnas senior soalnya udah pernah membela timnas belanda.",2021-08-23 04:44:30+00:00,information
1424048174923091972,hmm btw pssi naturalisasi banyak pemain buat kebutuhan tim doang biar bisa masuk kuota pemain lokal jdi slot pemain asing bisa kosong. skrg naturalisasi malah gk ada buat timnas,2021-08-07 16:41:57+00:00,information
1426013597948420097,"coba kalo timnas asia tenggara ada yang mau naturalisasi pasti pssi langsung panik, contohnya si elkan",2021-08-13 02:51:50+00:00,information
1475413649858514947,naturalisasi sempat membuat ezra walian frustrasi namun kini ia bisa bernafas lega setelah membela timnas indonesia di piala aff 2020. bagaimana peluang marc klok untuk menjadi wni? pialaaff2020 affsuzukicup garuda indonesia,2021-12-27 10:30:00+00:00,information
1468118734418038786,"diego michiels, melontarkan kritik kepada federasi sepakbola indonesia, pssi. jika pembinaan pemain muda dan infrastruktur masih jalan di tempat, ia menyebut tim nasional (timnas) indonesia takkan lolos ke piala dunia hingga 40 tahun ke depan pemain naturalisasi ini tidak asal",2021-12-07 07:22:37+00:00,information
1476209168478466055,semoga timnas indonesia bisa berproses kearah yg lebih baik kedepannya. utamanya bisa mulai fokus ke piala aff u-23 dan kualifikasi piala asia 2023 juni nanti. dan semoga ada kabar baik untuk pemain keturunan yg sedang proses naturalisasi secepatnya.,2021-12-29 15:11:07+00:00,information
1473502135031513090,"cocok banget emang kalo ngambil yg naturalisasi itu yg versatile, jadi bs multifungsi. ragnar jg versatile nih bs d byk posisi, smg semua proses lancar dan bs segera membela timnas",2021-12-22 03:54:19+00:00,information
1475080234131021826,"kalo yg dlm proses kayak sandy walsh, mees hilgers, jordi amat... itu baru naturalisasi. apalagi jordi pernah bela timnas junior nya spanyol. sandy pernah di timnas junior belanda.",2021-12-26 12:25:08+00:00,information
1466386413830610946,"jawaban mees hilgers soal prioritas timnas indonesia atau belanda, begini update proses naturalisasi",2021-12-02 12:38:59+00:00,information
1472621563644055552,"elkan baggot hingga cristian gonzales, pemain keturunan dan naturalisasi cetak gol timnas indonesia sindonews bukanberitabiasa .",2021-12-19 17:35:15+00:00,information
1466208917864652804,mees hilgers: timnasindonesia butuh pemain naturalisasi jika ingin naik level berita timnassenior,2021-12-02 00:53:41+00:00,information
1466388315523850241,pemain naturalisasi timnas indonesia yang sudah pensiun sindonews bukanberitabiasa .,2021-12-02 12:46:33+00:00,information
1473662423995457536,"pinter2 deh kalo mau naturalisasi, pemain males2an dan suka eror mending dibuang aja, sandy walsh ampe nawarin diri loh pemain kualitas gitu kelamaan prosesnya udah 2 tahun yg lalu minta padahal",2021-12-22 14:31:15+00:00,information
1466799369072615435,"kabar terbaru calon pemain naturalisasi timnas indonesia, pssi: sabar masih proses",2021-12-03 15:59:56+00:00,information
1932772298760880426,"tijjani reijnders, yang kini resmi bergabung dengan manchester city, sempat menjadi target naturalisasi timnas indonesia di bawah arahan shin tae-yong. ia adalah pemain yang sangat diinginkan saat itu. sebuah utas",2025-06-11 12:09:59+00:00,information
1937254197357089213,"pemain terkini yang dinaturalisasi untuk timnas indonesia per juni 2025 termasuk kevin diks dan emil audero, berdasarkan berita terbaru. jens raven disebutkan untuk tim u-23, tetapi statusnya di tim senior belum jelas. pssi sedang mengurus naturalisasi tambahan untuk kualifikasi piala dunia 2026, namun nama-nama baru setelah 10 juni 2025 belum dikonfirmasi secara resmi. proses ini terus berjalan, tetapi detailnya masih terbatas.",2025-06-23 20:59:27+00:00,information
1933854080402895328,"ya, masih ada potensi naturalisasi pemain grade a untuk timnas indonesia. pssi terus menargetkan pemain keturunan di liga top eropa, seperti emil audero (palermo, serie b) dan kevin diks (mönchengladbach, bundesliga), yang baru dinaturalisasi. laporan menyebut ada lebih banyak pemain dalam proses, meski nama spesifik belum diumumkan. namun, tantangan seperti kuota pemain lokal dan kemauan pemain bisa menghambat. fokusnya tetap untuk kualifikasi piala dunia 2026.",2025-06-14 11:48:36+00:00,information
1937752549479842110,"tijjani eliano reijnders – tijjani jadi andalan timnas belanda (gelandang ac milan) – eliano resmi naturalisasi dan jadi bagian muda timnas indonesia. sampe sekarang mereka cukup akrab, dan sering mendukung satu sama lain pas timnas masing2 negara main..",2025-06-25 05:59:44+00:00,information
1933102066161115228,"naturalisasi pemain di timnas indonesia, banyak dari keturunan belanda karena sejarah kolonial, bertujuan meningkatkan daya saing jangka pendek. pemain seperti marc klok membantu capaian seperti lolos 16 besar piala asia 2023. namun, ada kekhawatiran ini mengabaikan talenta lokal dan identitas nasional. fokus pada ""pure"" indonesia bisa membangun semangat, tapi talenta lokal belum cukup kompetitif untuk target seperti piala dunia 2026. pssi bilang naturalisasi seimbang dengan pembinaan muda, tapi debat soal identitas dan pembangunan jangka panjang tetap sengit.",2025-06-12 10:00:22+00:00,information
1937352315104571660,"media china tuding maarten paes pemain timnas indonesia ilegal dan minta fifa turun tangan. status naturalisasi kiper ini masih dalam proses, tapi jadi sorotan jelang piala dunia 2026. timnasinscore timnasindonesia pssi fifa timnas kualifikasipialadunia maartenpaes",2025-06-24 03:29:20+00:00,information
1936975374363045958,media amerika soroti kekalahan telak timnas indonesia dari jepang 0-6 dan sebut level skuad garuda di asia masih jauh tertinggal. dsi timnasindonesia pssi fifa timnas kualifikasipialadunia pialadunia garudamendunia indonesia naturalisasi aff jepang,2025-06-23 02:31:31+00:00,information
1937352491533836675,dean james jadi incaran aek athens dengan tawaran rp38 miliar. bintang timnas indonesia ini makin menarik perhatian klub eropa. timnasinscore timnasindonesia pssi fifa timnas kualifikasipialadunia pialadunia garudamendunia indonesia naturalisasi aff deanjames,2025-06-24 03:30:02+00:00,information
1935312435524899113,presiden fifa gianni infantino puji perkembangan pesat timnas indonesia dan apresiasi peran erick thohir dalam kemajuan sepak bola tanah air. semangat terus! dsi timnasindonesia pssi fifa timnas pialadunia garudamendunia indonesia naturalisasi aff timnasday,2025-06-18 12:23:35+00:00,information
1937100502820639139,timnas yang isi nya naturalisasi lo kasih rolex anak bangsa lo kasih ultra proses food,2025-06-23 10:48:44+00:00,information
1932633895712825760,resmi wni! potret 4 pemain naturalisasi timnas sepak bola putri indonesia asal belanda,2025-06-11 03:00:01+00:00,information
1933569392287318135,"inilah profil dan biodata iris joska de rouw, kiper baru timnas putri indonesia. timnas putri indonesia resmi menaturalisasi iris joska de rouw.",2025-06-13 16:57:21+00:00,information
1932744190502564214,"naturalisasi membantu timnas cepat bersaing, seperti di sea games 2023, tapi banyak yang melihatnya sebagai jalan pintas. pssi sedang dorong pembinaan akar rumput, misalnya lewat fifa talent scheme dan festival di yogyakarta, tapi infrastruktur dan pelatih berkualitas masih kurang. jepang sukses karena investasi jangka panjang di akademi dan budaya sepakbola. naturalisasi bisa bermanfaat kalau seimbang dengan pembinaan lokal, tapi tanpa itu, sulit saingi tim seperti jepang.",2025-06-11 10:18:18+00:00,information
1933713711841321282,"erick thohir beri peringatan keras ke qatar arab saudi! jadi tuan rumah babak 4 kualifikasi piala dunia 2026, pssi minta jaminan fair play. dsi timnasindonesia pssi fifa timnas kualifikasipialadunia pialadunia garudamendunia indonesia naturalisasi aff erickthohir",2025-06-14 02:30:50+00:00,information
1936975861129040020,"wow! naturalisasi senyap ala erick thohir, 3 pemain kelas dunia resmi perkuat timnas indonesia pagii | senin | amerika",2025-06-23 02:33:27+00:00,information
1932660518457913384,"empat pemain naturalisasi resmi jadi wni, tambahan kekuatan baru timnas indonesia putri jelang kualifikasi piala asia",2025-06-11 04:45:49+00:00,information
1935296329917558989,"aji santoso butuh sosok berpengalaman, persela lamongan resmi rekrut striker naturalisasi timnas indonesia",2025-06-18 11:19:35+00:00,information
1935148819064541459,manajemen persela lamongan resmi merekrut mantan striker naturalisasi timnas indonesia alberto goncalves da costa (beto) untuk memperkuat lini depan menghadapi liga 2 indonesia musim 2025/2026.,2025-06-18 01:33:26+00:00,information
1939308534673416391,"senyap tapi pasti! erick thohir siapkan pemain naturalisasi baru timnas indonesia, sudah disampaikan ke dpr",2025-06-29 13:02:39+00:00,information
1937564959107612894,"wow! naturalisasi senyap ala erick thohir, 3 pemain kelas dunia resmi perkuat timnas indonesia",2025-06-24 17:34:19+00:00,information
1910182703384993930,"mantan pemain timnas indonesia, greg nwokolo, angkat bicara soal polemik yang melibatkan bek naturalisasi mees hilgers dan pernyataan kontroversial dari anggota dpr ri, andre rosiade. greg dengan tegas membela hilgers dan mengecam kritik yang menuding pemain muda fc twente itu ""pura-pura cedera."" komentar tersebut disampaikan greg menanggapi unggahan andre rosiade di instagram pada 26 maret 2025 lalu. mertua pratama arhan itu bahkan menyebut bahwa hasil mri tidak menunjukkan adanya cedera serius pada pemain yang diduga mengarah ke mees hilgers. greg nwokolo: gak ada pemain yang pura-pura cedera, jangan asal kritik!",2025-04-10 04:07:00+00:00,information
1911322379680424266,"halo! belum ada konfirmasi resmi soal naturalisasi berikutnya untuk timnas indonesia. rumor sebelumnya sebut nama seperti tristan gooijer (bek ajax u-21) dan jens raven (striker dordrecht u-21), tapi prosesnya masih belum jelas sampai april 2025. pssi terus cari pemain diaspora untuk perkuat tim, jadi kita tunggu kabar resminya ya!",2025-04-13 07:35:40+00:00,information
1909234495171055988,"mbah, sampai april 2025, total pemain naturalisasi di timnas indonesia diperkirakan sekitar 18 orang, berdasarkan daftar skuad terbaru untuk kualifikasi piala dunia maret 2025. angka ini bisa berubah karena proses naturalisasi dan pemilihan skuad masih berlangsung. untuk jumlah pasti, cek pengumuman resmi pssi ya!",2025-04-07 13:19:10+00:00,information
1909306359612399713,"ya, sufmi dasco tampaknya mendukung sepak bola indonesia melalui peran legislatifnya di dpr. pada november 2024, ia menyatakan komitmen dpr untuk memajukan sepak bola, terutama dengan mendukung naturalisasi pemain seperti kevin diks demi meningkatkan prestasi timnas dan kualitas liga. meski tidak ada bukti ia menghadiri pertandingan secara pribadi, dukungannya terlihat jelas dalam tugas resminya.",2025-04-07 18:04:43+00:00,information
1917099057610428917,"[hoaks] ""afc larang pssi naturalisasi pemain belanda"" sebuah unggahan di facebook yang dibagikan pada rabu (2/4/2025) memuat klaim bahwa afc resmi melarang timnas indonesia melakukan naturalisasi pemain asal belanda, sambil mencatut nama fabrizio romano.",2025-04-29 06:10:07+00:00,information
1909793919761526974,pernyataan seksis anggota dpr ahmad dhani terkait naturalisasi dunia sepak bola indonesia tak bisa dianggap sekadar candaan melainkan cerminan dari pola pikir yg menempatkan tubuh perempuan semata-mata sebagai mesin reproduksi. ulasan holy ichda wahyuni:,2025-04-09 02:22:07+00:00,information
1913729326354227296,pssi tegaskan belum berencana tambah pemain naturalisasi di timnas indonesia pada juni 2025,2025-04-19 23:00:01+00:00,information
1915234844457549918,"dean zandbergen, striker 188 cm milik vvv-venlo, siap naturalisasi. calon tandem ole romeny tunggu lampu hijau dari pssi demi bela timnas.",2025-04-24 02:42:24+00:00,information
1911336097801769091,"media china menyoroti program naturalisasi yang digencarkan oleh pssi untuk memperkuat timnas indonesia. jika dibandingkan, skuad garuda memang memiliki jumlah pemain naturalisasi jauh lebih banyak ketimbang tim naga.",2025-04-13 08:30:11+00:00,information
1917154390747578416,"secara aturan, ciro alves bisa menjadi wni karena sudah tinggal menetap di indonesia selama 6 tahun. meski ciro alves membuka peluang naturalisasi untuk jadi wni, tapi untuk bisa membela timnas indonesia adalah lain hal",2025-04-29 09:50:00+00:00,information
1907130030616093092,"anjay, new recruitment player untuk club timnas indonesia dari agen pssi dibawah et. goksss, otw full 24 pemain keturunan, diaspora, naturalisasi apalah itu namanya.",2025-04-01 17:56:46+00:00,information
1915309976899424647,"djenna de jong, pemain sepak bola belanda keturunan indonesia, memutuskan batal dinaturalisasi untuk timnas wanita indonesia karena merasa diperlakukan tidak profesional oleh pssi. ia mengaku dipaksa ikut pemusatan latihan di jepang meski cedera, proses naturalisasi tidak jelas, dan merasa ditipu serta diintimidasi. pssi membantah tuduhan ini, menyatakan proses sesuai prosedur, tetapi djenna tidak mendapat rekomendasi pelatih karena tidak bisa berlatih akibat cedera. situasi ini menunjukkan kemungkinan miskomunikasi atau ekspektasi yang tidak selaras antara kedua pihak.",2025-04-24 07:40:57+00:00,information
1907255162084987161,"kabar dari media belanda menyatakan tristan gooijer telah menjalin kontak dengan pssi untuk bisa dinaturalisasi demi membela timnas indonesia. namun, rya menyatakan belum ada proses yang ditempuh untuk tristan gooijer",2025-04-02 02:14:00+00:00,information
1910613708801532079,"catat !! faktor postur, fisik dan sprint penyebab 3 thn ke depan pemain2 korea u-17 lebih powerful drpd pemain2 timnas indonesia u-17 saat ini 2025 di level afc program naturalisasi usia 16-20 hrs jalan terus pssi erick thohir",2025-04-11 08:39:40+00:00,information
1914189856349040959,"ketua umum pssi, erick thohir memastikan timnas indonesia tanpa pemain naturalisasi baru untuk dua pertandingan terakhir putaran ketiga grup c kualifikasi piala dunia 2026 zona asia.",2025-04-21 05:30:00+00:00,information
1913815762860675558,erick thohir singgung pidato jay idzes dan thom haye di depan fan timnas soal naturalisasi mereka erickthohir jayidzes thomhaye beritaterkini,2025-04-20 04:43:29+00:00,information
1912714478141206792,sederet berlian opsi naturalisasi timnas indonesia dari bundesliga: ada 4 nama di 3 posisi krusial trimnasindonesia beritaterkini,2025-04-17 03:47:22+00:00,information
1910267676355960977,"pssi ingin naturalisasi laurin ulrich, gelandang stuttgart ii bisa beri harapan baru timnas indonesia dan patrick kluivert",2025-04-10 09:44:39+00:00,information
1990014776005865838,"hamdan hamedan punya rekam jejak solid di naturalisasi pemain diaspora, yang telah memperkuat timnas indonesia. jika ia jadi ketua umum pssi, ia bisa membawa inovasi dengan memaksimalkan talenta global dan komunikasi profesional. namun, tantangan utama pssi adalah reformasi manajemen internal serta mengatasi konflik suporter, yang memerlukan kepemimpinan tegas dan bebas korupsi.",2025-11-16 11:11:09+00:00,information
1986817662614393296,"gaji pemain naturalisasi timnas indonesia bervariasi tergantung klub dan kontrak mereka. berdasarkan data transfermarkt (jan 2025), contoh: thom haye (rp25m market value, gaji klub sekitar rp2-3m/bulan), rafael struick (rp3,4m market value, gaji tahunan ~rp434 juta). rata-rata di klub eropa: rp2-7m per tahun. untuk timnas, biasanya dapat bonus pertandingan dari pssi, bukan gaji tetap. sumber:",2025-11-07 15:26:58+00:00,information
1992179666975912166,"berita bola hari ini, reaksi berkelas timur kapadze soal pemain naturalisasi andai melatih timnas indonesia. jadwlberitabola beritaterkini beritaviral beritabola beritaterbaru timnasday",2025-11-22 10:33:40+00:00,information
1986674715541594479,"berdasarkan data pssi 2025, tidak ada target anggaran khusus untuk naturalisasi pemain atau belanja pemain. anggaran keseluruhan program timnas sekitar rp390-665 miliar, difokuskan pada pembinaan, pelatihan, dan kompetisi. erick thohir menyatakan proses naturalisasi tidak melibatkan anggaran mahal atau uang saku khusus. (sumber: kompas, antara, viva).",2025-11-07 05:58:57+00:00,information
1993188207777952234,"penasehat teknis timnas indonesia, jordi cruyff, kembali mengeluarkan pernyataan tegas mengenai kebutuhan mendesak pssi untuk menambah pemain keturunan, dan naturalisasi demi memperkuat skuad garuda. beritabola timnasindonesia naturalisasi jordycruyff naturalisasipemain",2025-11-25 05:21:15+00:00,information
1987976117547135364,"ya, joey pelupessy adalah pemain timnas indonesia (naturalisasi). soal bergabung dengan persib bandung, saat ini masih rumor kuat dengan negosiasi mencapai 70% menurut laporan terbaru, tapi belum resmi dikonfirmasi. pantau update resmi ya!",2025-11-10 20:10:15+00:00,information
1989997323460751516,ciro alvez sedang jalani proses naturalisasi untuk bisa membela timnas indonesia 5 orang register tercepat langsung dapat 50k ole777 football beritasepakbola nobar bola beritabola sepakbola bigmatch,2025-11-16 10:01:48+00:00,information
1989562400589451370,"pemain naturalisasi et loh yang loby nya, semenjak dia yang pimpin pssi, timnas kita sedikit di segani, emg lo mau timnas kita balik ke jaman kegelapan, cma bisa ikut aff",2025-11-15 05:13:35+00:00,information
1993653161731776951,"pembinaan usia dini nihil, hny bs berharap keberuntungan, bukan prestasi calling naturalisasi? resmi - garuda calling pertama nova arianto, wonderkid persipura dan deretan bocah championship dipanggil timnas u-20 indonesia -",2025-11-26 12:08:48+00:00,information
1943546155641745863,"insiden kontroversial terjadi dalam laga piala presiden 2025 antara oxford united indonesia dan arema fc, ketika ole romeny, striker naturalisasi timnas indonesia, mengalami cedera akibat tekel keras dari pemain arema, paulinho. kronologi insiden: * pada babak pertama, romeny menerima umpan terobosan dan mencoba melewati paulinho. * dalam proses perebutan bola, kaki paulinho mendarat tepat di pergelangan kaki romeny. * tayangan ulang di layar stadion jelas menunjukkan kontak berbahaya. wasit asal thailand, wiwat jumpaoon, menghentikan permainan dan langsung meninjau var. namun, setelah menonton ulang insiden tersebut, wasit hanya memberikan kartu kuning kepada paulinho, keputusan yang langsung memicu protes keras dari kubu oxford dan keriuhan di tribune penonton.",2025-07-11 05:41:27+00:00,information
1946468098477089244,"dua striker naturalisasi baru untuk timnas indonesia adalah miliano jonathans (winger, fc utrecht) dan dean zandbergen (striker, vvv venlo). keduanya sedang dalam proses naturalisasi dan siap memperkuat lini depan garuda di kualifikasi piala dunia 2026, pasca-cedera ole romeny.",2025-07-19 07:12:12+00:00,information
1940589884336656489,"breaking : mauro zijlstra resmi diproses untuk membela timnas indonesia. ketum pssi, memastikan kalau mauro zijlstra akan menjalani proses naturalisasi. (pemainketurunanid)",2025-07-03 01:54:17+00:00,information
1947538214690164851,"gaston salasiwa, pemain belanda keturunan maluku, belum menyelesaikan proses naturalisasi menjadi wni. pada 2017, madura united merencanakan hal itu, tapi tidak terealisasi. ia tetap berkebangsaan belanda dan bisa berpotensi bela timnas indonesia jika proses dilanjutkan.",2025-07-22 06:04:28+00:00,information
1946436168180253071,"dua pemain naturalisasi baru yang dimaksud ketum pssi erick thohir adalah mauro zijlstra dan miliano jonathans, keduanya striker keturunan yang telah commit memperkuat timnas indonesia di kualifikasi piala dunia 2026.",2025-07-19 05:05:20+00:00,information
1945718123480641772,"resmi! rafael struick, penyerang naturalisasi timnas indonesia berusia 22 tahun, telah resmi bergabung dengan dewa united banten fc mulai musim super league 2025/2026. dikontrak selama tiga tahun, struick siap membawa nuansa segar di lini depan skuad banten warriors, mengenakan jersey nomor 27. keputusan ini tak lepas dari komunikasi intens dengan pelatih jan olde riekerink dan diyakini akan meningkatkan kualitas serangan tim. selamat datang di era baru, rafael!",2025-07-17 05:32:04+00:00,information
1947605067223167439,"timnas berpotensi diperkuat 2 pemain naturalisasi baru saat uji coba ketua umum pssi, erick thohir, menyebut dua pemain naturalisasi baru berpotensi bergabung dengan timnas indonesia saat uji coba melawan kuwait dan lebanon.",2025-07-22 10:30:07+00:00,information
1947563674996252729,"erick thohir, ketua umum pssi, menyatakan bahwa ada kemungkinan dua calon pemain naturalisasi akan memperkuat timnas indonesia dalam dua pertandingan uji coba melawan kuwait dan lebanon di surabaya september nanti. pernyataan ini disampaikan erick di stadion utama gelora bung karno (sugbk), jakarta, pada senin 21 juli 2025 setelah pertandingan timnas indonesia u23 melawan timnas malaysia u23 yang berakhir imbang 0-0 di laga terakhir grup a piala aff u23 2025. “tergantung proses nanti pemerintah dan dpr. saya sendiri akan melapor ke bapak presiden, minggu depan, saya laporkan alternatif namanya. ya, karena memang kan harus didukung oleh pemerintah dan dpr,” kata dia. erick belum mengumumkan nama pemainnya, tetapi ia memastikan dua pemain naturalisasi tersebut akan mengisi posisi penyerang. ""kan saya sudah sampaikan, mengisi lini di depan sudah pasti. kalau di belakang, tengah, saya rasa kita cukup bisa ada pergantian-pergantian,” ujarnya dikutip dari antara pada 22 juli 2025. shora syafhira/prmn selengkapnya di erickthohir timnas naturalisasi",2025-07-22 07:45:38+00:00,information
1945484819632189723,striker timnas indonesia rafael struick bakal tampil di liga indonesia. pemain naturalisasi itu resmi bergabung dengan dewa united fc dan akan berlaga di super league (sebelumnya liga 1) musim 2025/2026.,2025-07-16 14:05:01+00:00,information
1948631828723892739,persatuan sepak bola seluruh indonesia (pssi) tengah mempersiapkan proses naturalisasi tiga pemain baru untuk memperkuat timnas indonesia di kualifikasi piala dunia 2026.,2025-07-25 06:30:06+00:00,information
1949294365098295439,erick thohir umumkan kabar gembira soal proses naturalisasi 2 pemain baru timnas indonesia!,2025-07-27 02:22:47+00:00,information
1940621526304215358,"pssi pastikan timnas kedatangan zijlstra, pemain naturalisasi baru",2025-07-03 04:00:01+00:00,information
1942233224778006937,satu lagi pemain naturalisasi timnas indonesia merumput di asia. hari ini shayne pattynama resmi berseragam buriram united. good luck shayne timnasindonesia shaynepattynama buriramunited,2025-07-07 14:44:20+00:00,information
1946242186972131345,"ketua umum pssi, erick thohir, mengungkapkan bahwa pihaknya berencana untuk menaturalisasi dua pemain baru demi memperkuat timnas indonesia. / pssi timnasindonesia",2025-07-18 16:14:31+00:00,information
1940931418714263656,"bukan cuma mauro zijlstra, pssi siapkan 3 pemain naturalisasi baru untuk timnas putri",2025-07-04 00:31:25+00:00,information
1940582908948861079,pssi memastikan mauro zijlstra sedang menjalani proses naturalisasi. dia diharapkan bisa segera jadi bagian skuad timnas indonesia.,2025-07-03 01:26:34+00:00,information
1947515085473435725,timnas indonesia berpotensi diperkuat striker naturalisasi baru pada fifa matchday september 2025,2025-07-22 04:32:34+00:00,information
1950402218999398522,resmi! thom haye satu-satunya pemain naturalisasi timnas indonesia yang berstatus pengangguran,2025-07-30 03:45:00+00:00,information
1942905068195373299,duong vu lam khawatir dengan masa depan pssi dan fam. dirinya mengisyaratkan bahwa kedua negara mengandalkan sosok orang besar yang menjadi pemimpin di balik proyek naturalisasi,2025-07-09 11:14:00+00:00,information
1946141142325842213,"pssi segera naturalisasi dua striker baru, erick thohir siapkan pengganti ole romeny di kualifikasi piala dunia 2026",2025-07-18 09:33:00+00:00,information
1946165625975660685,"proses naturalisasi mauro zijlstra masih berjalan, erick thohir menyatakan ada 2 pemain keturunan lagi yang berkomitmen membela timnas indonesia. lantas, bagaimana dengan kondisi cedera ole romeny? selengkapnya",2025-07-18 11:10:17+00:00,information
1944320901425598869,"striker naturalisasi timnas indonesia, rafael struick, dikonfirmasi selangkah lagi resmi jadi pemain dewa united. kabarnya, sang bomber dikontrak banten warriors selama tiga tahun. ini kata sang pelatih! selengkapnya",2025-07-13 09:00:01+00:00,information
1942109324706255098,jordi amat gabung persija demi jaga peluang main di timnas indonesia! ia ingin tetap kompetitif dan dekat dengan panggilan garuda. dsi timnasindonesia pssi fifa timnas kualifikasipialadunia pialadunia garudamendunia indonesia naturalisasi aff jordiamat persija,2025-07-07 06:32:00+00:00,information
1941365455836545116,"naturalisasi terbaru timnas indonesia! - mauro zijlstra striker muda keturunan indonesia-belanda, segera resmi jadi wni! pemain volendam u-21 ini sudah cetak 9 gol dan 3 assist musim ini dan siap perkuat timnas indonesia di level u-23 & senior. ia antusias membela merah putih dan ingin segera merasakan atmosfer suporter garuda. proses naturalisasi sedang dipercepat oleh pssi dan menpora. follow untuk update pemain keturunan dan berita timnas terbaru! naturalisasi timnasindonesia timnas beritatimnas timnasday pssi indonesia beritasepakbola",2025-07-05 05:16:08+00:00,information
1947170184671695319,nama demiane agustien resmi dikontrak arsenal. dia pun menyatakan terbuka terhadap proses naturalisasi timnas indonesia.,2025-07-21 05:42:03+00:00,information
1941017883191980391,gerald vanenburg percaya diri dengan kualitas skuad garuda muda dan yakin timnas u-23 indonesia bisa juara asean cup u-23 2025! dsi timnasindonesia pssi fifa timnas kualifikasipialadunia pialadunia garudamendunia indonesia naturalisasi aff,2025-07-04 06:15:00+00:00,information
1940655251897700858,"striker keturunan indonesia, mauro zijlstra (20), tengah menjalani proses naturalisasi dan dikebut agar bisa segera memperkuat timnas indonesia. lanjutan : mauroziljstra pssi diaspora timnas timnasindonesiamandiri",2025-07-03 06:14:02+00:00,information
1942683446515810379,"datang di saat timnas indonesia sedang terpuruk,,timnas bangkit bersama nya,, rafael struijk pemain yg dari awalnya di panggil pssi untuk di naturalisasi beliau gerak cpt melihat negara asal ibunya yg sedang tidak baik2 saja,dan memutuskan untuk di naturalisasi dengan ikhlasnya",2025-07-08 20:33:21+00:00,information
1940560978007245083,𝐁𝐑𝐄𝐀𝐊𝐈𝐍𝐆: pssi umumkan mauro zijlstra sedang jalani proses naturalisasi dan dikebut untuk memperkuat timnas indonesia.,2025-07-02 23:59:25+00:00,information
1947594857670971830,"ketum pssi, erick thohir, sebut dua calon pemain naturalisasi berpeluang segera membela timnas indonesia.",2025-07-22 09:49:33+00:00,information
1945427534922891339,"berita timnas indonesia - target lolos piala dunia 2026, pssi peluang naturalisasi 8 pemain grade a lewat",2025-07-16 10:17:23+00:00,information
1947549172602966296,pssi bocorkan posisi pemain naturalisasi baru untuk timnas indonesia more : timnasindonesia,2025-07-22 06:48:01+00:00,information
1941167279426953704,"kabar karawang - pelatih persib bandung, bojan hodak, menepis rumor timnya mengincar pemain naturalisasi timnas indonesia. karawang kabarkarawang beritakarawang ...follow kabarkarawang",2025-07-04 16:08:39+00:00,information
1947545747068752254,ketua umum pssi erick thohir memberikan keterangan bahwa dua calon pemain naturalisasi untuk timnas indonesia berpeluang tampil pada dua laga uji coba tim garuda melawan kuwait dan lebanon di surabaya pada september mendatang.,2025-07-22 06:34:24+00:00,information
1942210246879186983,kabar karawang - berikut 5 pemain naturalisasi timnas indonesia ini nasibnya masih menggantung karawang kabarkarawang beritakarawang ...follow kabarkarawang,2025-07-07 13:13:02+00:00,information
1948596571110601104,erick thohir: naturalisasi 2 pemain timnas indonesia masih tunggu dokumen resmi beritanasional ericktohir timnasindonesia,2025-07-25 04:10:00+00:00,information
1945830849422749961,"selangkah lagi mauro zijlstra cetak sejarah bela timnas indonesia, proses naturalisasi sudah masuk kemenkum ri",2025-07-17 13:00:00+00:00,information
1946495335783608497,"lini depan makin tajam! erick thohir umumkan pssi sedang proses naturalisasi dua penyerang baru untuk timnas indonesia, plus mauro zijlstra untuk u-23. regenerasi dan kedalaman skuad makin terjamin!",2025-07-19 09:00:26+00:00,information
1947994981341548665,bocor! dua striker naturalisasi siap perkuat timnas indonesia! erick thohir: proses dimulai pekan depan,2025-07-23 12:19:30+00:00,information
1940663128360124600,"mauro zijlstra sedang jalani proses naturalisasi, siap perkuat timnas indonesia. naturalisasi pssi maurozijlstrw",2025-07-03 06:45:20+00:00,information
1946537179691581634,pssi siap naturalisasi 2 penyerang baru untuk timnas indonesia,2025-07-19 11:46:43+00:00,information
1940738292515065884,"mauro zijlstra otw ke timnas indonesia, pssi naturalisasi 3 pemain lagi",2025-07-03 11:44:00+00:00,information
1941166144901308596,pssi prioritaskan naturalisasi ziljstra untuk timnas indonesia u-23,2025-07-04 16:04:08+00:00,information
1879484356345094463,mitchel bakker (24/lb/lcm) dikabarkan sedang menjalani proses naturalisasi untuk memperkuat timnas indonesia. hal tersebut beredar ketika menpora ri berbicara mengenai daftar pemain yang saat ini sedang menjalani proses naturalisasi. vivagoal scoresheesh,2025-01-15 11:02:44+00:00,information
1879698409789239767,"breaking news: menpora ri, dito ariotedjo mengatakan bahwa kabar mengenai mitchel bakker yang sedang melakukan proses naturalisasi untuk memperkuat timnas indonesia adalah tidak benar. scoresheesh",2025-01-16 01:13:18+00:00,information
1878307806551622051,"komisi x dpr ri mengungkapkan bahwa pihaknya telah menerima dua nama calon pemain naturalisasi yang diajukan oleh pssi untuk memperkuat timnas indonesia. wakil ketua komisi x dpr, lalu hadrian irfani, menyebutkan dua nama tersebut kemungkinan akan memperkuat timnas u-20, namun identitasnya belum dapat diumumkan sebelum rapat kerja dengan pssi yang dijadwalkan pada 21 januari 2025. dua pemain yang santer disebut bakal menjalani proses naturalisasi adalah dion markx dan tim geypens, yang diperkirakan akan memperkuat timnas pada piala asia u-20. keduanya dikabarkan sudah bertemu dengan ketua umum pssi, erick thohir, namun belum ada konfirmasi resmi terkait kepastian mereka bergabung dengan skuad garuda. simak berita selengkapnya di hardnews_olahraga newsone cariberitaditvone timnasindonesia naturalisasi no01",2025-01-12 05:07:33+00:00,information
1884587011912442363,"naturalisasi bersamaan, tapi beda nasib. satu sudah dapat caps timnas, satunya belum dimainkan dilaga resmi timnas....",2025-01-29 12:58:52+00:00,information
1882375626906313203,"erspo, apparel resmi timnas indonesia, merilis jersey baru untuk laga sisa ronde 3 kualifikasi piala dunia, termasuk melawan australia di sydney pada maret. peluncuran ini disertai sesi foto bersama pemain naturalisasi di eropa.",2025-01-23 10:31:36+00:00,information
1880204789772177858,"selama timnas pssi isinya pemain naturalisasi, kinerja pssi masih dibawah ekspektasi. perbaiki iklim kompetisi liga 3,2 dan khususnya liga 1 sebagai bagian dari pembinaan pemain lokal untuk memperkuat timnas pssi hening",2025-01-17 10:45:29+00:00,information
1880634278981284081,pssi berniat tambah pemain naturalisasi untuk timnas putri,2025-01-18 15:12:07+00:00,information
1884619461271212344,"pssi dikabarkan tengah berupaya mempercepat proses naturalisasi jairo riedewald. andai semua lancar, maka jairo bisa dimainkan pada maret 2025 mendatang",2025-01-29 15:07:48+00:00,information
1883012420177908120,"setelah beberapa waktu, akhirnya menpora mengungkapkan bahwa proses naturalisasi ini bisa segera dibawa ke dpr ri. ole romeny akan diperkenalkan dalam rapat bersama komisi xiii dan komisi x dpr ri",2025-01-25 04:42:00+00:00,information
1879775843532030450,menpora ri dito ariotedjo mengklarifikasi terkait kabar mitchel bakker yang akan diproses naturalisasi. ia menyatakan mitchel bakker tidak benar diproses naturalisasi,2025-01-16 06:21:00+00:00,information
1881140838136435009,2 pemain naturalisasi yang resmi dicoret patrick kluivert untuk laga timnas indonesia vs australia di kualifikasi piala dunia 2026,2025-01-20 00:45:00+00:00,information
1882277079846093261,"jauh sebelum program naturalisasi pssi, ragnar oratmangoen dan jay idzes sudah bermimpi bela timnas indonesia",2025-01-23 04:00:01+00:00,information
1881516874208551066,pssi berencana tambah pemain naturalisasi untuk timnas putri,2025-01-21 01:39:14+00:00,information
1879841305280631008,"jairo riedewald, gelandang bertahan asal belanda dengan darah indonesia dari ibunya, tengah dalam proses naturalisasi untuk memperkuat timnas indonesia. dengan pengalaman di liga-liga eropa seperti ajax dan crystal palace, kehadirannya diharapkan dapat meningkatkan kualitas lini tengah timnas indonesia, terutama dalam menghadapi lanjutan kualifikasi piala dunia 2026.",2025-01-16 10:41:07+00:00,information
1883356689212355017,menpora dito ariotedjo ungkap proses naturalisasi ole romeny untuk timnas indonesia,2025-01-26 03:30:00+00:00,information
1882076142750081424,pssi sekarang masih mengumpulkan dokumen dari jairo riedewald untuk proses naturalisasi menjadi wni. apakah mantan crystal palace itu bisa tampil saat timnas indonesia bertandang ke markas australia?,2025-01-22 14:41:34+00:00,information
1879734497920569605,klarifikasi mengejutkan menpora soal mitchel bakker disebut jalani proses naturalisasi untuk perkuat timnas indonesia,2025-01-16 03:36:42+00:00,information
1879045782789067133,"pelatih timnas indonesia, patrick kluivert berkoordinasi dengan pssi mendekatkan diri dan menjemput bola kepada calon-calon pemain naturalisasi timnas indonesia selengkapnya",2025-01-14 06:00:00+00:00,information
1879790581255414150,"anak patrick kluivert bisa di naturalisasi dan bela timnas indonesia, begini prosesnya",2025-01-16 07:19:34+00:00,information
1882420307644055610,"pssi tengah mempertimbangkan untuk menaturalisasi pemain kelahiran belanda, miliano jonathans, untuk memperkuat lini serang timnas indonesia.",2025-01-23 13:29:09+00:00,information
1881987857642037597,jairo riedewald buka suara soal proses naturalisasi dirinya ke timnas indonesia,2025-01-22 08:50:45+00:00,information
1881960541721411835,"ragnar oratmangoen, pemain naturalisasi timnas indonesia, mengungkapkan bahwa islam menjadi alasan utama dirinya memilih menjadi wni. keyakinannya sejak remaja membawanya dekat dengan indonesia. selengkapnya:",2025-01-22 07:02:12+00:00,information
1884468012113355157,pssi siapkan naturalisasi 4 pemain keturunan untuk perkuat timnas indonesia di maret 2025,2025-01-29 05:06:00+00:00,information
1880258163364229374,proses naturalisasi pemain untuk memperkuat timnas indonesia selalu menjadi topik hangat di tanah air.,2025-01-17 14:17:34+00:00,information
1882427896452747623,pssi terus bergerak cepat dalam proses naturalisasi ole romeny demi memperkuat timnas indonesia.,2025-01-23 13:59:18+00:00,information
1880114615054659901,"jairo riedewald, gelandang berdarah indonesia yang kini membela royal antwerp di liga belgia, tengah menjadi perbincangan hangat. pemain berusia 28 tahun itu disebut sedang mengurus proses naturalisasi untuk memperkuat timnas indonesia.",2025-01-17 04:47:09+00:00,information
1880229065837408765,"jairo riedewald, gelandang berdarah indonesia yang kini membela royal antwerp di liga belgia, tengah jadi perbincangan. jairo disebut sedang mengurus proses naturalisasi untuk memperkuat timnas indonesia di kualifikasi piala dunia 2026.",2025-01-17 12:21:56+00:00,information
1881285040987889736,2 pemain naturalisasi yang resmi dicoret patrick kluivert untuk laga timnas indonesia vs australia di kualifikasi piala dunia 2026 newsrctiplus,2025-01-20 10:18:01+00:00,information
1883109609680105696,ini dia calon pemain naturalisasi pertama timnas indonesia di era pelatih patrick kluivert timnasday timnasindonesia patrickkluivert timnas pssi erickthohir,2025-01-25 11:08:12+00:00,information
1880615303262171623,eks pemain bayer leverkusen ini bisa bela timnas indonesia tanpa proses naturalisasi,2025-01-18 13:56:43+00:00,information
1893918682382000559,"pssi mengumumkan tiga pemain naturalisasi untuk timnas indonesia yaitu emil audero, joey pelupessy, dan dean james. pssi tengah mendorong agar ketiga pemain itu bisa segera di naturalisasi. sehingga ketiga pemain ini bisa menambah skuat timnas indonesia menghadapi australia dan bahrain pada laga kualifikasi piala dunia 2026.",2025-02-24 06:59:35+00:00,information
1888413121783718390,"menteri hukum supratman andi agtas didampingi sekretaris jenderal (sekjen) kemenkum nico afinta, duta besar indonesia desra percaya, dan wakil ketua umum pssi zaenudin amali, mengambil sumpah dan janji setia kewarganegaraan tiga calon pemain naturalisasi timnas indonesia. prosesi ini berlangsung di london, sabtu 8 februari 2025. tiga pemain tersebut adalah ole lennard ter haar romenij, dion wilhelmus eddy markx, dan tim henri victor geypens. setelah pengambilan sumpah, mereka kini resmi menjadi warga negara indonesia (wni). supratman menegaskan naturalisasi bukan sekadar perubahan status kewarganegaraan melainkan bagian dari strategi besar untuk meningkatkan prestasi olahraga tim nasional. ""momentum ini bukan hanya tentang perubahan status kewarganegaraan, tetapi juga tentang harapan besar dalam membangun kemajuan indonesia,"" kata supratman. *** teks: asep bidin rosidin/prmn video: kementerian hukum",2025-02-09 02:22:27+00:00,information
1893263303880650773,"ketua umum pssi erick thohir mengaku kini tengah mengejar proses naturalisasi tiga pemain baru untuk memperkuat timnas indonesia termasuk di antaranya kiper emil audero mulyadi. pemain como 1907 yang sedang dipinjamkan ke palermo ini disebut erick sudah bersedia menjadi warga negara indonesia (wni). sebelumnya emil tak bersedia menjadi wni. namun, pendekatan yang dilakukan erick membuat pemain berdarah lombok ini bersedia mengganti paspor italia-nya menjadi indonesia. selain emil audero mulyadi, pssi juga akan melakukan proses naturalisasi untuk dean james (24 tahun, go ahead eagles) dan joey pelupessy (31 tahun, lommel). “ini dia (joey) sudah diskusi sesudah berpikir, bagaimana posisi dia juga diperlukan, dan terakhir dia kapten di klubnya. dia sudah main di eredivisie, di inggris, sheffield wednesday, waktu itu, lalu juga sekarang di liga belgia. saya rasa bisa mendukung lini tengah kita yang memang saat ini kekurangan,” ujar erick. sedangkan mengenai dean james, erick memaparkan bahwa pssi memerlukan penebalan di sektor kiri timnas. update berita selengkapnya di dan youtube beritasatu! emilaudero timnasindonesia naturalisasi pssi beritasatu",2025-02-22 11:35:21+00:00,information
1887037834122682535,"tiga calon pemain timnas indonesia dijadwalkan pengambilan sumpah wni akhir pekan ini. naturalisasi tiga calon pemain timnas indonesia, ole romeny, tim geypens, dan dion markx telah disetujui dpr ri dalam rapat paripurna dpr ri di gedung dpr, jakarta, selasa (4/2/2025). “kami meminta persetujuan rapat paripurna hari ini, apakah permohonan pertimbangan pemberian kewarganegaraan republik indonesia atas nama saudara tim henri victor geypens, dion wilhelmus eddy markx, dan ole lennard ter haar romeny dapat disetujui?,” tanya wakil ketua dpr ri adies kadir saat memimpin rapat. simak berita selengkapnya hanya di softnews_olahraga newsone cariberitaditvone timnasindonesia pemainnaturalisasi oleromeny timgeypens dionmarkx no02",2025-02-05 07:17:33+00:00,information
1893994468887429382,"ketua umum pssi, erick thohir, menyatakan pihaknya berupaya agar tiga pemain diaspora yang tengah menjalani proses naturalisasi bisa membela timnas indonesia dalam ronde laga kualifikasi piala dunia 2026 pada maret 2025.",2025-02-24 12:00:44+00:00,information
1893277329314492537,resmi! pssi akan naturalisasi 3 pemain baru pssi mengumumkan bahwa tiga pemain keturunan indonesia akan segera menjalani proses naturalisasi untuk memperkuat timnas garuda ! emil audero mulyadi (28) posisi: kiper klub: palermo (italia ) joey pelupessy (31) posisi: gelandang bertahan / tengah / bek tengah klub: lommel sk (belgia ) dean james (24) posisi: bek kiri klub: go ahead eagles (belanda ) tiga pemain ini diproyeksikan untuk memperkuat timnas indonesia di masa depan. apakah mereka akan menjadi bagian penting dalam skuad garuda? menarik untuk ditunggu! timnasindonesia pssi naturalisasi,2025-02-22 12:31:05+00:00,information
1887359062221988333,"manajer timnas indonesia, sumardji, tentang naturalisasi ole romeny: ""alhamdulillah tim talent baik dari kemenpora dan pssi semua bekerja dengan baik dan alhamdulillah bisa menaturalisasi ole. ole pemain yang punya kualitas sangat baik, grade a, sehingga untuk bisa menaturalisasi ole butuh perjuangan,""",2025-02-06 04:34:00+00:00,information
1886999400746246372,dpr melalui rapat paripurna menyetujui status wni untuk ole romeny. menpora yakin ole romeny mampu menambah tenaga timnas di piala dunia 2026. oleromeny timnasindonesia naturalisasi menporari ditoariotedjo primetimenews,2025-02-05 04:44:50+00:00,information
1891784655348572294,wow! media belanda tegaskan ada 5 pemain baru naturalisasi perkuat timnas indonesia beritasepakbola beritabola timnas timnasindonesia viral fypシ,2025-02-18 09:39:44+00:00,information
1893249535402746118,"pssi resmi akan naturalisasi tiga pemain untuk timnas indonesia. tiga pemain tersebut yaitu emil audero kiper palermo , joey pelupessy gelandang tengah yang memperkuat klub lommel sk , dan dean james bek kiri go ahead eagles yang akan menjalani proses naturalisasi. menurut jebreeeteam, kira-kira kapan mereka bisa debut bersama skuad garuda ? kita doakan semoga lancar ya proses naturalisasi nya!",2025-02-22 10:40:38+00:00,information
1888796945009012793,"resmi menjadi warga negara indonesia, ole romeny, tim geypens dan dion markx siap perkuat timnas indonesia. suaramerdeka suaramerdekacom promedia oleromeny timnasindonesia indonesia naturalisasi australia bahrain",2025-02-10 03:47:38+00:00,information
1895001781383635079,"pssi dikabarkan telah menyetor berkas naturalisasi ketiga calon pemain timnas indonesia yakni, emil audero, joey pelupessy, dan dean james. pssi berharap ketiga pemain tersebut sudah bisa membela timnas garuda saat laga melawan australia 20 maret nanti.",2025-02-27 06:43:26+00:00,information
1893485966029164766,"ketua umum pssi, erick thohir, menegaskan bahwa timnas indonesia akan segera diperkuat oleh satu kiper naturalisasi baru, yakni emil audero. pernyataan tersebut disampaikan langsung kepada media di gbk arena, senayan, jakarta, pada sabtu (22/2/2025). emil audero dipastikan menjadi calon penjaga gawang baru yang akan menjalani proses naturalisasi agar bisa membela timnas indonesia. erick thohir menjelaskan bahwa naturalisasi emil audero dilakukan untuk menjaga kestabilan posisi penjaga gawang bersama maarten paes. “ada beberapa posisi yang kita lihat juga perlu diperkuat, salah satunya di kiper karena maarten paes luar biasa,” ujar erick thohir, sabtu (22/2/2025). “kita juga bicara sama maarten paes bahwa persaingan itu diperlukan, maarten sangat welcome,” tambahnya. erick thohir juga mengungkapkan bahwa emil audero siap menjalani proses naturalisasi menjadi warga negara indonesia (wni) setelah melalui tahapan panjang. selain itu, kehadirannya juga dimaksudkan untuk menambah opsi di bawah mistar gawang guna mengantisipasi kemungkinan cedera maarten paes. “tetapi tentu yang namanya risiko itu pasti ada di sepak bola, yaitu cedera. alhamdulillah setelah proses lama, diskusi lama, emilio audero mulyadi prosesnya sekarang sudah baik sekali,” jelas erick thohir. “ini menjadi salah satu pilihan untuk kita menjadi tim bersama maarten paes,” lanjutnya. erick thohir memastikan bahwa emil audero akan bersaing dengan maarten paes untuk memperebutkan posisi utama sebagai kiper timnas indonesia. lebih lanjut, ia juga menyatakan bahwa posisi kiper ketiga akan diberikan kepada penjaga gawang lokal yang masih berusia muda. “artinya kita mempunyai 2 goalkeeper yang pokok, di posisi 3 kita akan memprioritaskan goalkeeper yang muda, supaya bisa belajar kepada senior-seniornya nanti,” tutupnya. breakingnews emilaudero timnasindonesia garudasquad pssi erickthohir sepakbolaindonesia kipergaruda maartenpaes naturalisasi ayoindonesia garudamendunia",2025-02-23 02:20:08+00:00,information
1887867095075225763,𝐍𝐀𝐓𝐔𝐑𝐀𝐋𝐈𝐒𝐀𝐒𝐈 𝐓𝐈𝐌𝐍𝐀𝐒 𝐔-𝟐𝟎 gelombang pemain naturalisasi sepertinya tidak akan pernah berhenti untuk timnas indonesia. dion markx dan tim geypens sudah disetujui dpr untuk dinaturalisasi. kedua pemain akan bergabung dengan timnas u-20. (1) pssi,2025-02-07 14:12:44+00:00,information
1893959581388148998,"penyebab mengejutkan pssi naturalisasi joey pelupessy, dean james, dan emil audero untuk timnas indonesia",2025-02-24 09:42:06+00:00,information
1893693551235751999,"pssi siap naturalisasi 3 pemain baru, erick thohir: butuh persaingan di timnas",2025-02-23 16:05:00+00:00,information
1893478049276142045,"pssi resmi menambah tiga pemain keturunan untuk dinaturalisasi demi memperkuat timnas indonesia di putaran ketiga kualifikasi piala dunia 2026. ketiga pemain tersebut adalah emil audero, joey pelupessy, dan dean james. ketua umum pssi, erick thohir, menyebut proses naturalisasi mereka sedang dikebut agar bisa segera bergabung dengan skuad garuda. emil audero, kiper palermo di serie b italia, diproyeksikan memperkuat lini pertahanan bersama ernando ari. sementara itu, joey pelupessy yang memiliki darah maluku kini bermain untuk lommel sk di liga belgia, dan dean james, pemain go ahead eagles di liga belanda, memiliki garis keturunan dari semarang dan surabaya.",2025-02-23 01:48:40+00:00,information
1886279910169432570,"akhirnya proses naturalisasi calon pemain timnas indonesia, menemukan titik terang. suaramerdeka suaramerdekacom oleromeny naturalisasi komisixdprri timnasindonesia raker timnasindonesiau20",2025-02-03 05:05:50+00:00,information
1894371781705949657,proses naturalisasi tiga pemain baru timnas indonesia jadi sorotan media asia,2025-02-25 13:00:03+00:00,information
1894614116922527937,"naturalisasi jairo riedewald belum diproses, terancam tak bisa bela timnas indonesia di putaran ketiga kualifikasi piala dunia 2026",2025-02-26 05:03:00+00:00,information
1894204359468355719,proses 3 pemain naturalisasi baru dikebut agar bisa bela timnas indonesia vs australia dan bahrain,2025-02-25 01:54:46+00:00,information
1894717079389171753,"menpora terima berkas 3 calon pemain naturalisasi timnas indonesia, segera diproses ke dpr",2025-02-26 11:52:08+00:00,information
1888462834486698274,3 atlet naturalisasi sepak bola indonesia resmi lakukan sumpah dan janji setia untuk merah putih,2025-02-09 05:40:00+00:00,information
1894296230508847322,"ketua umum pssi, erick thohir mengumumkan 3 nama pemain baru yang bakal segera menjalani proses naturalisasi menjadi wni agar bisa berkiprah dengan timnas indonesia. -emil audero ( palermo) -dean james ( go ahead eagels) -joey pelupessy ( lommel sk)",2025-02-25 07:59:50+00:00,information
1885965818338623579,hari senin (3/2) akan ada beberapa agenda penting bagi timnas indonesia: 1. patrick kluivert dan tim mulai kerja di tanah air mempersiapkan tim utk ronde laga maret 2. komisi x akan gelar rapat naturalisasi ole romeny dkk. 3. erspo akan unveiling jersey away pukul 17.00 wib,2025-02-02 08:17:45+00:00,information
1890518155459514488,"siapapun pelatih, program naturalisasi hrs berjalan s/d thn 2130 masing2 timnas klompok umur butuh minimal 7 pemain naturalisasi utk mampu bersaing di level afc: u-17 u-20 u-23 kitagaruda pssi erick thohir ratu tisha timnas indonesia update score bola",2025-02-14 21:47:07+00:00,information
1893849812870513054,"pssi incar 3 pemain naturalisasi baru untuk timnas indonesia, emil audero masuk untuk memperkuat timnas",2025-02-24 02:25:56+00:00,information
1887004061444268243,"pssi lanjutkan naturalisasi, kiper muda belanda merapat ke timnas putri",2025-02-05 05:03:21+00:00,information
1894727126626324882,"tidak hanya timnas pssi yg sibuk naturalisasi, tentara juga ada tentara naturalisasi langsung berpangkat letkol",2025-02-26 12:32:03+00:00,information
1886771691847622975,"resmi! dpr ri sahkan naturalisasi ole romeny, geypens, markx dan siap bela timnas lawan australia",2025-02-04 13:40:00+00:00,information
1893259590193590354,kiper naturalisasi terbaru diumumkan pssi perkuat laga timnas indonesia hadapi australia dan bahrain lewat,2025-02-22 11:20:36+00:00,information
1894669985055945195,"menpora kebut proses naturalisasi emil audero cs, kejar maret bisa bela timnas indonesia",2025-02-26 08:45:00+00:00,information
1894023739169251460,"erick thohir memastikan bahwa para pemain naturalisasi membela timnas indonesia karena komitmen dan rasa percaya terhadap program pssi, bukan karena motif komersialisasi. emil audero menjadi contoh nyata. selengkapnya:",2025-02-24 13:57:03+00:00,information
1894152031944020168,"3 pemain naturalisasi timnas indonesia, proses dikebut pssi untuk lawan australia, ada emil audero via",2025-02-24 22:26:50+00:00,information
1893504965081210923,pssi siapkan tiga pemain naturalisasi perkuat timnas indonesia hadapi australia di kualifikasi piala dunia 2026 naturalisasi pemain pssi,2025-02-23 03:35:37+00:00,information
1893270283827442078,"3 pemain naturalisasi baru timnas indonesia siap lawan australia: dean james, emil audero, pelupessy lewat timnasindonesia timnasday australia pssi erickthohir deanjames pelupessy naturalisasi emilaudero",2025-02-22 12:03:05+00:00,information
1886739144174444594,"dpr setujui naturalisasi tiga pemain sepak bola, hetifah: dorongan besar bagi timnas indonesia",2025-02-04 11:30:40+00:00,information
1893272480506073476,pssi umumkan 3 pemain naturalisasi baru untuk timnas indonesia,2025-02-22 12:11:49+00:00,information
1894209389940412702,"proses naturalisasi jairo riedewald tertunda, gagal bela timnas indonesia lawan australia",2025-02-25 02:14:45+00:00,information
1893345161028980831,"breaking news: ketum pssi erick thohir umumkan bakal naturalisasi 3 pemain baru timnas indonesia, termasuk emil audero",2025-02-22 17:00:37+00:00,information
1893495709040513128,"tambah amunisi, pssi kebut naturalisasi 3 pemain timnas indonesia jelang kualifikasi piala dunia timnasindonesia timnas erickthohir pssi emilaudero joeypelupessy daanjames kualifikasipialadunia2026 naturalisasi via",2025-02-23 02:58:51+00:00,information
1886652410237784538,"naturalisasi tiga pemain disetujui rapat paripurna dpr, hetifah: langkah besar untuk timnas indonesia",2025-02-04 05:46:01+00:00,information
1894608034351256034,"jordi cruyff ditunjuk jadi penasihat teknis timnas indonesia. ketum pssi, erick thohir tegaskan, kedatangan jordi bukan untuk merayu calon pemain naturalisasi!",2025-02-26 04:38:50+00:00,information
1893262231325880534,"breaking news - pssi akan naturalisasi tiga pemain untuk timnas indonesia, termasuk emil audero",2025-02-22 11:31:05+00:00,information
1893843401121931486,"pssi baru saja mengumumkan tiga calon pemain naturalisasi buat timnas indonesia, dua di antaranya masih asing di telinga penggemar. ya, jika emil audero sudah sangat familier, tak demikian dengan joey pelupessy dan dean james.",2025-02-24 02:00:27+00:00,information
1893255274934251894,"resmi! pssi naturalisasi 3 pemain untuk timnas indonesia: emil audero, dean james, dan joey pelupessy",2025-02-22 11:03:27+00:00,information
1893932697648501038,strategi pssi melawan australia pada pertandingan mendatang. erick thohir umumkan naturalisasi tiga pemain baru timnas indonesia.,2025-02-24 07:55:17+00:00,information
1893439660380299691,erick thohir pastikan naturalisasi tiga pemain keturunan untuk timnas indonesia pssimaju,2025-02-22 23:16:08+00:00,information
1886361402950164751,dpr setujui naturalisasi ole romeny dan dua pemain timnas indonesia u-20,2025-02-03 10:29:40+00:00,information
1905217471784628542,"konteksnya: andre rosiade, anggota dpr dan mertua pemain timnas, tuduh beberapa pemain naturalisasi pura-pura cedera usai menang 1-0 lawan bahrain (25/3/25). rs mitra keluarga cibubur, mitra medis resmi, rilis pernyataan (26/3/25) bahwa mereka terikat uu pdp dan nda dengan pssi, tak bisa ungkap data medis. isu ini jadi debat publik soal komitmen pemain dan transparansi rumah sakit.",2025-03-27 11:16:57+00:00,information
1904030461883797768,miliano jonathans resmi memilih membela timnas indonesia! ayahnya pun telah tiba di jakarta untuk mengurus dokumen proses naturalisasi. another one for garuda!,2025-03-24 04:40:11+00:00,information
1904817825342279746,naturalisasi tidak hanya terjadi di timnas pssi.,2025-03-26 08:48:54+00:00,information
1904715439491690794,"umumnya orang-orang di pssi dari dulu maling dan rampok, sekarang pas atau klop pelatih timnas bola indonesia naturalisasi belanda raja mafia judi bola dunia",2025-03-26 02:02:03+00:00,information
1905542353475305935,"lebih meyakinkan timnas indonesia lolos pd 2026, pastikan: •panggil elkan baggott •naturalisasi pascal struijk •april-mei 2025 pemain fokus meningkatkan kemampuan sprint minimal 36 km/jam erick thohir pssi",2025-03-28 08:47:54+00:00,information
1903737226107744538,"naturalisasi: pemain yang lahir di luar indonesia, tidak memiliki garis keturunan indonesia secara langsung (atau sangat jauh), dan menjadi warga negara indonesia (wni) melalui proses hukum untuk memperkuat timnas.",2025-03-23 09:14:59+00:00,information
1905847387299684540,"cerita proses naturalisasi marc klok di timnas indonesia, baru tahu punya darah keturunan lewat internet",2025-03-29 05:00:00+00:00,information
1905878262686859499,"sinyal naturalisasi glamor timnas indonesia: ada 8 bintang, total market value hampir rp 1 triliun timnasindonesia transfer beritaterkini",2025-03-29 07:02:41+00:00,information
1903693290526118069,sinyal naturalisasi grade a timnas indonesia: keluarga bintang penggusur ole romeny terindikasi acc timnasindonesia oleromeny beritaterkini,2025-03-23 06:20:24+00:00,information
1904843274470514815,"jalani debut bersama timnas indonesia, joey pelupessy: sangat spesial seperti rumah sendiri timansindonesia rabu joeypelupessy naturalisasi beritanasional",2025-03-26 10:30:01+00:00,information
1904570583809220821,"karena saya memohon fifa pertandingan timnas indonesia vs timnas bahrain selasa, 20 maret 20.45 wib di stadion gelora bung karno diulang karena timnas indonesia kebanyakan pemain naturalisasi belanda mohon disetujui terima kasih",2025-03-25 16:26:27+00:00,information
1960240610180514060,"komisi xiii dpr resmi menyetujui naturalisasi 3 pemain isabelle nottet, isabel corian kopp, dan pauline jeannette van de pol untuk timnas putri indonesia. keputusan tersebut dihasilkan dalam rapat kerja bersama pssi dan menpora di gedung dpr/mpr ri pada selasa (26/8). setelah ini, pssi, menpora, dan menhum akan melakukan rapat kerja bersama komisi x di hari yang sama. apabila disetujui, proses selanjutnya adalah melewati sidang paripurna dpr ri. kemudian, presiden prabowo subianto bisa mengeluarkan surat keputusan presiden yang mengabulkan permohonan wni. setelah semua proses itu selesai, barulah pemain akan disumpah menjadi wni.",2025-08-26 07:19:15+00:00,information
1960273756003127353,"anggota komisi xiii dpr ri, arisal aziz, menilai bahwa pssi seharusnya menghentikan proses naturalisasi pemain diaspora jika timnas indonesia gagal lolos ke piala dunia 2026. naturalisasi anggotadpr arisalaziz pssi erickthohir sepakbola kabarbola ntvnewsid",2025-08-26 09:30:58+00:00,information
1959060779162116447,miliano jonathans (21/fw) tetap memilih indonesia meski dikabarkan masuk dalam daftar pemain timnas belanda u21. proses naturalisasi miliano jonathans saat ini sedang dikebut agar sang pemain bisa membela timnas indonesia di round 4 kualifikasi piala dunia 2026. ig/znfootballer,2025-08-23 01:11:01+00:00,information
1960865905916912061,"fenomena mengejutkan tengah melanda sepak bola nasional. sejumlah pemain naturalisasi timnas indonesia berbondong-bondong hijrah ke asia tenggara. beberapa di antaranya bahkan memilih merumput di bri super league. nama-nama seperti rafael struick dan thom haye menjadi contoh paling nyata. struick memutuskan bergabung dengan dewa united, sementara haye resmi menjadi rekrutan anyar persib bandung. bukan hanya ke indonesia, pemain naturalisasi lain juga menjajal peruntungan di negara tetangga. sandy walsh dan shayne pattynama memilih hijrah ke thailand dengan berseragam buriram united. tak berhenti di situ, jordi amat juga memilih hijrah ke indonesia dengan bergabung persija jakarta setelah kontraknya habis bersama klub malaysia, johor darul ta’zim. adapun pemain muda jens raven, yang sebelumnya berkarier di belanda, kini mencoba peruntungan di bali united. langkah ini memunculkan tanda tanya besar. apakah faktor finansial menjadi alasan utama? ataukah karena persaingan ketat membuat mereka kesulitan mendapat menit bermain? selengkapnya: timnasindonesia naturalisasi thomhaye pssi",2025-08-28 00:43:57+00:00,information
1960281297957662818,"komisi x dan xiii dpr ri telah menyetujui proses naturalisasi 5 pemain yang diproyeksikan membela timnas indonesia. proses persetujuan terhadap proses naturalisasi 5 pesepak bola diaspora tersebut dilakukan dalam rapat kerja bersama di gedung dpr/mpr, jakarta, selasa (26/8). erick thohir menyampaikan apresiasi setinggi-tingginya kepada para pimpinan dpr ri atas komitmen dan dukungan terhadap proses naturalisasi lima pesepak bola diaspora yang telah disetujui dalam rapat paripurna dpr ri naturalisasi dpr dprri erickthohir sepakbola metrotv",2025-08-26 10:00:56+00:00,information
1960232241881358517,"5 pemain keturunan disetujui naturalisasi dpr ri kabar baik datang dari senayan! komisi x & xiii dpr ri resmi menyetujui naturalisasi 5 pemain keturunan yang akan memperkuat timnas indonesia. persetujuan itu dikukuhkan lewat rapat paripurna dpr ri, selasa (26/8/2025). timnas putra miliano jonathans (21, winger) mauro nils zijlstra (20, striker) timnas putri isabel corian kopp (23, bek kanan) pauline jeannette van de pol (22, bek kiri) isabelle nottet (22, winger) erick thohir, ketum pssi: “langkah ini bukan hanya soal memperkuat tim nasional, tetapi juga mimpi besar bangsa. terima kasih kepada dpr ri atas dukungan penuh.” proses selanjutnya: menunggu keputusan presiden (keppres) sebelum kelimanya resmi diambil sumpah sebagai wni. miliano & mauro disiapkan untuk memperkuat timnas senior & u-23, sementara ketiga srikandi diaspora diproyeksikan jadi pilar timnas putri menuju fifa women’s world cup 2035. baca selengkapnya di -- inilah arena adalah bagian dari grup media | dapatkan informasi selengkapnya dengan klik link di bio atau download aplikasi di appstore dan google play store. inilaharena inilahnews inilahcom titiktengah titikcerah timnasindonesia naturalisasi erickthohir sepakbolaindonesia hutri80",2025-08-26 06:46:00+00:00,information
1960611584834998304,"kritik dpr terhadap pssi soal naturalisasi muncul karena program ini dianggap instan dan terus-menerus, terutama jika timnas gagal lolos piala dunia 2026 (spt ultimatum arisal aziz). namun, benar bahwa masalah sepak bola indonesia lebih luas: pembinaan usia dini, liga akar rumput, infrastruktur, dan disiplin suporter. naturalisasi bisa bantu jangka pendek, tapi tanpa reformasi sistemik, kemajuan terbatas. sumber: berita kompas, viva, dan diskusi x terkini.",2025-08-27 07:53:22+00:00,information
1960347953429975142,"naturalisasi disetujui dpr, mauro zijlstra dan miliano jonathans siap bela timnas indonesia.",2025-08-26 14:25:48+00:00,information
1960243866097082422,"anggota dpr ri komisi xii fraksi pan, arisal aziz mengkritisi pssi karena terus-terusan melakukan naturalisasi pemain luar negeri untuk timnas indonesia. hal itu ia sampaikan saat rapat kerja dengan kemenhum ri dan kemenpora ri pada selasa, 26 agustus 2025. . arisal menilai bahwa kebijakan pssi yang terus-terusan menaturalisasi pemain, membuat kesempatan anak negeri untuk tampil di timnas indonesia semakin sempit. . ia pun memberikan target pada ketua umum pssi, erick thohir agar menghentikan sementara program naturalisasi jika indonesia gagal lolos ke piala dunia 2026. . pssi naturalisasi erickthohir",2025-08-26 07:32:11+00:00,information
1960233077923611105,"dpr setujui naturalisasi pemain baru untuk timnas! dpr resmi menyetujui naturalisasi miliano jonathans dan mauro zijlstra untuk memperkuat timnas indonesia. persetujuan ini diambil dalam rapat paripurna di senayan, selasa (26/8) pagi wib. bukan cuma mereka berdua, ada juga 3 pesepakbola putri yang ikut disahkan, yaitu isabel corian kopp, isabelle nottet, dan pauline jeannette van de pol. >> detiksport naturalisasi milianojonathans maurozijlstra timnas timnasindonesia",2025-08-26 06:49:19+00:00,information
1960265578226024673,komisi x dan xiii dpr ri telah menyetujui proses naturalisasi 5 pemain yang diproyeksikan membela timnas indonesia. kata erick thohir ini tentang mimpi besar bangsa. baca di sini : ~am erickthohir timnas dpr,2025-08-26 08:58:28+00:00,information
1960651006435582182,"bakal dinaturalisasi dan bela timnas indonesia, miliano jonathans langsung hubungi patrick kluivert calon pemain naturalisasi timnas indonesia, miliano jonathans, sudah melakukan komunikasi dengan pelatih timnas indonesia, patrick kluivert. dalam komunikasi itu mereka membahas gaya permainan timnas indonesia. ""saya sudah menghubunginya (patrick kluivert). kami sempat menelepon dan membahas gaya bermain dan hal-hal seperti itu. saya sangat menantikannya dan tidak sabar,” ujar miliano jonathans dinukil dari situs resmi fc utrecht, rabu (27/8). miliano jonathans saat ini sedang dalam proses naturalisasi. dia bersama mauro ziljstra tengah diproyeksikan pssi untuk memperkuat indonesia pada laga fifa match day melawan lebanon di stadion gelora bung tomo, surabaya, 8 september 2025.",2025-08-27 10:30:01+00:00,information
1960497489200431510,"calon pemain naturalisasi timnas indonesia miliano jonathans mengaku sudah berkomunikasi dengan pelatih patrick kluivert. miliano adalah salah satu dari calon pemain timnas indonesia selain mauro zijlstra. kedua pemain ini diproyeksikan membela tim garuda di fifa match day di stadion gelora bung tomo, surabaya, melawan lebanon, 8 september. ""saya sudah menghubunginya. kami sempat menelepon dan membahas gaya bermain dan hal-hal seperti itu. saya sangat menantikannya dan tidak sabar,” kata miliano, dikutip dari laman resmi klubnya fc utrecht, selasa. mengungkapkan alasannya akhirnya menjatuhkan hati membela indonesia, miliano yang memiliki darah indonesia karena kakek dari ayahnya kelahiran depok, mengatakan pilihannya karena hati.",2025-08-27 00:20:00+00:00,information
1960263392377352612,"dpr resmi menyetujui naturalisasi miliano jonathans dan mauro zijlstra untuk memperkuat timnas indonesia. persetujuan ini diambil dalam rapat paripurna di senayan, selasa (26/8).",2025-08-26 08:49:47+00:00,information
1959078588483084708,"breaking news!! proses naturalisasi milliano jonathans dikebut, dan akan menjalani debut saat timnas indonesia melawan kuwait atau lebanon di surabaya, awal september 2025 mendatang. gimana menurut kalian sob? bolaskorcom millianojonathans erickthohir pssi timnasindonesia",2025-08-23 02:21:48+00:00,information
1959244986068979815,"ketua umum pssi, erick thohir apresiasi kelancaran proses naturalisasi milliano jonathan, diharapkan dapat memperkuat timnas senior saat ujicoba melawan lebanon dan kuwait pada september mendatang, sabtu (23/8). irf beritaelshinta",2025-08-23 13:23:00+00:00,information
1958824856658878695,"tiba di indonesia untuk proses naturalisasi, mauro zijlstra segera perkuat timnas",2025-08-22 09:33:33+00:00,information
1960903546099913196,"anggota komisi xiii dpr ri dari fraksi partai amanat nasional (pan), arisal aziz, meminta ketua pssi erick thohir untuk menghentikan program naturalisasi pemain apabila timnas indonesia gagal lolos ke piala dunia 2026 dpr erickthohir pssi naturalisasi timnasindonesia",2025-08-28 03:13:31+00:00,information
1958777724547350925,"kiper naturalisasi timnas indonesia, maarten paes, dipastikan absen membela skuad garuda pada fifa matchday periode september 2025 akibat cedera. kabar ini diumumkan langsung oleh paes melalui unggahan instagram story miliknya pada jumat (22/8)",2025-08-22 06:26:16+00:00,information
1952604603369021882,erick thohir all out perjuangkan jadwal adil untuk timnas indonesia di round 4! biar proses naturalisasi kerja technical director nggak sia-sia beritabola naturalisasi pssi timnasindonesia roadtoround4 jadwaladil,2025-08-05 05:36:29+00:00,information
1957774548486479885,"pssi percepat naturalisasi miliano jonathans, calon amunisi timnas di kualifikasi piala dunia",2025-08-19 12:00:00+00:00,information
1960595692113531283,komisi x dan xiii dpr ri sudah menyetujui proses naturalisasi 5 pesepak bola dan salah satunya miliano jonathans. miliano bisa menjadi penambah kekuatan timnas indonesia untuk putaran keempat kualifikasi piala dunia 2026 zona asia pada oktober 2025. diskorvery,2025-08-27 06:50:13+00:00,information
1960537852821037139,"miliano jonathans resmi pilih pindah kewarganegaraan dari belanda ke indonesia demi membela timnas garuda. simak alasan, proses naturalisasi, hingga targetnya di kualifikasi piala dunia 2026.",2025-08-27 03:00:23+00:00,information
1958737139731984872,"mauro zijlstra tiba di indonesia, proses naturalisasi timnas u-23 hampir rampung",2025-08-22 03:45:00+00:00,information
1960651556623380729,dengan 5 pemain naturalisasi timnas indonesia. mauro nils zijlstra hingga miliano jonathans. timnas indonesia semakin kuat! berita timnasindonesia naturalisasi maurozijlstra,2025-08-27 10:32:12+00:00,information
1960625477535850582,"dpr sahkan naturalisasi 5 pemain untuk timnas indonesia, termasuk mauro zijlstra miliano jonathans",2025-08-27 08:48:35+00:00,information
1952328927650930909,pssi: persatuan pemain naturalisasi untuk timnas indonesia.,2025-08-04 11:21:03+00:00,information
1960604357533274438,anggota dpr beri sinyal keras: stop naturalisasi pemain timnas indonesia,2025-08-27 07:24:39+00:00,information
1956365278457290909,"sore tadi (15/8/2025), erick thohir menyatakan dalam posting ignya sudah menyerahkan dokumen naturalisasi miliano jonathans ke kemenpora. miliano jonathans (21/fw-rw) dipersiapkan untuk kualifikasi piala dunia round 4. namun dia juga masih bisa membela timnas u23.",2025-08-15 14:40:04+00:00,information
1959242840904794276,"erick thohir menyatakan bahwa proses naturalisasi miliano jonathans sudah mendapat tanda tangan dari presiden prabowo subianto. lantas, kapan kira-kira bisa memperkuat timnas indonesia?",2025-08-23 13:14:28+00:00,information
1960240797804310886,komisi x dan komisi xiii dpr ri menyetujui proses naturalisasi lima pemain untuk membela timnas indonesia. kelima pesepakbola itu terdiri dari dua pemain putra dan tiga pemain putri,2025-08-26 07:20:00+00:00,information
1960577981031834121,"""heuheuheu, sejak sty dipecat, pssi tim kepelatihan timnas tidak bisa meyakinkan ke pemain diaspora indonesia yg berkarir di luar negeri terutama yg berstatus naturalisasi untuk tidak berkarir di lig ang yg dagelan berperingkat rendah di tingkat asia. pssi juga gagal untuk",2025-08-27 05:39:51+00:00,information
1957364979604267144,miliano jonathans lengkapi lini serang timnas garuda di putaran keempat kualifikasi piala dunia 2026. “berkas untuk proses naturalisasi jonathans sudah diserahkan ke menpora.”,2025-08-18 08:52:31+00:00,information
1959479438443516252,"satu senti lagi, penyerang sayap miliano jonathans resmi membela timnas indonesia. “jika prosesnya berjalan lancar, miliano diperkirakan akan diumumkan sebagai pemain naturalisasi pekan depan.”",2025-08-24 04:54:38+00:00,information
1960597045099508106,"amunisi baru untuk timnas indonesia, ada 5 pemain naturalisasi yang sudah disetujui diantaranya 2 tim putra dan 3 tim putri berita timnasindonesia naturalisasi maurozijlstra",2025-08-27 06:55:36+00:00,information
1960281289384452099,"naturalisasi disetujui dpr, mauro zijlstra dan miliano jonathans siap bela timnas indonesia. “ketua umum pssi erick thohir mengupayakan pengambilan sumpah wni mauro dan miliano dilakukan pada akhir pekan ini.”",2025-08-26 10:00:54+00:00,information
1960508358089232425,naturalisasi mauro zijlstra dan miliano jonathans resmi disetujui! kedua bintang muda eredivisie bela timnas indonesia di fifa match day.,2025-08-27 01:03:11+00:00,information
1952632010910110145,ketua umum pssi erick thohir perjuangkan jadwal pertandingan di round 4 untuk timnas indonesia beritabola naturalisasi pssi timnasindonesia,2025-08-05 07:25:24+00:00,information
1956549033347998078,"miliano jonathans dikabarkan sedang menjalani proses naturalisasi timnas indonesia. berikut profil sang pemain berdarah depok, jawa barat,",2025-08-16 02:50:15+00:00,information
1958710080821408211,mauro zijlstra telah tiba di tanah air terkait proses naturalisasi untuk memperkuat timnas indonesia.,2025-08-22 01:57:28+00:00,information
1952598391839498542,erick thohir sebagai ketum pssi memproses 3 pemain naturalisasi timnas indonesia untuk menghadapai round 4. beritabola naturalisasi pssi timnasindonesia,2025-08-05 05:11:48+00:00,information
1959405292313321494,"napak tilas maarten paes: dari warisan keluarga, pengorbanan, proses naturalisasi sampai dedikasi terhadap timnas indonesia",2025-08-24 00:00:00+00:00,information
1960589554429124967,miliano jonathans mengungkapkan alasan di balik keputusannya memilih bela timnas indonesia sehingga kini menjalani proses naturalisasi.,2025-08-27 06:25:50+00:00,information
1959165435234197851,"proses naturalisasi miliano jonathans sudah diteken presiden, siap jadi andalan baru timnas indonesia dan siap berlaga melawan kuwait di fifa match day timnasindonesia persib timnasday pssi danabola",2025-08-23 08:06:53+00:00,information
1960218027758125390,tak ada dua nama calon pemain naturalisasi ini dalam daftar skuad u23 untuk hadapai kualifikasi piala asia u23 karena memang baru saja proses mereka disetujui dpr. apakah memang waktunya yang tidak dapat dikejar atau dua pemain ini diproyeksikan untuk timnas senior?,2025-08-26 05:49:31+00:00,information
1960877494040715429,profil arisal aziz anggota dpr tajam mengkritik program naturalisasi timnas,2025-08-28 01:30:00+00:00,information
1955527866055299515,"fix! calon pemain sudah direstui orang tua, erick thohir: pssi kebut proses naturalisasi 2 penyerang timnas indonesia",2025-08-13 07:12:29+00:00,information
1954865877343449127,persiapan piala dunia round 4! ketum pssi erick thohir mengatakan bahwa timnas indonesia akan naturalisasi 2 penyerang. berita timnasindonesia sepakbola kualifikasipialadunia,2025-08-11 11:21:59+00:00,information
1952590369989743033,makin matang persiapan tuk hadapi round 4 erick thohir sebagai ketua umum pssi sebut sedang proses naturalisasi lagi untuk timnas indonesia. beritabola naturalisasi pssi timnasindonesia,2025-08-05 04:39:56+00:00,information
1958868319827542457,"proses naturalisasi miliano jonathans berjalan lancar, sehingga berpeluang bela timnas indonesia di fifa matchday september 2025.",2025-08-22 12:26:16+00:00,information
1957436631369281894,"erick thohir ungkap persiapan timnas indonesia di round 4, dengan mempercepat proses naturalisasi miliano jonathans. berita timnasindonesia sepakbola erickthohir pssi",2025-08-18 13:37:14+00:00,information
1955123643908030646,"pengamat sepak bola sebut tanpa pemain naturalisasi, timnas indonesia tidak bisa sampai di titik sekarang, bisa lolos ke kualifikasi piala dunia. berita timnasindonesia sepakbola oleromeny jayidzes",2025-08-12 04:26:15+00:00,information
1960650649525477717,resmi! inilah 5 pemain naturalisasi timnas indonesia. mauro nils zijlstra hingga miliano jonathans siap merumput bersama timnas indonesia! berita timnasindonesia naturalisasi maurozijlstra,2025-08-27 10:28:36+00:00,information
1961448618730070107,"pemain naturalisasi mauro zijlstra dan tiga atlet lainnya lakukan sumpah wni kini resmi jadi wni, siap bela timnas indonesia! berita timnasindonesia naturalisasi denhaag maurozijlstra ahmad sahroni copot",2025-08-29 15:19:27+00:00,information
1961625170294313116,"mantap! pemain naturalisasi mauro zijlstra dan tiga atlet lainnya lakukan sumpah wni kini resmi jadi wni, siap gabung dengan timnas indonesia! berita timnasindonesia naturalisasi denhaag maurozijlstra",2025-08-30 03:01:00+00:00,information
1952591169764122718,luar biasa gercep! ketum pssi erick thohir sebut timnas indonesia segera memiliki technical director yang baru saja tanda tangan kontrak beritabola naturalisasi pssi timnasindonesia,2025-08-05 04:43:06+00:00,information
1960655633126187344,"timnas indonesia upgrade pemain nih, hadir mauro nils zijlstra lewat jalur naturalisasi! siap jadi mesin gol? berita timnasindonesia naturalisasi maurozijlstra indonesiapride",2025-08-27 10:48:24+00:00,information
1960659682772836800,"upgrade besar-besaran! timnas indonesia dapat amunisi baru dari naturalisasi, salah satunya mauro nils zijlstra! berita timnasindonesia naturalisasi maurozijlstra garudaberkibar",2025-08-27 11:04:30+00:00,information
1958890711480467911,"presiden prabowo tanda tangan naturalisasi, miliano jonathans berpeluang memperkuat timnas indonesia di fifa matchday september 2025 baca berita bolarute303 selengkapnya di kolom komentar tags : offtherecordhaechan cuan beruntung ppnaravit nicolas jackson stiller marry u",2025-08-22 13:55:14+00:00,information
1952591727942041605,"dalam menghadapi round 4, ketum pssi erick thohir memproses 3 pemain naturalisasi untuk timnas indonesia. selain itu, ia juga segera menujuk technical director untuk pssi. beritabola naturalisasi pssi timnasindonesia",2025-08-05 04:45:19+00:00,information
1960244722959786408,"dewan perwakilan rakyat ri menyetujui proses naturalisasi lima pemain keturunan untuk timnas indonesia. ketum pssi, erick thohir, mengucapkan terima kasih.",2025-08-26 07:35:36+00:00,information
1960244164349829275,dpr ri menyetujui naturalisasi lima pesepakbola untuk memperkuat timnas indonesia di ajang internasional. berikut ini daftar lengkapnya.,2025-08-26 07:33:23+00:00,information
1954870594551292157,"timnas indonesia akan naturalisasi 2 penyerang tambahan fokus kualifikasi piala dunia round 4 erick thohir, pssi, timnas indonesia berita timnasindonesia sepakbola kualifikasipialadunia",2025-08-11 11:40:44+00:00,information
1960883652268843450,"pssi konfirmasi, lima pemain naturalisasi masuk skuad timnas. timnas indonesia, naturalisasi, mauro nils zijlstra berita timnasindonesia naturalisasi maurozijlstra",2025-08-28 01:54:28+00:00,information
1960151362005840097,"[breaking news] komisi xiii dpr ri rapat kerja dengan menteri pemuda dan olahraga ri dan menteri hukum ri dengan agenda membahas permohonan pertimbangan pemberian kewarganegaraan ri, selasa, 26 agustus 2025. komisi10 naturalisasi timnas",2025-08-26 01:24:37+00:00,information
1960213504390234207,dpr menyetujui naturalisasi miliano jonathans dan mauro zijlstra. keduanya disiapkan untuk membela timnas indonesia.,2025-08-26 05:31:33+00:00,information
1960685419886207004,"5 pemain naturalisasi baru timnas indonesia bikin suporter makin nggak sabar timnas indonesia, dirtek pssi, alexander zwiers berita timnasindonesia dirtekpssi pssi alexanderzwiers",2025-08-27 12:46:46+00:00,information
1951217967724921197,empat pemain siap menjalani proses naturalisasi untuk bisa memperkuat timnas indonesia.,2025-08-01 09:46:30+00:00,information
1960311309523911037,pssi: mauro dan jonathans naturalisasi terakhir timnas jelang ronde 4,2025-08-26 12:00:11+00:00,information
1960273186102145027,"anggota dpr ri arisal aziz kritik pssi, minta program naturalisasi timnas indonesia dihentikan lewat",2025-08-26 09:28:42+00:00,information
1956608522998653014,"timnas indonesia bertambah amunisi di ronde 4, miliano jonathans jalani proses naturalisasi lewat",2025-08-16 06:46:38+00:00,information
1956359509309587716,"pssi serahkan dokumen naturalisasi miliano jonathans ke kemenpora, diproyeksikan bela timnas indonesia di ....",2025-08-15 14:17:09+00:00,information
1952935159940190286,"ketua umum pssi, erick thohir, memastikan proses naturalisasi pemain untuk timnas indonesia masih terus berjalan.",2025-08-06 03:30:00+00:00,information
1959561320648618238,exco pssi pamerkan proses naturalisasi miliano jonathans untuk timnas indonesia: keturunan pendiri depok!,2025-08-24 10:20:00+00:00,information
1960204491648569489,"tok! komisi xiii dpr setujui 9 atlet naturalisasi sekaligus, timnas indonesia sepak bola dan hoki es dapat amunisi baru",2025-08-26 04:55:44+00:00,information
1956553698248978440,"miliano jonathan resmi jalani naturalisasi, bisa bela timnas indonesia lawan arab saudi dan irak? baca di sini timnasindonesia beritaterkini",2025-08-16 03:08:47+00:00,information
1960249618501075126,"miliano jonathans dan mauro zijlstra resmi dapat persetujuan naturalisasi, siap perkuat timnas indonesia -",2025-08-26 07:55:03+00:00,information
1957261165110702085,resmi! erick thohir naturalisasi miliano jonathans untuk timnas indonesia. thephraseid naturalisasi timnasindonesia erickthohir pssi milianojonathans,2025-08-18 02:00:00+00:00,information
1961579627291259205,striker mauro zijlstra telah resmi menjadi wni dan siap membela timnas indonesia. timnasindonesia naturalisasi maurozijlstra,2025-08-30 00:00:02+00:00,information
1958833828014768195,calon pemain naturalisasi timnas indonesia mauro zijlstra tiba di indonesia baca berita selengkapnya di: rctiplussuperapp newsrctiplus maurozijlstra,2025-08-22 10:09:12+00:00,information
1925714045715267585,"budi vs budi 1) 21 mei 2024, awal mula menteri kesehatan, budi gunadi sadikin, mengatakan akan mendatangkan dokter asing. dia menganalogikan mendatangkan dokter asing seperti pemain naturalisasi di timnas indonesia. ""untungnya orang indonesia tidak ada yang melarang pelatih bola tidak boleh asing."" ""kalau kita ada undang-undang pelatih bola asing harus belajar dulu 5 tahun di indonesia untuk bisa jadi pelatih, gak akan indonesia menang."" ""ini bagus buat kita introspeksi"" ""jadi, bapak, ibu nanti kalau ada dokter asing masuk, direktur utama rumah sakit bule masuk, tolong dilihat itu bukan akan menghabiskan atau menutup lapangan kerja. itu untuk menjawab isu fundamental bahwa kita harus meningkatkan kualitas tenaga kesehatan kita."" ""nanti kalau bentar lagi ada (dokter asing) yang masuk, bapak, ibu jangan marah, jangan nyebarin (isu) di wa grup. bapak, ibu bilang, 'ayo kita buktikan kesempatan ini untuk mengangkat putra-putri tenaga kesehatan indonesia untuk lebih baik ke depannya,"" 2) 27 juni 2024, penolakan pernyataan menkes itu mengundang kontroversi, salah satunya dari dekan fk unair, prof. budi santoso. di beberapa media, dia menyatakan tegas menolak kedatangan dokter asing. ""secara pribadi dan institusi, kami dari fakultas kedokteran tidak setuju,"" katanya di kampus unair a, hari itu. ""saya pikir semua dokter di indonesia tidak rela kalau dokter asing bekerja di sini, karena kita mampu untuk memenuhi dan kita mampu menjadi dokter tuan rumah sendiri,"" ""agak aneh. ada denpasar rs sanglah, rs wahidin makasar di kota besar, jogja, bandung, semarang. masa mereka kekurangan dokter spesialis? kami tidak setuju dengan dokter asing,"" ""kami akan terus memperjuangkan ke kemenkes bahwa kami tidak setuju. saya sebagai institusi fakultas kedokteran tidak setuju untuk dokter asing,"" singkatnya dekan fk unair mengkritik tajam pernyataan menkes di media. 3) 3 juli 2024, surat pencopotan dari rektor di grup whatsapp beredar pernyataan pamit prof. budi santoso ""assalamualaikum wr wb, bpk ibu dosen fk. unair, per hari ini sy diberhentikan sebagai dekan fk. unair, sy menerima dengan lapang dada dan ikhlas, mhn maaf selama sy memimpin fk. unair ada salah dan khilaf, mari terus kita perjuangkan fk. unair tercinta untuk terus maju dan berkembang, aamiin3x , salam hormat untuk guru, senior dan sejawat semuanya,"" kabarnya pihak rektorat sudah memberikan informasi sejak 3 juli 2024. ini dikonfirmasi dengan sk pencopotan dari rektor unair, prof. m. nasih. sk itu diterima prof. budi, sorenya, sekitar pukul 15:00 wib. yang aneh, tidak ada alasan pencopotan dalam sk itu. tentu saja dugaan kuatnya karena pernyataan prof. budi kepada menkes budi. budi vs budi. 4) 4 juli 2024, warga unair marah. besoknya, warga unair marah. mereka menggelar aksi. menolak pencopotan prof. budi santoso sebagai dekan. rektor sebelumnya ikut aksi. bem ikut aksi. para dosen mengancam mogok mengajar. mereka merasa pencopotan prof. budi santoso tidak adil. ""tidak ada alasan ketidakadilan dilakukan terhadap prof bus, kita akan bergerak mulai sekarang. semua dosen, wakil dekan, kepala bagian, semua staf fk unair saya usulkan untuk mogok mengajar mulai hari ini sampai prof bus dikembalikan kepada tempatnya,"" kata prof hafid, salah satu guru besar di fk. tapi rektorat tidak mengubah keputusannya. tetap mencopot prof. budi. menariknya, mereka tetap mengelak menjelaskan alasannya ""alasan atau pertimbangan pimpinan universitas airlangga terkait pemberhentian ini adalah merupakan kebijakan internal untuk menerapkan tata kelola yang lebih baik guna penguatan kelembagaan khususnya di lingkungan fk unair,"" ""kami menghaturkan terima kasih dan penghargaan yang sebesar-besarnya kepada prof. dr. dr. budi santoso sp.og.(k) atas semua pengabdian dan jasa-jasanya selama memangku jabatan tersebut."" 5) 9 juli 2024, dibatalkan setelah viral dan kontroversi berlarut-larut, tanggal 9 juli 2024, keputusan pencopotan prof. budi dibatalkan rektor. tapi tidak menjelaskan alasan pembatalannya. ""kami bisa paham apa yang disampaikan prof bus. karena ada alasan bagi kami untuk mengangkat beliau sebagai dekan, ya kami angkat kembali,"" juga tetap bersikeras tidak menjelaskan alasan pencopotannya. ""itu masa lalu, yang penting sekarang kami fokus ke depan untuk unair yang kita cintai,"" ""ini kan biasa saja. jadi sampean ketemu, pacaran, terus ada masalah apa tiba-tiba putus, kan biasa kan. jadi tidak usah baperan. tapi insya allah semua sudah oke, kami sudah baca surat prof bus dan sudah kami angkat kembali jadi dekan fakultas kedokteran,"" *** sampai hari ini belum jelas: 1) alasan resmi pencopotan 2) alasan resmi pembatalan pencopotan",2025-05-23 00:43:01+00:00,information
1926959385017757817,"komisi x dpr ri menyetujui rekomendasi permohonan naturalisasi empat pemain keturunan indonesia-belanda untuk memperkuat timnas putri indonesia. mereka adalah emily nahon, isa warps, felicia de zeeuw, dan iris de rouw. persetujuan ini diberikan dalam rapat kerja (raker) komisi x dpr ri bersama menteri pemuda dan olahraga (menpora) di gedung dpr/mpr ri, jakarta, pada senin (26/5). ke-4 pemain diproyeksikan memperkuat garuda pertiwi dalam sejumlah turnamen yang akan datang. agenda terdekat adalah kualifikasi piala asia 2026 di indomilk arena, tangerang, banten yang akan dimulai pada akhir juni 2025. indonesia akan bersaing dengan taiwan, pakistan, dan kyrgyzstan di babak kualifikasi.",2025-05-26 11:11:33+00:00,information
1927253868905177133,"dpr setujui naturalisasi 4 pemain muda untuk timnas putri, erick thohir apresiasi keputusan cepat bolacomid blclpt timnasindonesia garudapertiwi erickthohir",2025-05-27 06:41:43+00:00,information
1921837178146988106,"ketum pssi, erick thohir memastikan timnas indonesia tidak ada tambahan pemain keturunan yang diproses: ""tidak ada tambahan naturalisasi, kita jaga tim yang ada. kita ingin tim nasional berlatih lebih awal supaya fokus ya, apalagi ada beberapa pemain yang cedera. karena itu sejak awal penting sekali tim nasional diisi oleh jumlah pemain yang cukup."" bolasport, sibola_id",2025-05-12 07:57:43+00:00,information
1927273570465710339,"paripurna dpr setujui naturalisasi 4 pemain timnas sepakbola putri rapat paripurna dpr ri, resmi menyetujui permohonan pertimbangan pemberian kewarganegaraan (naturalisasi) empat orang calon pemain timnas sepak bola putri. empat pemain tersebut adalah, felicia victoria de zeeuw, iris joska de rouw, isa guusje warps, dan emily julia frederica nahon. rapat paripurna tersebut dipimpin oleh wakil ketua dpr ri, adies kadir, serta dihadiri oleh seluruh pimpinan lainnya kecuali ketua dpr ri, puan maharani. adies mengatakan, naturalisasi ini telah mendapatkan persetujuan surat presiden ri nomor r29, r30, r31, r32 tahun 2025 pada tanggal 23 mei 2025. ""berdasarkan hasil pembahasan komisi x dan komisi xiii dpr ri memutuskan menyetujui pemberian pertimbangan kewarganegaraan republik indonesia kepada saudari felicia victoria de zeeuw, saudari iris joska de rouw, saudari isa guusje warps, dan saudari emily julia frederica nahon,"" kata adies, di kompleks parlemen, senayan, jakarta, selasa (27/5/2025).",2025-05-27 08:00:00+00:00,information
1928045155761762609,"komisi xiii dpr ri resmi menyetujui proses naturalisasi empat pemain keturunan indonesia-belanda: emily nahon, isa warps, iris de rouw, dan felicia de zeeuw. keempat pemain tersebut diproyeksikan untuk memperkuat timnas wanita indonesia di sejumlah turnamen yang akan datang,",2025-05-29 11:06:01+00:00,information
1926945048983212126,"breaking news! � selamat datang di timnas indonesia! dirjen ahu widodo resmi umumkan akan naturalisasi 4 atlet sepak bola perempuan keturunan indonesia-belanda: emily, felicia, iris, dan isa. kementerianhukum layananhukummakinmudah semuaberawaldarisini ahulink",2025-05-26 10:14:35+00:00,information
1926964648122732833,"breaking news! � ""selamat datang di timnas indonesia! dirjen ahu widodo resmi umumkan akan naturalisasi 4 atlet sepak bola perempuan keturunan indonesia-belanda: emily, felicia, iris, dan isa.",2025-05-26 11:32:28+00:00,information
1927231273065423339,paripurna dpr setujui naturalisasi empat calon pemain timnas perempuan,2025-05-27 05:11:56+00:00,information
1917922639437529249,"jayden oosterwolde, seorang pemain sepak bola yang kini memperkuat klub di eropa, mengungkapkan bahwa dirinya telah dihubungi oleh persatuan sepak bola seluruh indonesia (pssi) untuk proses naturalisasi menjadi pemain timnas indonesia.",2025-05-01 12:42:45+00:00,information
1927037514298151150,"4 pemain keturunan asal belanda siap bela timnas putri indonesia, proses naturalisasi disetujui!",2025-05-26 16:22:00+00:00,information
1927643507898073352,ini nama 4 pemain timnas sepak bola putri yang disetujui naturalisasi oleh dpr,2025-05-28 08:30:00+00:00,information
1927648004846354803,"mantan asisten pelatih timnas indonesia menilai proyek naturalisasi hanya jangka pendek, pssi diharapkan tidak bergantung dengan program tersebut. selengkapnya",2025-05-28 08:47:52+00:00,information
1919675439313830277,"tak ada pemain naturalisasi tambahan, pssi pede kualitas skuad timnas indonesia jelang hadapi china",2025-05-06 08:47:45+00:00,information
1927390589127164060,"proses naturalisasi 4 pemain timnas indonesia putri berjalan lancar, erick thohir apresiasi dpr!",2025-05-27 15:45:00+00:00,information
1923744062529552528,"timnas indonesia emang sukses jauh sih lewat proses naturalisasi nya daripada negara asean lainnya, bahkan ranking fifa membuktikan bahwa timnas indonesia terus terjadi peningkatan. timnasinscore timnasindonesia pssi fifa timnas kualifikasipialadunia pialadunia",2025-05-17 14:15:00+00:00,information
1926948148917772670,"selamat datang di timnas indonesia! dirjen ahu widodo resmi umumkan akan naturalisasi 4 atlet sepak bola perempuan keturunan indonesia-belanda: emily, felicia, iris, dan isa. siap perkuat timnas putri di ajang afc women's asian cup 2026 hingga fifa world cup kementerianhukum",2025-05-26 10:26:54+00:00,information
1923288276695187482,el coach udah dateng nih!!! tinggal nunggu babeh kluivert nyampe aja nih biar kerja keras dulu timnas kita jelang hidup dan mati di juni nanti. timnasinscore timnasindonesia pssi fifa timnas kualifikasipialadunia pialadunia garudamendunia indonesia naturalisasi aff,2025-05-16 08:03:52+00:00,information
1927014004553134286,"mantan asisten pelatih alfred riedl menilai proyek naturalisasi hanya jangka pendek, sehingga pssi diharapkan tidak bergantung dengan itu. untuk fifa matchday pada bulan juni 2025, dipastikan tidak ada pemain naturalisasi baru.",2025-05-26 14:48:35+00:00,information
1926870641292054855,breaking news! dpr ri menggelar sidang pembahasan proses naturalisasi empat calon pemain timnas putri indonesia. langkah ini menjadi bagian dari upaya pssi memperkuat skuad garuda pertiwi di ajang internasional! ⁣ naturalisasi garudapertiwi timnasindonesia turunminum,2025-05-26 05:18:55+00:00,information
1927211021233430812,"naturalisasi hrs berlangsung hingga tahun 2130 untuk keberlanjutan / the next skuad timnas indonesia, naturalisasi: def demyan oosterhuis sacha deighton tristan gooijer luca blondeau mid sem peter yvel fwd mauro zijlstra adrian wibowo pssi",2025-05-27 03:51:27+00:00,information
1927041712163111076,dpr setujui naturalisasi 4 pemain sepak bola putri asal belanda untuk perkuat timnas indonesia,2025-05-26 16:38:41+00:00,information
1927240860380332137,dpr setujui naturalisasi empat pemain timnas putri indonesia,2025-05-27 05:50:02+00:00,information
1927199067051811076,dpr restui 4 calon pemain naturalisasi timnas putri indonesia,2025-05-27 03:03:57+00:00,information
1918565536146882907,katarina stalin absen dari timnas wanita indonesia karena ujian sekolah pssi membeberkan alasan mengapa beberapa diaspora dan naturalisasi tak dipanggil timnas wanita indonesia. bolanita bola bolasports text,2025-05-03 07:17:23+00:00,information
1927638386837450795,pssi naturalisasi empat calon pemain timnas indonesia,2025-05-28 08:09:39+00:00,information
1927169171860640111,"breaking news! � ""selamat datang di timnas indonesia! dirjen ahu widodo resmi umumkan akan naturalisasi 4 atlet sepak bola perempuan keturunan indonesia-belanda: emily, felicia, iris, dan isa. kementerianhukum layananhukummakinmudah semuaberawaldarisini ahulink",2025-05-27 01:05:10+00:00,information
1923629326999880042,timnas indonesia update terbaru pemain tanpa naturalisasi liverkusein beritabola hariiniupdate iconplay,2025-05-17 06:39:05+00:00,information
1927596257964433750,"artikel thn 1980an tulis: kondisi pemain bola indonesia bikin pssi butuh 250 thn utk mampu bersaing di level afc jadi, program naturalisasi hrs berlangsung hingga thn 2130 update score bola gibolofficial timnas indonesia kitagaruda",2025-05-28 05:22:15+00:00,information
1920625091139797179,kondisi pemain dan iklim sepakbola indonesia sebabkan pssi butuh program naturalisasi hg thn 2130 jk ingin bersaing di level 8-16 besar afc tanpa naturalisasi cuma level aff kitagaruda timnas indonesia update score bola gibolofficial,2025-05-08 23:41:19+00:00,information
1920020377624867326,"berita terbaru menyatakan, pascal struijk tidak akan dapat membela timnas indonesia dalam pertandingan melawan china di kualifikasi piala dunia 2026. penyebabnya beragam, bisa jadi masalah administratif terkait proses naturalisasi.",2025-05-07 07:38:24+00:00,information
1927177120066716152,video: komisi x dpr setujui naturalisasi 4 pesepakbola timnas indonesia putri,2025-05-27 01:36:45+00:00,information
1928028090841665823,resmi berganti klub! daftar 4 pemain naturalisasi timnas indonesia yang siap arungi musim 2025/2026,2025-05-29 09:58:12+00:00,information
1927268099448783280,video: sah! dpr setujui naturalisasi 4 pemain timnas indonesia putri,2025-05-27 07:38:16+00:00,information
1919939939401089315,"stop naturalisasi, pssi: timnas indonesia butuh chemistry, bukan pemain baru",2025-05-07 02:18:46+00:00,information
1920992169944318177,"calon naturalisasi timnas indonesia ini resmi teken kontrak profesional di fc volendam, siap ramaikan eredivisie",2025-05-09 23:59:58+00:00,information
1926973556987928851,"breaking news! � ""selamat datang di timnas indonesia! dirjen ahu widodo resmi umumkan akan naturalisasi 4 atlet sepak bola perempuan keturunan indonesia-belanda kementerianhukum layananhukummakinmudah ahulink bhpmakassar",2025-05-26 12:07:52+00:00,information
1925130832605589679,"tadi sempet dengerin radio, beritanya ngomongin kalo media china komen tentang sepak bola indonesia yang taktiknya kebaca dengan pake banyak pemain naturalisasi. kayanya menarik nih",2025-05-21 10:05:32+00:00,information
1971622802366275706,pemain naturalisasi sudah beri standar baru di timnas indonesia. kini giliran pemain lokal unjuk gigi buktikan kualitas! beritabola timnasindonesia,2025-09-26 17:08:01+00:00,information
1971842642372972736,"timnas indonesia tidak peduli naturalisasi atau lokal, yang penting bisa tunjukkan taringnya! beritabola timnasindonesia",2025-09-27 07:41:35+00:00,information
1971594386476822786,"garuda jaga identitas, naturalisasi timnas indonesia hanya untuk darah keturunan. itu bedanya dengan negeri tetangga. beritabola timnasindonesia naturalisasi sports",2025-09-26 15:15:06+00:00,information
1971742242147913737,naturalisasi pemain timnas indonesia timnasindonesia naturalisasi beritabola,2025-09-27 01:02:38+00:00,information
1971842308674035767,"naturalisasi atau lokal, timnas indonesia butuh pemain yang bisa tunjukkan taringnya! beritabola timnasindonesia",2025-09-27 07:40:16+00:00,information
1972115763176919462,pemain naturalisasi jadi kunci perubahan positif di timnas indonesia. beritabola timnasindonesia,2025-09-28 01:46:52+00:00,information
1972328818397597957,"era erick thohir membawa perubahan dalam proses naturalisasi pemain timnas indonesia, dengan fokus pada pengembangan pemain yang berkualitas dan berintegritas. berita diaspora timnasindonesia altet",2025-09-28 15:53:29+00:00,information
1972515723055628428,"perjalanan pemain keturunan masuk ke timnas indonesia tidak terjadi dalam semalam. butuh waktu, proses, dan berbagai fase trial and error sebelum akhirnya naturalisasi kini berjalan lebih cepat, mudah, dan transparan. pegadaianchampionship fulltime beritasepakbola olotogel",2025-09-29 04:16:10+00:00,information
1972325849199448552,"naturalisasi pemain timnas indonesia semakin efektif di era erick thohir, dengan proses lebih cepat dan hasil yang langsung terasa di lapangan. berita diaspora timnasindonesia atlet",2025-09-28 15:41:41+00:00,information
1966677129627893852,"dari elkan baggott hingga adrian wibowo sejak 2021, pssi berhasil menggaet 23 pesepakbola keturunan indonesia di luar negeri untuk membela timnas senior. mayoritas menjadi wni melalui proses naturalisasi, sementara lainnya berstatus kewarganegaraan ganda terbatas.",2025-09-13 01:35:41+00:00,information
1965684156823937030,"ketua umum pssi, erick thohir, secara tegas menyatakan bahwa proses naturalisasi pemain untuk timnas indonesia telah berakhir. keputusan ini diambil setelah dua pemain keturunan, mauro zijlstra dan miliano jonathans, resmi melengkapi skuad garuda yang akan bertarung di putaran keempat kualifikasi piala dunia 2026. zijlstra dan miliano dinaturalisasi karena memiliki garis keturunan dari kakek-nenek mereka. keduanya menambah deretan pemain diaspora yang kini mengisi berbagai posisi di timnas, dari lini belakang hingga lini depan. sindonews sindonewscom sindnewsbeyondheadlines sindonewstv inewsmediagroup beritaviral beritaterkini pssi erickthohir naturalisasipemain maurozijlstradanmilianojonathans",2025-09-10 07:49:58+00:00,information
1963147953553477958,"milliano jonathans resmi menjadi wni usai melakukan sumpah janji wni di kantor kementerian hukum, jakarta. menteri hukum, supratman andi agtas mengatakan proses naturalisasi ini bagian dari mendukung program besar timnas indonesia salah satunya menuju piala dunia 2026, rabu (03/09). irf beritaelshinta",2025-09-03 07:52:00+00:00,information
1963992688077779356,"penuh waktu, timnas indonesia menang atas chinese taipei dalam laga fifa matchday. tampil ciamik dengan pemain naturalisasi baru.",2025-09-05 15:48:40+00:00,information
1971434242338083248,"timnas uae kembali kedatangan pemain naturalisasi baru oumar traore resmi terdata di platform fifa, dan membuat dia eligible untuk membela timnas uae. paling dekat di round 4 world cup qualifiers oumar yang baru berusia 23 th sudah pernah membela mali sebanyak 3x tapin",2025-09-26 04:38:45+00:00,information
1972115708642517193,"dampak signifikan terlihat, pemain naturalisasi bantu timnas indonesia bersaing. beritabola timnasindonesia",2025-09-28 01:46:39+00:00,information
1972115650622771284,"timnas indonesia makin kuat, pemain naturalisasi buktikan kualitasnya. beritabola timnasindonesia",2025-09-28 01:46:25+00:00,information
1972115469730828668,pemain naturalisasi berikan dampak signifikan bagi timnas indonesia. beritabola timnasindonesia,2025-09-28 01:45:42+00:00,information
1972329509014876290,"proses naturalisasi pemain timnas indonesia sebelum era erick thohir seringkali menimbulkan pertanyaan, namun kini prosesnya menjadi lebih jelas dan transparan. berita diaspora timnasindonesia altet",2025-09-28 15:56:13+00:00,information
1971838320427897172,"kronologi kasus ezra walian: - 2017: ezra (kelahiran belanda, keturunan indonesia) dinaturalisasi jadi wni dan dipanggil timnas indonesia. - maret 2019: dipanggil untuk kualifikasi piala asia u-23. afc minta dokumen naturalisasi pssi. - fifa tolak karena ezra pernah main untuk timnas belanda u-17 di kompetisi resmi uefa, melanggar aturan pergantian asosiasi (statuta fifa pasal 5 ayat 2). - pssi ajukan banding, tapi gagal. ezra tak bisa main di kualifikasi. - 2021: fifa akhirnya setujui perubahan asosiasi, ezra boleh bela indonesia. pssi hormati putusan, tak ada denda besar.",2025-09-27 07:24:25+00:00,information
1965082432354566472,"masalah finishing timnas indonesia memang kronis. solusi potensial: intensifkan latihan penyelesaian akhir seperti disarankan patrick kluivert, perbaiki mental pemain (gerald vanenburg soroti ini di laga vs laos), naturalisasi striker tajam seperti ole romeny, dan kembangkan talenta muda melalui akademi. butuh komitmen jangka panjang dari pssi.",2025-09-08 15:58:55+00:00,information
1972329331050635562,"erick thohir membawa angin segar dalam proses naturalisasi pemain timnas indonesia, dengan penekanan pada kualitas dan kontribusi pemain. berita diaspora timnasindonesia altet",2025-09-28 15:55:31+00:00,information
1963903683688825183,striker naturalisasi baru mauro zijlstra berpeluang untuk melakoni debut sebagai starter. pemain berusia 20 tahun yang baru saja resmi menjadi wni itu diharapkan bisa menjadi mesin gol baru bagi skuad garuda.,2025-09-05 09:55:00+00:00,information
1964244790650007856,"calon penggawa anyar timnas indonesia, adrian wibowo menyatakan rasa ketidaksabarannya untuk segera debut bersama timnas indonesia. cocoknya langsung ke senior atau kelompok umur dulu nih, sob? bolaskorcom adrianwibowo timnasday timnasindonesia naturalisasi fifamatchday",2025-09-06 08:30:26+00:00,information
1964691130467102910,"ketum pssi, erick thohir, menjelaskan proses naturalisasi adrian wibowo dan peluang debutnya bersama timnas indonesia melawan lebanon. semoga berjalan lancar ya, sob! bolaskorcom adrianwibowo erickthohir pssi timnasindonesia",2025-09-07 14:04:02+00:00,information
1964628555515801963,"berdasarkan daftar skuad timnas indonesia senior terbaru untuk fifa matchday september 2025, terdapat 15 pemain naturalisasi dari total 27 pemain, atau sekitar 55,6%. daftar bisa berubah jika ada penambahan.",2025-09-07 09:55:23+00:00,information
1962394997413568530,"perkuat timnas hoki es indonesia, pemerintah naturalisasi 4 atlet asal rusia empat atlet warga negara rusia, yakni evgenii nurislamov, savelii molchanov, artem bezrukov dan adel khabibullin telah resmi menyandang status warga negara indonesia (wni). mereka pun siap bergabung untuk memperkuat tim nasional indonesia cabang olahraga hoki es. keempat atlet hoki es itu secara resmi mendapatkan kewarganegaraan indonesia setelah pengambilan sumpah dan janji setia pewarganegaraan melalui mekanisme naturalisasi. direktur jenderal administrasi hukum umum (dirjen ahu) kementerian hukum (kemenkum) republik indonesia, widodo, mengatakan pemerintah indonesia akan terus berkomitmen dalam pengembangan olahraga nasional melalui pencarian bibit unggul di dalam negeri dan naturalisasi. ""momentum ini bukan hanya sekedar tentang perubahan status kewarganegaraan semata, namun juga tentang harapan dan cita-cita besar dalam rangka membangun kemajuan indonesia dan terus berjuang untuk prestasi demi bangsa yang kita cintai,"" kata widodo, saat pengambilan sumpah di jakarta, minggu (31/8/25). widodo menjelaskan, naturalisasi atlet telah diatur dalam undang-undang nomor 12 tahun 2006 tentang kewarganegaraan republik indonesia, di mana dalam hal ini pewarganegaraan dilakukan melalui mekanisme kepentingan negara atau bagi orang asing yang telah berjasa bagi negara. artinya, berbeda dengan sepakbola yang diatur dalam statuta fifa, di mana calon pemain naturalisasi harus punya garis keturunan minimal dari generasi kakek dan neneknya.",2025-09-01 06:00:01+00:00,information
1972329180340863052,"dengan erick thohir sebagai menpora, proses naturalisasi pemain timnas indonesia menjadi lebih profesional dan berorientasi pada kesuksesan tim. berita diaspora timnasindonesia altet",2025-09-28 15:54:55+00:00,information
1962521376889430112,"fc volendam resmi melepas pemain naturalisasi, mauro zijlstra, ke timnas indonesia pada pertandingan september ini. merona4d",2025-09-01 14:22:12+00:00,information
1962361270616932545,gagal lolos ke piala dunia 2026: 1. ganti pelatih timnas 2. bukan harus menghentikan program naturalisasi program naturalisasi hrs berjalan hingga thn 2130 komisi xiii dpr ri timnas indonesia update score bola gibolofficial,2025-09-01 03:46:00+00:00,information
1965614566131618081,"erick thohir stop naturalisasi baru, anggap liga dan diaspora sudah cukup untuk timnas indonesia ketua umum pssi, erick thohir, menegaskan bahwa proses penambahan pemain naturalisasi untuk timnas indonesia sudah berakhir.",2025-09-10 03:13:26+00:00,information
1963171171832381557,"resmi wni, pssi umumkan naturalisasi miliano jonathan, langsung bela timnas indonesia?",2025-09-03 09:24:15+00:00,information
1963838340685537416,"kabar gembira buat pecinta sepak bola tanah air! adrian wibowo, pemain muda potensial yang merumput di amerika serikat, resmi memilih untuk membela timnas indonesia. dengan status kewarganegaraan ganda, adrian bisa membela garuda tanpa proses naturalisasi. kini, publik menanti kontribusinya untuk memperkuat lini serang skuad merah putih, swipe untuk tahu selengkapnya! news berita indonesia",2025-09-05 05:35:21+00:00,information
1963377631505838209,"adrian wibowo beda bisa gabung timnas indonesia tanpa proses naturalisasi, bocoran erick thohir via",2025-09-03 23:04:39+00:00,information
1965613025827942470,"ketua umum pssi, erick thohir, menegaskan bahwa proses penambahan pemain naturalisasi untuk timnas indonesia sudah berakhir. erickthohir timnasindonesia naturalisasi sepakbolaindonesia ligaindonesia diasporaindonesia garudamuda kabarolahraga pssi pssirevolusi",2025-09-10 03:07:19+00:00,information
1963778768339927182,pemerintah resmi naturalisasi miliano jonathans sebagai wni! sebuah langkah strategis untuk melengkapi skuad dan daya serang timnas indonesia di kancah dunia. simak alur prosesnya berikut ini.,2025-09-05 01:38:38+00:00,information
1963066122380464218,"mengejutkan! winger lafc, adrian wibowo (19), resmi dipanggil timnas indonesia untuk fifa matchday september 2025 meski belum naturalisasi. baca selengkapnya timnasindonesia adrianwibowo lafc fifamatchday sepakbola",2025-09-03 02:26:50+00:00,information
1963573013514785274,ini alasan adrian wibowo langsung bisa perkuat timnas indonesia tanpa proses naturalisasi,2025-09-04 12:01:02+00:00,information
1963538182202622374,pssi beri kabar terbaru soal naturalisasi adrian wibowo untuk memperkuat timnas indonesia. nantikan perkembangan selanjutnya! baca selengkapnya:,2025-09-04 09:42:38+00:00,information
1965353296081863003,"profil berlian rp29,55 m: bintang liga 2 jerman yang layak jadi opsi naturalisasi timnas indonesia bintangliga timnasindonesia beritaterkini",2025-09-09 09:55:14+00:00,information
1966084630068818341,"pssi setop naturalisasi pemain timnas indonesia, erick thohir: diaspora sudah komplet!",2025-09-11 10:21:18+00:00,information
1966290664246882627,"ketua pssi erick thohir tegaskan timnas indonesia cukup dengan pemain lokal dan diaspora, tanpa tambahan naturalisasi. baca informasinya di bawah!",2025-09-12 00:00:00+00:00,information
1963437109554901287,pemain los angeles fc ini bisa langsung bela timnas indonesia tanpa proses naturalisasi. bolaskorcom timnasindonesia losangelesfc adrianwibowo,2025-09-04 03:01:00+00:00,information
1962908516827517162,"pemain naturalisasi baru tiba di surabaya, timnas indonesia kini berkekuatan 28 orang jelang fifa matchday",2025-09-02 16:00:34+00:00,information
1977138511649423573,supporter timnas naturalisasi biar pada melek sadar diri kalo pssi itu bagian dari rezim bobrok jadi aneh kalo masih ngimpi mau ikut piala dunia ~,2025-10-11 22:25:29+00:00,information
1978820399057051973,"bek naturalisasi timnas indonesia, calvin verdonk, buka suara usai mencuatnya berbagai komentar negatif soal ketua umum pssi, erick thohir. dalam unggahannya di media sosial, ia menyampaikan rasa terima kasih sekaligus pandangannya terhadap situasi yang tengah ramai.",2025-10-16 13:48:42+00:00,information
1975236175939219861,"mimpi vs berkhayal mimpi adalah visi, yg digapai dg perencanaan matang, berjenjang, dan berkesinambungan. contoh jepang dan korea timnas bukan mimpi, tapi berkhayal masuk piala dunia dg naturalisasi negeri ini emang penuh sensasi, padahal proses menentukan hasil",2025-10-06 16:26:17+00:00,information
1977397188566077915,pengen tahu deh caranya menpora memberi penilaian ke ketum pssi terkait pergantian pelatih yang gagal (sty- kluivert) dan cara instan (naturalisasi) yang gagal bawa timnas indonesia ke piala dunia 2026.,2025-10-12 15:33:22+00:00,information
1978596045836939413,"satu lagi 's' yang dimaksud andre rosiade adalah seorang wanita, tapi identitasnya masih misteri dan belum diungkap secara publik. ia disebut berpengaruh di internal timnas indonesia, khususnya urusan naturalisasi pemain, bersama soufian asafiati dari maroko. tuduhan ini berdasarkan info orang dalam, tapi pssi belum beri tanggapan resmi.",2025-10-15 22:57:12+00:00,information
1978615038165528688,"susie hatadji adalah profesional bisnis yang dekat dengan erick thohir, ketua umum pssi, dan sering disebut sebagai tangan kanannya dalam urusan sepak bola indonesia. ia terlibat dalam pengelolaan data pemain naturalisasi timnas, termasuk koordinasi dengan klub luar negeri. banyak spekulasi netizen menudingnya sebagai 's' kedua yang dimaksud andre rosiade, tapi ini masih dugaan tanpa konfirmasi resmi dari pssi atau pihaknya. sumber: media lokal seperti tribunnews dan disway.",2025-10-16 00:12:40+00:00,information
1977263889391009955,"ekspektasi realita penggemar bola sering menempatkan ekspektasi berlebihan, walaupun realita persiapan tim yg tidak ideal. dulu, penggemar/fens pesimis kalo timnas bisa lanjut round 4 pildun. begitu lolos, mereka terlalu euforia memuji membela proses naturalisasi.",2025-10-12 06:43:41+00:00,information
1978991765635174734,"menurut aturan pnbp 2024, biaya naturalisasi biasa untuk wna rp50 juta per permohonan. untuk kasus khusus seperti anak berkewarganegaraan ganda atau keturunan, bisa rp5 juta. pssi menyatakan tidak ada biaya transfer atau bayaran khusus untuk pemain timnas, karena mereka bergabung atas dasar komitmen. detail bisa cek di situs kemenkumham.",2025-10-17 01:09:39+00:00,information
1977199170726556123,"proses naturalisasi pemain belanda untuk timnas indonesia umumnya tanpa bayaran langsung kepada pemain; mereka bergabung sukarela, tapi pssi tanggung biaya administrasi. ada kontrak dengan klub jika bermain di liga lokal, dan tunjangan untuk tugas timnas. secara resmi, mereka tidak pegang dua paspor karena indonesia tak izinkan kewarganegaraan ganda, meski ada klaim sebaliknya yang dibantah pssi.",2025-10-12 02:26:31+00:00,information
1973274516060250228,dpr ungkap warga biasa sulit dapat wni tapi naturalisasi timnas cepat,2025-10-01 06:31:20+00:00,information
1978829622726078672,"ya, sebagai ketua umum pssi, erick thohir memang mengarahkan program naturalisasi pemain seperti jay idzes dan calvin verdonk untuk memperkuat timnas indonesia. proses ini bagian dari strategi pssi guna meningkatkan kualitas skuad nasional. pemain tersebut sendiri membela erick thohir di tengah kritik pasca-gagal lolos piala dunia 2026, menegaskan komitmen mereka. lebih baik tanya fakta daripada spekulasi muter-muter.",2025-10-16 14:25:21+00:00,information
1983740192977777013,"kabar menarik datang untuk timnas indonesia, penyerang andalan malud united, ciro alves tengah menjadi sorotan karena kabarnya mempertimbangkan proses naturalisasi dan menetap di indonesia. ciroalves timnasindonesia",2025-10-30 03:38:12+00:00,information
1977593518123286894,"sejarah baru timnas indonesia di kualifikasi piala dunia 2026 timnas indonesia, pssi, kualifikasi piala dunia 2026, patrick kluivert, erick thohir, pemain naturalisasi, sepak bola indonesia, evaluasi pssi, strategi timnas indonesia",2025-10-13 04:33:31+00:00,information
1978249557549977770,"ya gak usah ada pssi sekalian, ya gak usah ada sepak bola indonesia sekalian, yak gak usah sok sok an punya liga walau bobrok sekalian, ya gak usah ada naturalisasi sekalian kan mmg belum layak dan belum becus main bola, apalagi gak punya mimpi dan tujuan yang jelas...",2025-10-15 00:00:23+00:00,information
1980274401531850913,"bek naturalisasi timnas indonesia, calvin verdonk, akhirnya buka suara usai mencuatnya berbagai komentar negatif soal ketua umum pssi, erick thohir. dalam unggahannya di media sosial, daftar main sekarang:",2025-10-20 14:06:23+00:00,information
